,place_code,ItemID,address,local,category
0,STORE_SB0001,성북동메밀수제비누룽지백숙,서울 성북구 성북로31길 9,(지번) 성북동 281-1,닭요리
1,STORE_SB0002,성북동빵공장,서울 성북구 대사관로 40 B동 1~3층,(지번) 성북동 330-105,디저트카페
2,STORE_SB0003,나폴레옹제과점 본점,서울 성북구 성북로 7,(지번) 성북동1가 35-5,"제과,베이커리"
3,STORE_SB0004,빙수야,서울 성북구 종암로38길 16,(지번) 하월곡동 90-55,떡볶이
4,STORE_SB0005,성북동면옥집,서울 성북구 대사관로 40,(지번) 성북동 330-105,냉면
5,STORE_SB0006,한상차림밥상,서울 성북구 고려대로8길 35,(지번) 안암동3가 9,한식
6,STORE_SB0007,블랑제메종북악,서울 성북구 성북로 156,(지번) 성북동 270-1,디저트카페
7,STORE_SB0008,공푸,서울 성북구 삼선교로24길 29,(지번) 삼선동5가 299-10,중화요리
8,STORE_SB0009,한스갤러리,서울 성북구 정릉로10길 127,(지번) 정릉동 918,이탈리안
9,STORE_SB0010,수연산방,서울 성북구 성북로26길 8,(지번) 성북동 248,전통찻집
10,STORE_SB0011,팔백집,서울 성북구 보문로30길 46,(지번) 동선동2가 172,갈비
11,STORE_SB0012,금왕돈까스 본점,서울 성북구 성북로 138,(지번) 성북동 256-2,"돈까스,우동"
12,STORE_SB0013,쌍다리돼지불백 본점,서울 성북구 성북로23길 4,(지번) 성북동 109-2,기사식당
13,STORE_SB0014,태조감자국,서울 성북구 보문로34길 43 세학빌딩 1층,(지번) 동선동1가 49,감자탕
14,STORE_SB0015,이공김밥 안암본점,서울 성북구 안암로 61-6,(지번) 안암동5가 134-94,분식
15,STORE_SB0016,안동반점,서울 성북구 고려대로1길 35-1,(지번) 보문동1가 53,중화요리
16,STORE_SB0017,수아당,"서울 성북구 동소문로20가길 33 1,2층",(지번) 동선동1가 111,분식
17,STORE_SB0018,고른햇살,서울 성북구 개운사길 27,(지번) 안암동5가 147-5,분식
18,STORE_SB0019,문화식당,서울 성북구 보문로30나길 37 지하1층,(지번) 동선동2가 150,퓨전요리
19,STORE_SB0020,갈비명가이상 길음신관,서울 성북구 정릉로 395,(지번) 하월곡동 221,갈비
20,STORE_SB0021,장위동유성집 본점,"서울 성북구 화랑로 118 2, 3층",(지번) 하월곡동 13-26,"육류,고기"
21,STORE_SB0022,해로커피,서울 성북구 성북로 19-3 1층,(지번) 성북동1가 66,커피전문점
22,STORE_SB0023,청년밥상문간,서울 성북구 보국문로11길 18-2 2층,(지번) 정릉동 398-12,"찌개,전골"
23,STORE_SB0024,애정마라샹궈 본점,서울 성북구 동소문로20나길 11 2층,(지번) 동선동1가 2-6,중식
24,STORE_SB0025,우리할매떡볶이 정릉점,서울 성북구 보국문로 45 1층 4호,(지번) 정릉동 400-25,떡볶이
25,STORE_SB0026,최고당돈가스 성신여대점,서울 성북구 보문로34길 77 1층,(지번) 동선동1가 84-1,"돈까스,우동"
26,STORE_SB0027,알렉스더커피 성북점,서울 성북구 성북로28길 9,(지번) 성북동 260-38,커피전문점
27,STORE_SB0028,제순식당 성신여대본점,서울 성북구 동소문로20다길 30-8,(지번) 동선동1가 85-94,한식
28,STORE_SB0029,청수장,서울 성북구 정릉로 237-2 1층,(지번) 정릉2동 416-27,"육류,고기"
29,STORE_SB0030,우정초밥,서울 성북구 종암로3길 31 1층,(지번) 종암동 33-14,"초밥,롤"
30,STORE_SB0031,라라면가,서울 성북구 동소문로22길 57-25,(지번) 동선동2가 135-8,중식
31,STORE_SB0032,드림랜드,서울 성북구 월계로 166,(지번) 장위동 218-25,분식
32,STORE_SB0033,갈비명가이상 돈암본관,서울 성북구 정릉로 364,(지번) 돈암동 12-8,갈비
33,STORE_SB0034,한상,서울 성북구 화랑로 248 장위뉴타워 13층,(지번) 석관동 349-1,한정식
34,STORE_SB0035,427월곡닭갈비,서울 성북구 화랑로 170,(지번) 상월곡동 25-15,닭요리
35,STORE_SB0036,창신동매운족발 본점1호점,서울 성북구 한천로78길 57,(지번) 석관동 133-57,"족발,보쌈"
36,STORE_SB0037,동선식당,서울 성북구 보문로30라길 9 1층,(지번) 동선동2가 65,갈비
37,STORE_SB0038,폴드커피,"서울 성북구 종암로 214-3 1,2층",(지번) 하월곡동 133,카페
38,STORE_SB0039,장수감자탕,서울 성북구 도봉로3길 9-10,(지번) 길음동 489-58,감자탕
39,STORE_SB0040,버거파크 성신여대점,서울 성북구 동소문로22길 56 1층,(지번) 동선동2가 10,햄버거
40,STORE_SB0041,국시집,서울 성북구 창경궁로43길 9,(지번) 성북동1가 9,국수
41,STORE_SB0042,오박사네왕돈까스,서울 성북구 혜화로 80,(지번) 성북동 131-32,"돈까스,우동"
42,STORE_SB0043,커피명가 안암점,서울 성북구 안암로5길 40 java빌딩 1층,(지번) 안암동4가 8,카페
43,STORE_SB0044,그레도제빵사,서울 성북구 화랑로 304,(지번) 석관동 168-76,"제과,베이커리"
44,STORE_SB0045,스프레드,서울 성북구 성북로6가길 1 1층,(지번) 성북동 184-37,"제과,베이커리"
45,STORE_SB0046,성북동집,서울 성북구 성북로24길 4,(지번) 성북동 91,국수
46,STORE_SB0047,윤휘식당,서울 성북구 보문로34길 70 2층,(지번) 동선동2가 135-21,일식
47,STORE_SB0048,우주제빵소,"서울 성북구 성북로28길 13 지하1층,1,2층",(지번) 성북동 260-9,"제과,베이커리"
48,STORE_SB0049,서울왕돈까스 성북동본점,서울 성북구 창경궁로35다길 140,(지번) 성북동 131-85,"돈까스,우동"
49,STORE_SB0050,마몽함박,서울 성북구 보국문로 92,(지번) 정릉동 289-50,"스테이크,립"
50,STORE_SB0051,구포국수,서울 성북구 성북로 52-1,(지번) 성북동 170-41,국수
51,STORE_SB0052,더홈서울,서울 성북구 고려대로1길 87,(지번) 삼선동5가 357,커피전문점
52,STORE_SB0053,남해바다마차,서울 성북구 한천로78길 71,(지번) 석관동 133-62,회
53,STORE_SB0054,두부촌,서울 성북구 안암로 43,(지번) 안암동5가 110-135,두부전문점
54,STORE_SB0055,군자대한곱창 성신여대점,서울 성북구 동소문로20다길 15 1층,(지번) 동선동1가 3-4,"곱창,막창"
55,STORE_SB0056,카페루틴,서울 성북구 보문로34가길 6 1층,(지번) 동선동3가 230,카페
56,STORE_SB0057,시장떡볶이,서울 성북구 돌곶이로22가길 27,(지번) 석관동 270-1,떡볶이
57,STORE_SB0058,성북동돼지갈비 본점,서울 성북구 성북로 115,(지번) 성북동 114-2,갈비
58,STORE_SB0059,야마토텐동,서울 성북구 고려대로28길 2 1층,(지번) 안암동5가 93-15,일식
59,STORE_SB0060,포도집,서울 성북구 정릉로32길 4 1층,(지번) 정릉동 132-2,이탈리안
60,STORE_SB0061,동우설렁탕 본점,서울 성북구 개운사길 45,(지번) 안암동5가 15-25,설렁탕
61,STORE_SB0062,가부,서울 성북구 보문로 182 1층,(지번) 삼선동4가 351-3,중화요리
62,STORE_SB0063,백소정,서울 성북구 개운사길 30 2층,(지번) 안암동5가 15-57,"돈까스,우동"
63,STORE_SB0064,바람난오리궁뎅이,서울 성북구 보국문로29길 15,(지번) 정릉동 767-4,오리
64,STORE_SB0065,밀곳간,서울 성북구 성북로18길 19,(지번) 성북동 63-1,"제과,베이커리"
65,STORE_SB0066,보배반점 성신여대직영점,서울 성북구 보문로34길 39 백옥빌딩 1층,(지번) 동선동1가 48,중화요리
66,STORE_SB0067,일번지정육식당 돌곶이직영점,서울 성북구 화랑로 254,(지번) 석관동 242-1,"육류,고기"
67,STORE_SB0068,죠셉의커피나무,서울 성북구 성북로31길 65,(지번) 성북동 350-3,커피전문점
68,STORE_SB0069,김통,서울 성북구 동소문로 124 1층,(지번) 동선동1가 120-14,"육류,고기"
69,STORE_SB0070,추억의옛날떡볶이,서울 성북구 동소문로22길 39-5,(지번) 동선동1가 85-103,떡볶이
70,STORE_SB0071,옛날중국집,서울 성북구 성북로8길 8,(지번) 성북동 184-2,중화요리
71,STORE_SB0072,정이정,서울 성북구 종암로 82-15,(지번) 종암동 10-101,카페
72,STORE_SB0073,제주고깃집 성북구청점,서울 성북구 보문로 144,(지번) 보문동1가 9-8,"육류,고기"
73,STORE_SB0074,보문골한옥집,서울 성북구 고려대로2길 77,(지번) 보문동4가 62,한식
74,STORE_SB0075,자연에서왔소 본점,서울 성북구 성북로 36 1층,(지번) 성북동 177-36,"육류,고기"
75,STORE_SB0076,조비스그릴 성북점,서울 성북구 성북로 110,(지번) 성북동 97-30,아시아음식
76,STORE_SB0077,유자유김치떡볶이 본점,서울 성북구 고려대로24길 48 2층,(지번) 안암동5가 102-37,떡볶이
77,STORE_SB0078,카페비,서울 성북구 보문로30길 71,(지번) 동선동2가 121-2,카페
78,STORE_SB0079,기차순대국,서울 성북구 보국문로11길 18-6,(지번) 정릉동 398-9,순대
79,STORE_SB0080,세꼬시 쌍둥이수산 본점,서울 성북구 보문로 195,(지번) 삼선동4가 346,회
80,STORE_SB0081,모블러,서울 성북구 동소문로26다길 26,(지번) 동선동3가 28,카페
81,STORE_SB0082,성북동 이안,서울 성북구 성북로5길 29-19 1층,(지번) 성북동1가 105-11,양식
82,STORE_SB0083,오후홍콩 성신여대점,서울 성북구 동소문로24가길 16,(지번) 동선동1가 85-115,카페
83,STORE_SB0084,종로곱창철판닭갈비,서울 성북구 동소문로6길 8,(지번) 동소문동2가 43,"곱창,막창"
84,STORE_SB0085,원조한방삼계탕,서울 성북구 고려대로1길 92,(지번) 삼선동5가 369,삼계탕
85,STORE_SB0086,로스디아스,서울 성북구 동소문로22길 67 2층,(지번) 동선동2가 82,카페
86,STORE_SB0087,롤링파스타 성신여대점,서울 성북구 동소문로22길 5 2층,(지번) 동선동1가 104,이탈리안
87,STORE_SB0088,삼성통닭 본점,서울 성북구 고려대로24길 60,(지번) 안암동5가 104-41,치킨
88,STORE_SB0089,두껍다회선생 성북동점,서울 성북구 성북로 24 1층,(지번) 성북동 184-84,회
89,STORE_SB0090,국화정원,서울 성북구 성북로 154,(지번) 성북동 264,한식
90,STORE_SB0091,정지춘설렁탕,서울 성북구 화랑로40길 46,(지번) 석관동 133-26,설렁탕
91,STORE_SB0092,커피매터스,서울 성북구 동소문로10길 19-1,(지번) 삼선동4가 85,카페
92,STORE_SB0093,스타벅스 성신여대점,서울 성북구 동소문로24길 12,(지번) 동선동1가 92-1,커피전문점
93,STORE_SB0094,전통만두국,서울 성북구 고려대로8길 67,(지번) 안암동3가 99,한식
94,STORE_SB0095,키작은아저씨초밥,서울 성북구 동소문로24길 37,(지번) 동선동1가 85-40,"초밥,롤"
95,STORE_SB0096,우리할매떡볶이 성신여대점,서울 성북구 보문로30길 82,(지번) 동선동2가 157,떡볶이
96,STORE_SB0097,쵸이양식,서울 성북구 동소문로20나길 24 2층,(지번) 동선동1가 85-79,양식
97,STORE_SB0098,성가네낙지마을 석관점,서울 성북구 화랑로 236,(지번) 석관동 343-19,"해물,생선"
98,STORE_SB0099,숙수도가,서울 성북구 동소문로17길 28,(지번) 동소문동6가 158,"육류,고기"
99,STORE_SB0100,키나,서울 성북구 선잠로 46 1층,(지번) 성북동 31-1,퓨전한식
100,STORE_SB0101,달밝은집,서울 성북구 정릉로6길 35 1층,(지번) 정릉동 957-4,"육류,고기"
101,STORE_SB0102,메기의추억,서울 성북구 종암로 98-7,(지번) 종암동 88-10,"매운탕,해물탕"
102,STORE_SB0103,와라와라양꼬치앤훠궈,서울 성북구 동소문로20나길 32,(지번) 동선동1가 85-77,양꼬치
103,STORE_SB0104,장수식당,서울 성북구 정릉로26길 55,(지번) 정릉동 150-51,한식
104,STORE_SB0105,장원산꽃게 아구찜해물탕 월곡동본점,서울 성북구 오패산로 13,(지번) 하월곡동 67-11,"게,대게"
105,STORE_SB0106,팔백집,서울 성북구 고려대로27길 3,(지번) 안암동5가 101-119,갈비
106,STORE_SB0107,오버스토리 성북,서울 성북구 선잠로2다길 13-13 지하1층,(지번) 성북동 8-28,카페
107,STORE_SB0108,그릭데이 성신여대점,서울 성북구 보문로34길 64 1층,(지번) 동선동2가 135-30,디저트카페
108,STORE_SB0109,착한돼지집,서울 성북구 삼선교로 55,(지번) 삼선동4가 38-5,한식
109,STORE_SB0110,맥도날드 종암SK점,서울 성북구 종암로 58,(지번) 종암동 10-15,패스트푸드
110,STORE_SB0111,그릴1492 성신여대 직영점,서울 성북구 아리랑로2길 5,(지번) 동선동4가 17,"육류,고기"
111,STORE_SB0112,풍년상회쪽갈비 성내동직영점,서울 성북구 돌곶이로 154,(지번) 장위동 75-429,갈비
112,STORE_SB0113,비양도,서울 성북구 성북로 158,(지번) 성북동 271-1,일식
113,STORE_SB0114,우토,서울 성북구 보문로30길 33,(지번) 동선동2가 54-1,일본식주점
114,STORE_SB0115,푸른농장정육식당,서울 성북구 보문로 181,(지번) 삼선동4가 333-1,"육류,고기"
115,STORE_SB0116,길음모소리,서울 성북구 삼양로 13 1층,(지번) 길음동 1258,"육류,고기"
116,STORE_SB0117,보배반점 하월곡본점,서울 성북구 종암로 184,(지번) 하월곡동 90-1695,중식
117,STORE_SB0118,광명수산,서울 성북구 동소문로 125,(지번) 동선동4가 111-1,회
118,STORE_SB0119,성북동소곱창,서울 성북구 성북로 57-1,(지번) 성북동 133-57,"곱창,막창"
119,STORE_SB0120,옛날농장 미아현대점,서울 성북구 동소문로 325,(지번) 길음동 21,"육류,고기"
120,STORE_SB0121,백두한우곱창전문,서울 성북구 보문로 55 1층,(지번) 보문동7가 30,"곱창,막창"
121,STORE_SB0122,신사소곱창 석관점,서울 성북구 한천로76다길 43,(지번) 석관동 133-45,"곱창,막창"
122,STORE_SB0123,상미규카츠,서울 성북구 동소문로20길 39,(지번) 동선동1가 75,일식
123,STORE_SB0124,성북면가,서울 성북구 동소문로 67,(지번) 동소문동4가 269,냉면
124,STORE_SB0125,발효명가기와집갈비,서울 성북구 화랑로25길 18,(지번) 장위동 66-322,갈비
125,STORE_SB0126,파세로,서울 성북구 동소문로23길 8-15,(지번) 동선동4가 154,이탈리안
126,STORE_SB0127,일일커피,서울 성북구 삼양로 27,(지번) 길음동 1249,카페
127,STORE_SB0128,문화식당,서울 성북구 혜화로 88 2층,(지번) 성북동 122-7,이탈리안
128,STORE_SB0129,대한맥주집 성신여대직영점,서울 성북구 동소문로24길 49,(지번) 동선동1가 85-55,치킨
129,STORE_SB0130,스타벅스 성신여대정문,서울 성북구 보문로34길 62,(지번) 동선동2가 134,커피전문점
130,STORE_SB0131,째즈스토리,서울 성북구 혜화로 88,(지번) 성북동 122-7,라이브카페
131,STORE_SB0132,창신동매운족발 석계점,서울 성북구 한천로78길 52,(지번) 석관동 131-10,"족발,보쌈"
132,STORE_SB0133,카페1976,서울 성북구 도봉로 1,(지번) 길음동 22-1,디저트카페
133,STORE_SB0134,스타벅스 길음역점,서울 성북구 정릉로 376,(지번) 돈암동 625-2,커피전문점
134,STORE_SB0135,샤뽀블랑,서울 성북구 성북로 60 1층,(지번) 성북동 161-14,"제과,베이커리"
135,STORE_SB0136,긴자료코 성신여대점,서울 성북구 보문로34가길 5 1층,(지번) 동선동3가 243,일식
136,STORE_SB0137,스타벅스 종암DT점,서울 성북구 종암로 17,(지번) 종암동 29-10,커피전문점
137,STORE_SB0138,디어브레드 고대점,서울 성북구 개운사1길 29,(지번) 안암동5가 101-82,"제과,베이커리"
138,STORE_SB0139,사계진미숯불닭갈비 성신여대역점,서울 성북구 동소문로20길 29-17 1층,(지번) 동선동1가 4-4,닭요리
139,STORE_SB0140,불맛나는직화짬뽕전문점 장위점,서울 성북구 돌곶이로 105 1층,(지번) 장위동 64-8,중화요리
140,STORE_SB0141,삼청각 일화당(2021년7월31일까지임시휴업),서울 성북구 대사관로 3,(지번) 성북동 330-115,한식
141,STORE_SB0142,혜화면옥,서울 성북구 보문로 193-1,(지번) 삼선동4가 345-1,냉면
142,STORE_SB0143,모던바이츠,서울 성북구 보문로32길 69,(지번) 동선동2가 142-3,"제과,베이커리"
143,STORE_SB0144,카페동선동,서울 성북구 동소문로 129-2,(지번) 동선동4가 122-3,디저트카페
144,STORE_SB0145,이태리총각 성북동점,서울 성북구 고려대로5길 85,(지번) 삼선동5가 398,이탈리안
145,STORE_SB0146,피카커피,서울 성북구 고려대로30길 29,(지번) 안암동5가 76-1,커피전문점
146,STORE_SB0147,네이버후드,서울 성북구 대사관로 133,(지번) 성북동 15-23,카페
147,STORE_SB0148,미아리우동집,서울 성북구 종암로 176,(지번) 하월곡동 90-113,국수
148,STORE_SB0149,자작나무 북악점,"서울 성북구 정릉로10길 107 1,2층",(지번) 정릉동 921,"육류,고기"
149,STORE_SB0150,대머리식당,서울 성북구 돌곶이로 162,(지번) 장위동 75-1,한식
150,STORE_SB0151,강릉메밀촌,서울 성북구 보국문로2길 1,(지번) 정릉동 164-31,한식
151,STORE_SB0152,천막집,서울 성북구 보문로30길 31,(지번) 동선동2가 53,"육류,고기"
152,STORE_SB0153,이름없는파스타 성신여대점,서울 성북구 동소문로20다길 33,(지번) 동선동1가 85-152,이탈리안
153,STORE_SB0154,성북동디너쑈,서울 성북구 창경궁로43길 6,(지번) 성북동1가 35-43,퓨전요리
154,STORE_SB0155,메리킹 서울북부점,서울 성북구 종암로 167 4층,(지번) 하월곡동 230,샤브샤브
155,STORE_SB0156,능이마을 본점,서울 성북구 돌곶이로 21 1층,(지번) 석관동 323-3,오리
156,STORE_SB0157,영순관,서울 성북구 지봉로24길 19,(지번) 보문동2가 122,중화요리
157,STORE_SB0158,온달왕돈까스치킨,서울 성북구 동소문로20가길 38,(지번) 동선동1가 92-8,"돈까스,우동"
158,STORE_SB0159,삼대족발 석관점,서울 성북구 한천로 595,(지번) 석관동 189-6,"족발,보쌈"
159,STORE_SB0160,마전터,서울 성북구 혜화로 82-2,(지번) 성북동 124-3,국밥
160,STORE_SB0161,메종드루즈,서울 성북구 보문로34길 68-5,(지번) 동선동2가 135-19,"제과,베이커리"
161,STORE_SB0162,김덕후의곱창조 성신여대점,서울 성북구 동소문로20길 37-21 1층,(지번) 동선동1가 20,"곱창,막창"
162,STORE_SB0163,소한마리정육식당 정릉점,서울 성북구 정릉로 165,(지번) 정릉동 667-1,"육류,고기"
163,STORE_SB0164,참나무닭나라,서울 성북구 동소문로8길 12,(지번) 동소문동2가 290,치킨
164,STORE_SB0165,근처식당,서울 성북구 회기로3길 2,(지번) 종암동 28-26,동남아음식
165,STORE_SB0166,화야,서울 성북구 종암로28길 7,(지번) 종암동 3-998,"육류,고기"
166,STORE_SB0167,리이케커피,서울 성북구 보문로34가길 24 1층,(지번) 동선동3가 226-1,커피전문점
167,STORE_SB0168,도쿄커틀릿,서울 성북구 동소문로22길 57-1 1층,(지번) 동선동2가 131,"돈까스,우동"
168,STORE_SB0169,오백집왕족발,서울 성북구 동소문로20길 20,(지번) 동소문동5가 111,"족발,보쌈"
169,STORE_SB0170,팬쿡,서울 성북구 동소문로24길 37 2층,(지번) 동선동1가 85-40,양식
170,STORE_SB0171,차이나칸,서울 성북구 월계로40길 7 지하1층,(지번) 장위동 316-3,중화요리
171,STORE_SB0172,바스크,서울 성북구 삼양로9길 10-2,(지번) 길음동 1171-14,카페
172,STORE_SB0173,쎄오쎄오,서울 성북구 보문로34길 56 지하1층,(지번) 동선동2가 140,베트남음식
173,STORE_SB0174,송림원,서울 성북구 동소문로 25-2,(지번) 동소문동1가 123,중화요리
174,STORE_SB0175,와플앨리,서울 성북구 고려대로28길 21,(지번) 안암동5가 86-152,"제과,베이커리"
175,STORE_SB0176,커피스토어,서울 성북구 안암로5길 72,(지번) 안암동3가 110-24,카페
176,STORE_SB0177,역전할머니맥주 성신여대점,서울 성북구 동소문로20길 37-24 1층,(지번) 동선동1가 61,"호프,요리주점"
177,STORE_SB0178,두끼 성신여대점,서울 성북구 보문로34길 59 2층,(지번) 동선동1가 79,떡볶이
178,STORE_SB0179,스시현,서울 성북구 오패산로4길 32 은혜타워 1층,(지번) 하월곡동 50-13,"초밥,롤"
179,STORE_SB0180,명문막국수,"서울 성북구 창경궁로 319 1,2층",(지번) 성북동1가 35-17,국수
180,STORE_SB0181,용초수,서울 성북구 고려대로27길 20,(지번) 안암동5가 12-70,중화요리
181,STORE_SB0182,너의냠냠버거,서울 성북구 성북로7길 4 1층,(지번) 성북동1가 115-19,햄버거
182,STORE_SB0183,대왕유통직영셀프민물장어,서울 성북구 보국문로 195,(지번) 정릉동 820-4,장어
183,STORE_SB0184,하단,서울 성북구 성북로6길 14,(지번) 성북동 184-40,한식
184,STORE_SB0185,소우락정육식당 점릉본점,서울 성북구 보국문로 69 2층,(지번) 정릉동 284-13,"육류,고기"
185,STORE_SB0186,스타벅스 고대점,서울 성북구 고려대로24길 51 1층 & 2층,(지번) 안암동5가 104-30,커피전문점
186,STORE_SB0187,1954무한등심,서울 성북구 한천로 595,(지번) 석관동 189-6,"육류,고기"
187,STORE_SB0188,펠어커피 성신여대점,서울 성북구 동소문로17길 17 1층,(지번) 동소문동6가 82,커피전문점
188,STORE_SB0189,닭만리 성신여대점,서울 성북구 보문로30라길 14 1층,(지번) 동선동2가 84,치킨
189,STORE_SB0190,살살솔트앤샐러드,서울 성북구 성북로6길 20 1층,(지번) 성북동 184-98,패스트푸드
190,STORE_SB0191,큰대문집,서울 성북구 종암로14길 6-21,(지번) 종암동 10-60,갈비
191,STORE_SB0192,달콤한위로,서울 성북구 창경궁로43길 24,(지번) 성북동1가 47,디저트카페
192,STORE_SB0193,김경환의이웃사촌,서울 성북구 화랑로 280 3층,(지번) 석관동 220-1,한정식
193,STORE_SB0194,제나키친,서울 성북구 화랑로11길 23 2층,(지번) 하월곡동 27-24,한식
194,STORE_SB0195,문가네정육식당 종암점,서울 성북구 종암로 86 1층,(지번) 종암동 14-21,"육류,고기"
195,STORE_SB0196,소르빌로1991,서울 성북구 동소문로24길 14 2층,(지번) 동선동1가 92-3,이탈리안
196,STORE_SB0197,황해옥감자탕 돈암본점,서울 성북구 보문로40길 23,(지번) 동소문동5가 52-3,감자탕
197,STORE_SB0198,카페58.4,서울 성북구 성북로16길 4-13,(지번) 성북동 58-4,카페
198,STORE_SB0199,카페온더플랜,서울 성북구 동소문로22길 39-4,(지번) 동선동1가 85-108,카페
199,STORE_SB0200,비너발트,서울 성북구 월곡로 112,(지번) 하월곡동 37-18,"호프,요리주점"
200,STORE_SB0201,비나케이크,서울 성북구 보문로30길 12 101호,(지번) 보문동1가 1-12,디저트카페
201,STORE_SB0202,한마리채서서갈비,서울 성북구 동소문로20길 37,(지번) 동선동1가 5,갈비
202,STORE_SB0203,프로마치,서울 성북구 고려대로24가길 13 1층,(지번) 안암동5가 103-149,양식
203,STORE_SB0204,투썸플레이스 성신여대점,서울 성북구 동소문로20다길 17 2층,(지번) 동선동1가 3-2,커피전문점
204,STORE_SB0205,맥도날드 안암점,서울 성북구 고려대로24길 42,(지번) 안암동5가 102-33,패스트푸드
205,STORE_SB0206,밀월,서울 성북구 동소문동4가 16,,카페
206,STORE_SB0207,아바이토종순대국 안암오거리점,서울 성북구 안암로9가길 80-17 1층,(지번) 안암동5가 134-2,순대
207,STORE_SB0208,공복,서울 성북구 장월로1길 60,(지번) 상월곡동 62,"육류,고기"
208,STORE_SB0209,유정,서울 성북구 북악산로29길 7,(지번) 종암동 31-58,"육류,고기"
209,STORE_SB0210,더씨,서울 성북구 개운사길 8 2층,(지번) 안암동5가 101-33,중화요리
210,STORE_SB0211,와플앨리 성신여대점,서울 성북구 보문로34길 68-3 1층,(지번) 동선동2가 135-20,"제과,베이커리"
211,STORE_SB0212,우드&브릭 성북점,서울 성북구 성북로 120,(지번) 성북동 97-21,디저트카페
212,STORE_SB0213,태성사골탕,서울 성북구 화랑로33길 38,(지번) 장위동 66-13,설렁탕
213,STORE_SB0214,엠오리진,서울 성북구 삼양로 40 1층,(지번) 길음동 1158,카페
214,STORE_SB0215,섭지코지,서울 성북구 성북로 118-5,(지번) 성북동 97-24,일식
215,STORE_SB0216,짬뽕지존 성신여대점,서울 성북구 동소문로20길 40,(지번) 동소문동5가 118-6,중화요리
216,STORE_SB0217,마이버터드림,서울 성북구 고려대로 43,(지번) 안암동2가 119-19,디저트카페
217,STORE_SB0218,어흥식당 안암1호점,서울 성북구 고려대로27길 40 1층,(지번) 안암동5가 15-2,"스테이크,립"
218,STORE_SB0219,커피하우스반달,서울 성북구 장월로23길 5-10 1층,(지번) 장위동 238-425,디저트카페
219,STORE_SB0220,포앤시드니,서울 성북구 보문로34길 77 동양빌딩 2층,(지번) 동선동1가 84-1,동남아음식
220,STORE_SB0221,타이방콕,서울 성북구 북악산로 744 2층,(지번) 정릉동 556-52,태국음식
221,STORE_SB0222,쥬롱쥬롱,서울 성북구 정릉로26길 51 1층,(지번) 정릉동 150-49,디저트카페
222,STORE_SB0223,손가네곰국수설렁탕,서울 성북구 성북로15길 8,(지번) 성북동 128-16,설렁탕
223,STORE_SB0224,포썸,서울 성북구 동소문로 125 골든타워,(지번) 동선동4가 111-1,베트남음식
224,STORE_SB0225,샐러드프린세스,서울 성북구 화랑로13길 42 2층,(지번) 하월곡동 21-56,카페
225,STORE_SB0226,스시현,서울 성북구 동소문로8길 16 1층,(지번) 동소문동2가 287,"초밥,롤"
226,STORE_SB0227,알루엣,서울 성북구 서경로 60 롯데캐슬골든힐스 상가동 108호,(지번) 길음동 1287-1,디저트카페
227,STORE_SB0228,태성순대국,서울 노원구 화랑로43길 18,(지번) 장위동 270-85,순대
228,STORE_SB0229,오늘와인한잔 성신여대점,서울 성북구 보문로34길 56 1층,(지번) 동선동2가 140,와인바
229,STORE_SB0230,이종국104,서울 성북구 성북로 95-1 지하1~3층,(지번) 성북동 124-4,한식
230,STORE_SB0231,카페아무흐,서울 성북구 보문로21길 19-2,(지번) 보문동5가 92,카페
231,STORE_SB0232,할매숯불닭갈비,서울 성북구 동소문로20길 37-5,(지번) 동선동1가 8,닭요리
232,STORE_SB0233,빛나는바다 석계점,서울 성북구 한천로78길 66,(지번) 석관동 133-4,회
233,STORE_SB0234,구룡포계절횟집,서울 성북구 고려대로7길 110,(지번) 동선동2가 2-2,회
234,STORE_SB0235,다옴룸카페,서울 성북구 동소문로20길 29-18 3층,(지번) 동선동1가 30,테마카페
235,STORE_SB0236,헬로방방 돌곶이역점,서울 성북구 화랑로 248 장위뉴타워 14층,(지번) 석관동 349-1,키즈카페
236,STORE_SB0237,모심한정식,서울 성북구 개운사길 8 3층,(지번) 안암동5가 101-36,한식
237,STORE_SB0238,버거킹 석관점,서울 성북구 돌곶이로 50 상희빌딩 1~2층,(지번) 석관동 301-1,패스트푸드
238,STORE_SB0239,금한우,서울 성북구 고려대로7길 100,(지번) 동선동2가 16,"육류,고기"
239,STORE_SB0240,애정훠궈 2호점,서울 성북구 동소문로20나길 16 2층,(지번) 동선동1가 3-3,샤브샤브
240,STORE_SB0241,임흥수의자연밥상,서울 성북구 성북로2길 24,(지번) 동소문동1가 35,쌈밥
241,STORE_SB0242,레지아노,서울 성북구 보문로30길 74 1층,(지번) 동선동2가 164,이탈리안
242,STORE_SB0243,매스플레이트 안암본점,서울 성북구 개운사길 18,(지번) 안암동5가 101-27,이탈리안
243,STORE_SB0244,우유협동조합,서울 성북구 보문로34길 87 1층,(지번) 동선동3가 233,카페
244,STORE_SB0245,어제그쭈꾸미집,서울 성북구 한천로76길 33-12,(지번) 석관동 131-67,"해물,생선"
245,STORE_SB0246,장위동유성집 고대점,서울 성북구 안암로 117,(지번) 안암동5가 36-1,"육류,고기"
246,STORE_SB0247,마이란,서울 성북구 동소문로22길 33-9 1층,(지번) 동선동1가 85-96,양식
247,STORE_SB0248,스시미,서울 성북구 보문로30길 84,(지번) 동선동2가 155,일식집
248,STORE_SB0249,KFC 돈암동1점,서울 성북구 동소문로20나길 18,(지번) 동선동1가 3-1,패스트푸드
249,STORE_SB0250,커피빈 한성대입구역점,서울 성북구 삼선교로 12 1층,(지번) 삼선동1가 25,커피전문점
250,STORE_SB0251,임금님수타자장면,서울 성북구 보국문로 91,(지번) 정릉동 298-2,중화요리
251,STORE_SB0252,모던양갱집,서울 성북구 보국문로16길 72 1층,(지번) 정릉동 266-98,디저트카페
252,STORE_SB0253,스타벅스 월곡역점,서울 성북구 화랑로 76 1층 101-1호,(지번) 하월곡동 46-73,커피전문점
253,STORE_SB0254,하남돼지집 종암점,서울 성북구 종암로 73,(지번) 종암동 17-4,삼겹살
254,STORE_SB0255,라체나1907,서울 성북구 한천로80길 63,(지번) 석관동 133-10,양식
255,STORE_SB0256,토리돈까스,서울 성북구 화랑로13길 24 2층,(지번) 하월곡동 21-77,양식
256,STORE_SB0257,아케미,서울 성북구 숭인로2길 82,(지번) 길음동 1094,디저트카페
257,STORE_SB0258,식빵이맛있는집 네모 고대직영점,서울 성북구 고려대로 96,(지번) 안암동5가 100-14,"제과,베이커리"
258,STORE_SB0259,불타는소금구이,서울 성북구 보문로30길 43-3,(지번) 동선동2가 57-1,"육류,고기"
259,STORE_SB0260,대동원회시장,서울 성북구 동소문로 72,(지번) 동소문동5가 3,회
260,STORE_SB0261,계모임,서울 성북구 보문로30라길 5-10,(지번) 동선동2가 62,닭요리
261,STORE_SB0262,미스터국밥,서울 성북구 고려대로 102 2층,(지번) 안암동5가 94-2,국밥
262,STORE_SB0263,유즈리스어덜트,서울 성북구 보문로18길 25 1층,(지번) 안암동3가 107-4,카페
263,STORE_SB0264,스타벅스 미아점,서울 성북구 동소문로 314,(지번) 하월곡동 89-7,커피전문점
264,STORE_SB0265,육수당 성신여대점,서울 성북구 동소문로24길 9 1층,(지번) 동선동1가 121-20,국밥
265,STORE_SB0266,청년다방 월곡역점,서울 성북구 월곡로 108 우성빌딩 1층,(지번) 하월곡동 35-5,떡볶이
266,STORE_SB0267,꾸이꾸이멱살,서울 성북구 동소문로22길 25-5 1층,(지번) 동선동1가 85-90,"육류,고기"
267,STORE_SB0268,육백집,서울 성북구 동소문로25길 61 1층,(지번) 동선동5가 19,"육류,고기"
268,STORE_SB0269,로맨틱식탁,서울 성북구 보문로34길 45 지하 1층,(지번) 동선동1가 54,이탈리안
269,STORE_SB0270,선화슈퍼가맥,서울 성북구 보문로30라길 16,(지번) 동선동2가 25,술집
270,STORE_SB0271,맥도날드 삼선점,서울 성북구 동소문로 13 일화빌딩 1층,(지번) 동소문동1가 32-3,패스트푸드
271,STORE_SB0272,누브티스,서울 성북구 선잠로 42,(지번) 성북동 30-1,양식
272,STORE_SB0273,홍두깨손칼국수,서울 성북구 도봉로 7-6,(지번) 길음동 489-87,국수
273,STORE_SB0274,고랭 돌곶이점,서울 성북구 화랑로32길 31,(지번) 석관동 340-177,동남아음식
274,STORE_SB0275,이세돈가스 고려대점,서울 성북구 개운사길 32 1층,(지번) 안암동5가 15-53,"돈까스,우동"
275,STORE_SB0276,카페뮬,서울 성북구 동소문로22길 64 2층,(지번) 동선동2가 4,카페
276,STORE_SB0277,한우누렁소,서울 성북구 동소문로20가길 46 1층,(지번) 동선동1가 121-3,"육류,고기"
277,STORE_SB0278,어리랑 3호점,서울 성북구 삼선교로23길 3,(지번) 삼선동4가 321,회
278,STORE_SB0279,커피나무 성신여대점,"서울 성북구 보문로30길 79 1, 2층",(지번) 동선동2가 135-5,커피전문점
279,STORE_SB0280,설빙 성신여대점,"서울 성북구 동소문로22길 36 2, 3층",(지번) 동선동1가 26,디저트카페
280,STORE_SB0281,돈암순대김밥,서울 성북구 동소문로18길 12,(지번) 동소문동5가 63-3,분식
281,STORE_SB0282,롯데리아 성신여대점,서울 성북구 동소문로 117,(지번) 동선동4가 104,패스트푸드
282,STORE_SB0283,스시만,서울 성북구 종암로19길 17,(지번) 종암동 69-5,일식
283,STORE_SB0284,셀프장어세상,서울 성북구 정릉로 240,(지번) 정릉동 966-193,장어
284,STORE_SB0285,토로생선구이,서울 성북구 고려대로28길 14,(지번) 안암동5가 86-131,"해물,생선"
285,STORE_SB0286,카페구월,서울 성북구 보문로30길 43 1~3층,(지번) 동선동2가 72,카페
286,STORE_SB0287,돈암동찌개 본점,서울 성북구 동소문로20나길 34,(지번) 동선동1가 85-72,"찌개,전골"
287,STORE_SB0288,슬로우브레드파파,서울 성북구 보문로30나길 29,(지번) 동선동2가 142-2,"제과,베이커리"
288,STORE_SB0289,본크레페,서울 성북구 동소문로20다길 28,(지번) 동선동1가 85-89,패스트푸드
289,STORE_SB0290,남한강매운탕 정릉점,서울 성북구 보국문로 197 1층,(지번) 정릉동 820-47,"매운탕,해물탕"
290,STORE_SB0291,숑디인오하라,서울 성북구 보문로30길 80,(지번) 동선동2가 158,카페
291,STORE_SB0292,레브커피,서울 성북구 장위로40다길 19 1층,(지번) 장위동 68-78,카페
292,STORE_SB0293,전통평양만두,서울 성북구 보문로32길 34,(지번) 동선동2가 30-2,분식
293,STORE_SB0294,버거킹 안암오거리점,서울 성북구 안암로 73,(지번) 안암동5가 104-291,패스트푸드
294,STORE_SB0295,홍두깨손칼국수,서울 성북구 보문로40길 5,(지번) 동소문동5가 8,국수
295,STORE_SB0296,당신의나의케이크,서울 성북구 보문로32길 96,(지번) 동선동2가 295,"제과,베이커리"
296,STORE_SB0297,화로상회 정릉점,서울 성북구 보국문로16길 38 1층,(지번) 정릉동 266-107,"육류,고기"
297,STORE_SB0298,이향,서울 성북구 성북로26길 13,(지번) 성북동 256-3,한식
298,STORE_SB0299,나그네파전,서울 성북구 고려대로28길 7-4,(지번) 안암동5가 86-5,한식
299,STORE_SB0300,서도바지락칼국수,서울 성북구 동소문로20길 28-8,(지번) 동소문동5가 100,국수
300,STORE_SB0301,배떡 성신여대점,서울 성북구 동소문로24가길 18 1층,(지번) 동선동1가 85-50,떡볶이
301,STORE_SB0302,장위기사식당,서울 성북구 돌곶이로 215,(지번) 장위동 216-41,기사식당
302,STORE_SB0303,베르데나인,서울 성북구 동소문로20길 28-3,(지번) 동소문동5가 118-13,"멕시칸,브라질"
303,STORE_SB0304,미각 고대본점,서울 성북구 고려대로24길 44,(지번) 안암동5가 102-36,양꼬치
304,STORE_SB0305,푸라닭치킨 성신여대점,서울 성북구 보문로30나길 35 1층,(지번) 동선동2가 148,치킨
305,STORE_SB0306,장수한방족발보쌈,서울 성북구 정릉로 454,(지번) 종암동 124-64,"족발,보쌈"
306,STORE_SB0307,해변쭈꾸미숯불구이 본점,서울 성북구 한천로78길 46,(지번) 석관동 131-44,"해물,생선"
307,STORE_SB0308,가야가야,서울 성북구 동소문로22길 57-10,(지번) 동선동2가 125,일본식라면
308,STORE_SB0309,고기굽는마을,서울 성북구 삼선교로11길 10,(지번) 삼선동2가 28,"육류,고기"
309,STORE_SB0310,백암토종순대전문점,서울 성북구 한천로 572,(지번) 석관동 124-34,순대
310,STORE_SB0311,샌드위치 하우스,서울 성북구 보문로34가길 2,(지번) 동선동3가 232,샌드위치
311,STORE_SB0312,등촌샤브칼국수 안암점,서울 성북구 개운사길 11,(지번) 안암동5가 101-17,샤브샤브
312,STORE_SB0313,등마루 본점,서울 성북구 동소문로20나길 12,(지번) 동선동1가 3-5,한식
313,STORE_SB0314,카페마노아 성신여대점,서울 성북구 보문로34길 51 2층,(지번) 동선동1가 56,카페
314,STORE_SB0315,손가네민물장어 본점,서울 성북구 삼양로 26,(지번) 길음동 1079,장어
315,STORE_SB0316,쌀떡볶이나라 돈암점,서울 성북구 아리랑로 38 정우빌딩1층,(지번) 동선동5가 141-2,떡볶이
316,STORE_SB0317,동병상련 본점,서울 성북구 선잠로5길 96,(지번) 성북동 321-13,"떡,한과"
317,STORE_SB0318,현참치,서울 성북구 보문로 171,(지번) 삼선동5가 298-7,참치회
318,STORE_SB0319,킨폭스커피,서울 성북구 보국문로 87-22,(지번) 정릉동 310-4,카페
319,STORE_SB0320,안동할매청국장,서울 성북구 성북로5길 9-3,(지번) 성북동1가 35-8,한식
320,STORE_SB0321,네임드에스프레소,서울 성북구 성북로6길 2-2 1층,(지번) 동소문동1가 8,커피전문점
321,STORE_SB0322,연화화덕생선구이 본점,서울 성북구 보문로34길 31,(지번) 동선동1가 46-1,"해물,생선"
322,STORE_SB0323,대원칼국수,서울 성북구 동소문로23길 8-5 1층,(지번) 동선동4가 146,국수
323,STORE_SB0324,지하서재,서울 성북구 보국문로18길 34,(지번) 정릉동 266-328,술집
324,STORE_SB0325,키웨스트커피,서울 성북구 보국문로16길 2,(지번) 정릉동 281-3,커피전문점
325,STORE_SB0326,칠백집서울껍데기,서울 성북구 보문로30길 39 1층,(지번) 동선동2가 57,"육류,고기"
326,STORE_SB0327,나나케이크 성신여대점,서울 성북구 보문로34길 54,(지번) 동선동2가 12,"제과,베이커리"
327,STORE_SB0328,피쉬마루 석계본점,서울 성북구 화랑로40길 53,(지번) 석관동 168-11,회
328,STORE_SB0329,카페256,서울 성북구 성북동 256-4,,카페
329,STORE_SB0330,커피빈 고대안암역점,서울 성북구 개운사길 8 타이거빌딩 1층,(지번) 안암동5가 101-36,커피전문점
330,STORE_SB0331,고피자 고대안암점,서울 성북구 고려대로27길 24-2 1층,(지번) 안암동5가 15-38,피자
331,STORE_SB0332,무한리필고기굼터,서울 성북구 동소문로6길 4-23,(지번) 동소문동2가 45,"육류,고기"
332,STORE_SB0333,팔백집,서울 성북구 오패산로 36 1층,(지번) 하월곡동 60-13,갈비
333,STORE_SB0334,카페그냥그냥,서울 성북구 아리랑로5길 151,(지번) 정릉동 549-2,카페
334,STORE_SB0335,방이샤브샤브칼국수 성신여대점,서울 성북구 동소문로20가길 56 1층,(지번) 동선동1가 123,샤브샤브
335,STORE_SB0336,가부 보문점,"서울 성북구 보문로 78 브라운호텔 1층 101,104호",(지번) 보문동4가 77-2,중화요리
336,STORE_SB0337,모두와 즉석떡볶이,서울 성북구 동소문로20다길 30-3 1층,(지번) 동선동1가 85-63,떡볶이
337,STORE_SB0338,BHC치킨 성신여대점,서울 성북구 동소문로20길 37-8,(지번) 동선동1가 71,치킨
338,STORE_SB0339,반듯한잔,서울 성북구 동소문로22길 80,(지번) 동선동2가 46,퓨전요리
339,STORE_SB0340,착한짬뽕 더 착한탕수육,서울 성북구 월곡로18길 4,(지번) 하월곡동 35-4,중화요리
340,STORE_SB0341,고려성,서울 성북구 안암로 69-1 2층,(지번) 안암동5가 134-35,중화요리
341,STORE_SB0342,프로젝트얼스,서울 성북구 성북로15길 21,(지번) 성북동 126-31,카페
342,STORE_SB0343,오토김밥 성북직영점,서울 성북구 북악산로 855 1층,(지번) 돈암동 45-53,분식
343,STORE_SB0344,72420 성신여대점,서울 성북구 동소문로24길 13,(지번) 동선동1가 121-4,베트남음식
344,STORE_SB0345,고석환손만두 삼선교점,서울 성북구 성북로2길 55,(지번) 동소문동1가 138,한식
345,STORE_SB0346,서민스시,서울 성북구 화랑로25길 20,(지번) 장위동 66-323,일식집
346,STORE_SB0347,조선닭도리,서울 성북구 동소문로20다길 4,(지번) 동선동1가 4-11,닭요리
347,STORE_SB0348,홍연집,서울 성북구 삼선교로 44,(지번) 삼선동3가 4,참치회
348,STORE_SB0349,화포식당 길음뉴타운점,서울 성북구 길음로 33 2층,(지번) 길음동 1284-17,"육류,고기"
349,STORE_SB0350,진미숯불닭갈비,서울 성북구 화랑로 92 1층,(지번) 하월곡동 37-74,닭요리
350,STORE_SB0351,쓰리로보스,서울 성북구 동소문로20다길 25 2층,(지번) 동선동1가 85-84,"호프,요리주점"
351,STORE_SB0352,스시히카리,서울 성북구 정릉로 255-4,(지번) 정릉동 161-5,"초밥,롤"
352,STORE_SB0353,돌쇠참나무장작구이,서울 성북구 동소문로20길 31,(지번) 동선동1가 43,치킨
353,STORE_SB0354,배떡 장위점,서울 성북구 장위로 78 1층,(지번) 장위동 233-252,떡볶이
354,STORE_SB0355,ANOTHER H,서울 성북구 장월로1길 56-9,(지번) 상월곡동 60-1,카페
355,STORE_SB0356,어스핸드위치,서울 성북구 동소문로22길 62 2층 201호,(지번) 동선동2가 7,샌드위치
356,STORE_SB0357,치치 성신여대점,서울 성북구 동소문로20길 37-12,(지번) 동선동1가 68,실내포장마차
357,STORE_SB0358,북경양꼬치,서울 성북구 동소문로20나길 30 2층,(지번) 동선동1가 85-78,양꼬치
358,STORE_SB0359,성북동마카롱,서울 성북구 성북로6가길 1 1층,(지번) 성북동 184-37,"제과,베이커리"
359,STORE_SB0360,리얼파스타 성신여대점,서울 성북구 동소문로20다길 15 2층,(지번) 동선동1가 3-4,양식
360,STORE_SB0361,마늘과올리브 성신여대점,서울 성북구 동소문로22길 29 2층,(지번) 동선동1가 85-93,이탈리안
361,STORE_SB0362,난이네곱창,서울 성북구 동소문로 225-13,(지번) 길음동 877-197,"곱창,막창"
362,STORE_SB0363,꿀단지 성신여대점,서울 성북구 동소문로20나길 26 1층,(지번) 동선동1가 85-79,"족발,보쌈"
363,STORE_SB0364,아구와해물마을,서울 성북구 화랑로11길 7 2층,(지번) 하월곡동 27-109,아구
364,STORE_SB0365,한성대양꼬치,서울 성북구 동소문로6길 14-31,(지번) 동소문동2가 130,양꼬치
365,STORE_SB0366,던킨도너츠 길음뉴타운점,서울 성북구 길음로7길 6 길음뉴타운9단지래미안 상가 1층 1-17호,(지번) 길음동 1286-10,도넛
366,STORE_SB0367,카페마노아 꿈의숲점,서울 성북구 장월로23길 47-3,(지번) 장위동 223-43,테마카페
367,STORE_SB0368,벤베누토,서울 성북구 동소문로20나길 39 2층,(지번) 동선동1가 92-20,양식
368,STORE_SB0369,카페매니플리즈,서울 성북구 보문로30길 46 3층,(지번) 동선동2가 172,카페
369,STORE_SB0370,비야 고대본점,서울 성북구 개운사길 42-4 1층,(지번) 안암동5가 15-16,"찌개,전골"
370,STORE_SB0371,보헤미안,서울 성북구 개운사길 22-3 지하 1층,(지번) 안암동5가 15-85,커피전문점
371,STORE_SB0372,노브랜드버거 고려대점,서울 성북구 고려대로24길 51 1층,(지번) 안암동5가 104-30,패스트푸드
372,STORE_SB0373,카페평행선,서울 성북구 고려대로13길 46 1층,(지번) 안암동1가 318-5,카페
373,STORE_SB0374,포차천국 성신여대점,서울 성북구 동소문로20다길 7 1층,(지번) 동선동1가 3-8,실내포장마차
374,STORE_SB0375,이웃집라자냐,서울 성북구 오패산로 23 태은빌딩 1층,(지번) 하월곡동 70-128,이탈리안
375,STORE_SB0376,빵장수단팥빵 성북구점,서울 성북구 종암로 69 1층,(지번) 종암동 18-1,"제과,베이커리"
376,STORE_SB0377,프릭타이,서울 성북구 회기로 7 1층,(지번) 종암동 30-77,태국음식
377,STORE_SB0378,갱상도갱양식,서울 성북구 보문로34길 68-6,(지번) 동선동2가 135-25,양식
378,STORE_SB0379,서울쌈냉면 고대점,서울 성북구 개운사길 21-4,(지번) 안암동5가 147-9,냉면
379,STORE_SB0380,브라운돈까스&호프 성북구청점,서울 성북구 보문로 147 2층,(지번) 삼선동5가 291-4,"돈까스,우동"
380,STORE_SB0381,지호한방삼계탕 미아점,서울 성북구 월계로 14 1층,(지번) 하월곡동 165,닭요리
381,STORE_SB0382,1943 성신여대점,서울 성북구 동소문로20가길 24,(지번) 동선동1가 99,술집
382,STORE_SB0383,달콤퐁당,서울 성북구 고려대로13길 57,(지번) 안암동1가 197,카페
383,STORE_SB0384,오박사네돈까스전문점 고대점,서울 성북구 북악산로 1055,(지번) 종암동 31-4,"돈까스,우동"
384,STORE_SB0385,일심해장국,서울 성북구 동소문로 328,(지번) 하월곡동 213,해장국
385,STORE_SB0386,한우설렁탕,서울 성북구 삼선교로 85,(지번) 삼선동4가 332,설렁탕
386,STORE_SB0387,원조돈곱창닭갈비 석계역점,서울 성북구 한천로78길 53 1층,(지번) 석관동 133-61,"곱창,막창"
387,STORE_SB0388,플레이스엔,서울 성북구 정릉로 77 복지관 2층,(지번) 정릉동 861-1,카페
388,STORE_SB0389,소테,서울 성북구 보문로30길 77,(지번) 동선동2가 135-7,이탈리안
389,STORE_SB0390,설빙 서울미아점,서울 성북구 도봉로 31-1 2층,(지번) 길음동 32,디저트카페
390,STORE_SB0391,정릉곤드레밥,서울 성북구 보국문로18가길 5-13 1층,(지번) 정릉동 266-401,한식
391,STORE_SB0392,식샤,서울 성북구 성북로5길 15 1층,(지번) 성북동1가 36-1,일식
392,STORE_SB0393,버거킹 성신여대입구역점,서울 성북구 동소문로 120,(지번) 동선동1가 118-1,패스트푸드
393,STORE_SB0394,써브웨이 성신여대점,서울 성북구 보문로34길 78,(지번) 동선동2가 135-2,샌드위치
394,STORE_SB0395,스패로우,서울 성북구 동소문로20가길 50,(지번) 동선동1가 121-7,"호프,요리주점"
395,STORE_SB0396,이드에비뉴,서울 성북구 동소문로26나길 31,(지번) 동선동3가 161-1,카페
396,STORE_SB0397,정통집 성신여대점,서울 성북구 동소문로20길 29-20,(지번) 동선동1가 28,"육류,고기"
397,STORE_SB0398,유니유니,서울 성북구 동소문로 248 삼부아파트 105동 1층 21호,(지번) 길음동 1276,"제과,베이커리"
398,STORE_SB0399,만선참치 본점,서울 성북구 동소문로20길 29-7 1층,(지번) 동선동1가 4-10,참치회
399,STORE_SB0400,나카노라멘 성신여대점,서울 성북구 동소문로24길 27,(지번) 동선동1가 85-36,일본식라면
400,STORE_SB0401,호우양꼬치 성신여대점,서울 성북구 동소문로20다길 11 1층,(지번) 동선동1가 3-6,양꼬치
401,STORE_SB0402,설빙 서울고대점,서울 성북구 고려대로24길 14 2층,(지번) 안암동5가 102-64,디저트카페
402,STORE_SB0403,모드에,서울 성북구 동소문로25길 40 1층,(지번) 동선동5가 101,"제과,베이커리"
403,STORE_SB0404,투썸플레이스 종암점,"서울 성북구 종암로 103 1,2층",(지번) 종암동 87-6,커피전문점
404,STORE_SB0405,우리밀국시,서울 성북구 혜화로 84-2,(지번) 성북동 124-11,국수
405,STORE_SB0406,불맛로맨스,서울 성북구 화랑로40길 55 동성빌딩 2층,(지번) 석관동 168-4,중화요리
406,STORE_SB0407,써브웨이 동덕여대점,서울 성북구 화랑로13길 10 1층,(지번) 하월곡동 17-10,샌드위치
407,STORE_SB0408,강다짐삼각김밥 고대점,서울 성북구 고려대로24길 23,(지번) 안암동5가 102-9,분식
408,STORE_SB0409,KFC 고대안암점,서울 성북구 개운사길 5 세한빌딩 1층,(지번) 안암동5가 101-19,패스트푸드
409,STORE_SB0410,모임터찜칼국수,서울 성북구 동소문로17길 26,(지번) 동소문동6가 159,국수
410,STORE_GB0001,대보명가 서울본점,서울 강북구 4.19로 69,(지번) 수유동 563-14,한식
411,STORE_GB0002,다래함박스텍,서울 강북구 수유로 20-2,(지번) 수유동 56-45,"돈까스,우동"
412,STORE_GB0003,진호횟집,서울 강북구 도봉로98길 33,(지번) 번동 470-1,회
413,STORE_GB0004,엘림들깨수제비칼국수,서울 강북구 삼각산로 67,(지번) 수유동 521-20,국수
414,STORE_GB0005,장수마늘보쌈,서울 강북구 덕릉로 192,(지번) 번동 430-42,"족발,보쌈"
415,STORE_GB0006,카페어니언 미아점,서울 강북구 솔매로50길 55 1층,(지번) 미아동 127-9,카페
416,STORE_GB0007,대가집,서울 강북구 한천로 1158,(지번) 수유동 273-65,감자탕
417,STORE_GB0008,제일분식,서울 강북구 도봉로 45 숭인시장,(지번) 미아동 465-6,분식
418,STORE_GB0009,경계선,서울 강북구 삼각산로 22-7,(지번) 수유동 516-62,커피전문점
419,STORE_GB0010,미즐카페엠,서울 강북구 4.19로 107,(지번) 수유동 535-11,카페
420,STORE_GB0011,샘터마루,서울 강북구 4.19로12길 35,(지번) 수유동 596-4,한식
421,STORE_GB0012,흥부전놀부전,서울 강북구 노해로 42-1,(지번) 수유동 221-55,"호프,요리주점"
422,STORE_GB0013,스시노칸도 수유점,서울 강북구 한천로139나길 1 3층,(지번) 수유동 192-3,"초밥,롤"
423,STORE_GB0014,산성골,서울 강북구 덕릉로 126,(지번) 번동 441-28,"육류,고기"
424,STORE_GB0015,대광어회집,서울 강북구 노해로 31,(지번) 수유동 10-40,회
425,STORE_GB0016,황주집,서울 강북구 도봉로 372,(지번) 번동 463-45,"곱창,막창"
426,STORE_GB0017,깃든,서울 강북구 월계로7나길 46-5,(지번) 미아동 54-188,"육류,고기"
427,STORE_GB0018,카페멘디,서울 강북구 4.19로8길 7-2,(지번) 수유동 582-12,카페
428,STORE_GB0019,무너미,서울 강북구 노해로8가길 40 1층,(지번) 수유동 222-78,카페
429,STORE_GB0020,문가네정육식당,서울 강북구 덕릉로 95,(지번) 번동 448-13,"육류,고기"
430,STORE_GB0021,늘봄아갑찜 미아본점,서울 강북구 도봉로 45 1층,(지번) 미아동 61-80,아구
431,STORE_GB0022,이설함흥냉면,서울 강북구 4.19로 42,(지번) 수유동 568-14,냉면
432,STORE_GB0023,보배반점 미아직영점,서울 강북구 솔샘로 293 1층,(지번) 미아동 707-2,중화요리
433,STORE_GB0024,불판집,서울 강북구 노해로8길 29,(지번) 수유동 224-15,"육류,고기"
434,STORE_GB0025,카페산아래,서울 강북구 삼양로181길 56,(지번) 우이동 217-1,카페
435,STORE_GB0026,신매콤터,서울 강북구 오패산로 412,(지번) 번동 415-7,분식
436,STORE_GB0027,착한낙지 수유점,서울 강북구 4.19로 82,(지번) 수유동 535-362,"해물,생선"
437,STORE_GB0028,동네함박,서울 강북구 도봉로15길 11 2층,(지번) 미아동 460-116,양식
438,STORE_GB0029,원조할매곱창 미아점,서울 강북구 월계로3길 68,(지번) 미아동 55-46,"곱창,막창"
439,STORE_GB0030,소담촌 수유점,서울 강북구 도봉로 388 테마빌딩 8층,(지번) 번동 464-43,샤브샤브
440,STORE_GB0031,수유손칼국수,서울 강북구 도봉로101길 45,(지번) 수유동 167-3,국수
441,STORE_GB0032,곰보냉면,서울 강북구 노해로33길 64,(지번) 수유동 711-15,냉면
442,STORE_GB0033,여러분평양냉면,서울 강북구 한천로 1074 1층,(지번) 수유동 182-42,냉면
443,STORE_GB0034,화로상회 수유점,서울 강북구 한천로140길 22,(지번) 수유동 174-40,고기뷔페
444,STORE_GB0035,라공방 수유점,서울 강북구 한천로139길 42 영남빌딩 1층,(지번) 수유동 192-61,중화요리
445,STORE_GB0036,옥류헌,서울 강북구 삼양로181길 142,(지번) 우이동 236,한정식
446,STORE_GB0037,소담촌 미아사거리점,서울 강북구 월계로 3 덕신빌딩 5층,(지번) 미아동 42-11,샤브샤브
447,STORE_GB0038,백곱식당 수유점,서울 강북구 도봉로87길 47,(지번) 수유동 223-2,"곱창,막창"
448,STORE_GB0039,벼랑순대국 본점,서울 강북구 한천로 924,(지번) 번동 428-90,순대
449,STORE_GB0040,춘천골닭갈비,서울 강북구 한천로 1050,(지번) 수유동 177-18,닭요리
450,STORE_GB0041,할머니해장국,서울 강북구 월계로37길 137-6,(지번) 번동 269-7,해장국
451,STORE_GB0042,만두향,서울 강북구 한천로123길 61 1층,(지번) 번동 411-53,분식
452,STORE_GB0043,삼덕식당 미아사거리점,서울 강북구 월계로7나길 29 1층,(지번) 미아동 54-211,삼겹살
453,STORE_GB0044,조개일번지,서울 강북구 도봉로8길 37,(지번) 송중동 860-29,조개
454,STORE_GB0045,노르웨이안우드,서울 강북구 인수봉로 314 지하 1층,(지번) 수유동 569-59,카페
455,STORE_GB0046,풍천장어마을,서울 강북구 삼양로181길 45,(지번) 우이동 216-14,장어
456,STORE_GB0047,조연탄 수유점,서울 강북구 한천로140길 20,(지번) 수유동 174-37,"육류,고기"
457,STORE_GB0048,잼파파,서울 강북구 한천로 1040,(지번) 수유동 177-48,"제과,베이커리"
458,STORE_GB0049,한상차림밥상 보문동직영점,서울 강북구 삼각산로 103,(지번) 수유동 605-345,한식
459,STORE_GB0050,크을농,서울 강북구 4.19로 91 1층,(지번) 수유동 535-17,한식
460,STORE_GB0051,송현초밥,서울 강북구 월계로7길 34,(지번) 미아동 50-1,"초밥,롤"
461,STORE_GB0052,리얼파스타 수유점,서울 강북구 도봉로87길 26-12,(지번) 수유동 192-19,양식
462,STORE_GB0053,홍익짬뽕 수유직영점,서울 강북구 노해로 33,(지번) 수유동 10-26,중화요리
463,STORE_GB0054,호조참치,서울 강북구 한천로 1062,(지번) 수유동 178-19,참치회
464,STORE_GB0055,낙지일번지,서울 강북구 도봉로89길 10 1층,(지번) 수유동 191-38,"해물,생선"
465,STORE_GB0056,세인트블랙,서울 강북구 4.19로 109,(지번) 수유동 535-144,양식
466,STORE_GB0057,우이산장 키토산오리집,서울 강북구 삼양로181길 141-5,(지번) 우이동 234-1,오리
467,STORE_GB0058,춘천막국수,서울 강북구 삼양로141길 4-4,(지번) 우이동 71-15,국수
468,STORE_GB0059,청화가든,서울 강북구 4.19로12길 75,(지번) 수유동 598,곰탕
469,STORE_GB0060,쿠우쿠우 강북구청점,서울 강북구 도봉로 308 북한산스카이빌딩 9층,(지번) 번동 449-1,해산물뷔페
470,STORE_GB0061,상미식당,서울 강북구 수유로 82,(지번) 수유동 7-17,일식
471,STORE_GB0062,제이제곱,서울 강북구 도봉로10나길 17 1층,(지번) 미아동 54-46,카페
472,STORE_GB0063,수유리우동집 본점,서울 강북구 덕릉로 98,(지번) 미아동 159-53,"돈까스,우동"
473,STORE_GB0064,짚신매운갈비찜 미아본점,서울 강북구 월계로7나길 30-9,(지번) 미아동 54-258,갈비
474,STORE_GB0065,스시광,서울 강북구 도봉로 182 1층,(지번) 미아동 125-31,"초밥,롤"
475,STORE_GB0066,천회초밥,서울 강북구 노해로 69 1층,(지번) 수유동 39-7,"초밥,롤"
476,STORE_GB0067,상미규카츠 수유본점,서울 강북구 도봉로87길 32 1층,(지번) 수유동 192-35,"돈까스,우동"
477,STORE_GB0068,100년서서갈비 수유본점,서울 강북구 덕릉로 108 1층,(지번) 미아동 158-10,갈비
478,STORE_GB0069,애슐리퀸즈 미아사거리역점,서울 강북구 도봉로 52 와이스퀘어 5층,(지번) 미아동 1364,패밀리레스토랑
479,STORE_GB0070,에이머그,서울 강북구 노해로 21 1층,(지번) 수유동 2-2,카페
480,STORE_GB0071,수유리조트,서울 강북구 노해로8가길 45,(지번) 수유동 221-18,카페
481,STORE_GB0072,역전할머니맥주 수유리점,서울 강북구 한천로140길 18 1층,(지번) 수유동 174-35,"호프,요리주점"
482,STORE_GB0073,양다리걸쳤네,서울 강북구 노해로8길 16 우암센스뷰 102호,(지번) 수유동 229-50,양꼬치
483,STORE_GB0074,대마족발 미아점,서울 강북구 솔매로46길 6,(지번) 미아동 303-6,"족발,보쌈"
484,STORE_GB0075,큰두레참숯 국내산무한리필,서울 강북구 도봉로 284 1층,(지번) 미아동 160-9,"육류,고기"
485,STORE_GB0076,엄마손기사님식당 수유본점,서울 강북구 한천로 1138,(지번) 수유동 267-1,기사식당
486,STORE_GB0077,수유골목냉면,서울 강북구 솔매로45길 92,(지번) 미아동 202-5,냉면
487,STORE_GB0078,왕가,서울 강북구 삼양로 681,(지번) 우이동 4-8,"육류,고기"
488,STORE_GB0079,송연95닭갈비,서울 강북구 도봉로8길 62,(지번) 미아동 860-21,닭요리
489,STORE_GB0080,메이린,서울 강북구 월계로 173,(지번) 번동 90,중화요리
490,STORE_GB0081,능이마을,서울 강북구 솔샘로 330,(지번) 미아동 65-5,오리
491,STORE_GB0082,분코,서울 강북구 도봉로87길 34-4,(지번) 수유동 192-38,일본식주점
492,STORE_GB0083,카페시집,서울 강북구 솔샘로 301 지하 1층,(지번) 미아동 329-70,카페
493,STORE_GB0084,릴렉스,서울 강북구 삼양로181길 142,(지번) 우이동 236,카페
494,STORE_GB0085,맥도날드 서울번동DT점,서울 강북구 월계로 191,(지번) 번동 106,패스트푸드
495,STORE_GB0086,청산가든,서울 강북구 삼양로181길 56,(지번) 우이동 217-1,닭요리
496,STORE_GB0087,파조쿠치나,서울 강북구 인수봉로 239 1층 파조쿠치나,(지번) 수유동 521-50,양식
497,STORE_GB0088,대하정,서울 강북구 삼양로181길 283,(지번) 우이동 산 71-1,닭요리
498,STORE_GB0089,맹박골갈비예찬 미아점,서울 강북구 도봉로 156,(지번) 미아동 126-7,갈비
499,STORE_GB0090,호치민쌀국수,서울 강북구 덕릉로30길 3 1층,(지번) 미아동 158-43,베트남음식
500,STORE_GB0091,은행골 수유점,서울 강북구 한천로139길 10 1층,(지번) 수유동 190-49,"초밥,롤"
501,STORE_GB0092,맥도날드 수유점,서울 강북구 도봉로 342,(지번) 번동 418-18,패스트푸드
502,STORE_GB0093,전주선지순대추어탕,서울 강북구 오현로31길 173,(지번) 번동 433-54,순대
503,STORE_GB0094,투썸플레이스 미아사거리역점,서울 강북구 도봉로10길 6 1층,(지번) 미아동 860-187,커피전문점
504,STORE_GB0095,미아회관,서울 강북구 도봉로10가길 15 1층,(지번) 미아동 55-20,삼겹살
505,STORE_GB0096,털보정육식당,"서울 강북구 한천로 1072 동보빌딩 1,2층",(지번) 수유동 178-2,"육류,고기"
506,STORE_GB0097,돈킴,서울 강북구 도봉로27길 5 대한빌딩 1층,(지번) 미아동 327-3,감자탕
507,STORE_GB0098,무이식당,서울 강북구 도봉로97길 72 1층,(지번) 수유동 170-30,양식
508,STORE_GB0099,신사랑매운갈비찜 수유점,서울 강북구 노해로8가길 14,(지번) 수유동 224-28,갈비
509,STORE_GB0100,어사출또 미아리점,서울 강북구 도봉로6길 50,(지번) 미아동 45-8,회
510,STORE_GB0101,맥도날드 미아DT점,서울 강북구 삼양로 158,(지번) 미아동 682-12,패스트푸드
511,STORE_GB0102,스시도리,서울 강북구 한천로139길 25,(지번) 수유동 191-70,"초밥,롤"
512,STORE_GB0103,제주돈탐라1977 수유점,서울 강북구 덕릉로 104 뉴그린오피스텔 1층,(지번) 미아동 159-1,"육류,고기"
513,STORE_GB0104,키쉬미뇽,서울 강북구 도봉로10길 12,(지번) 미아동 55-25,카페
514,STORE_GB0105,육두막,서울 강북구 노해로 38,(지번) 수유동 223-1,"육류,고기"
515,STORE_GB0106,비바서울,서울 강북구 노해로8가길 49,(지번) 수유동 221-14,이탈리안
516,STORE_GB0107,능이버섯백숙,서울 강북구 삼양로139길 16,(지번) 우이동 73-102,삼계탕
517,STORE_GB0108,시골길 본점,서울 강북구 삼양로179길 172,(지번) 우이동 282-1,오리
518,STORE_GB0109,대동집 수유점,서울 강북구 도봉로87길 9-8,(지번) 수유동 229-26,"호프,요리주점"
519,STORE_GB0110,화로상회 미아1호점,서울 강북구 솔샘로 266-1,(지번) 미아동 860-107,"육류,고기"
520,STORE_GB0111,노브랜드버거 미아사거리역점,서울 강북구 도봉로 32,(지번) 미아동 35-30,패스트푸드
521,STORE_GB0112,홍성양꼬치,서울 강북구 도봉로10다길 10 1층,(지번) 미아동 75-9,양꼬치
522,STORE_GB0113,수유리우동집 강북구청직영점,서울 강북구 한천로 1042,(지번) 수유동 177-49,"돈까스,우동"
523,STORE_GB0114,일번지정육식당 수유점,서울 강북구 한천로140길 5,(지번) 수유동 177-47,"육류,고기"
524,STORE_GB0115,다정도병인양,서울 강북구 4.19로 41-1 2층,(지번) 수유동 567-6,전통찻집
525,STORE_GB0116,광안리,서울 강북구 노해로8길 22,(지번) 수유동 229-49,회
526,STORE_GB0117,주막,서울 강북구 월계로7나길 30-3,(지번) 미아동 54-259,"호프,요리주점"
527,STORE_GB0118,스타벅스 미아뉴타운점,서울 강북구 삼양로 161 행전빌딩,(지번) 미아동 812-2,커피전문점
528,STORE_GB0119,번418,서울 강북구 오패산로 414,(지번) 번동 418-13,디저트카페
529,STORE_GB0120,전광수커피하우스 북한산점,서울 강북구 4.19로 97 1층,(지번) 수유동 535-76,커피전문점
530,STORE_GB0121,숯불왕갈비돼지,서울 강북구 덕릉로 79 1층,(지번) 수유동 47-69,갈비
531,STORE_GB0122,옛가칼국수,서울 강북구 노해로 91-14,(지번) 수유동 251-6,국수
532,STORE_GB0123,황금성 강북점,서울 강북구 덕릉로 62,(지번) 수유동 48-78,중화요리
533,STORE_GB0124,쿠시,서울 강북구 노해로8길 9-20,(지번) 수유동 223-27,일본식주점
534,STORE_GB0125,썬데이스낵,서울 강북구 도봉로10길 54,(지번) 미아동 72-14,분식
535,STORE_GB0126,한일산장,서울 강북구 삼양로181길 239,(지번) 우이동 산 79,닭요리
536,STORE_GB0127,홍가네 가마솥설렁탕,서울 강북구 한천로 1157,(지번) 수유동 273-57,설렁탕
537,STORE_GB0128,예와손만두,서울 강북구 4.19로 40-8,(지번) 수유동 568-3,분식
538,STORE_GB0129,투썸플레이스 수유사거리점,"서울 강북구 도봉로 295 스타타워 1,2층",(지번) 수유동 47-2,커피전문점
539,STORE_GB0130,스타벅스 수유역점,서울 강북구 도봉로 342,(지번) 번동 418-20,커피전문점
540,STORE_GB0131,용두동쭈꾸미,서울 강북구 월계로7나길 38,(지번) 송중동 54-257,"해물,생선"
541,STORE_GB0132,이공족발 수유점,서울 강북구 도봉로87길 14 2층,(지번) 수유동 191-76,"족발,보쌈"
542,STORE_GB0133,스타벅스 미아사거리역점,서울 강북구 도봉로 32,(지번) 미아동 35-30,커피전문점
543,STORE_GB0134,굴사냥 광산사거리점,서울 강북구 한천로 1096,(지번) 수유동 238-3,"굴,전복"
544,STORE_GB0135,쉐프쿠스토,서울 강북구 한천로132길 22,(지번) 번동 462-25,이탈리안
545,STORE_GB0136,와겐커피,서울 강북구 솔매로 131,(지번) 미아동 197-11,커피전문점
546,STORE_GB0137,오복닭한마리 미아리본점,서울 강북구 도봉로8길 8,(지번) 미아동 860-289,닭요리
547,STORE_GB0138,미녀갈비,서울 강북구 도봉로87길 26-19,(지번) 수유동 192-23,갈비
548,STORE_GB0139,쭈꾸미도사 수유점,"서울 강북구 노해로8길 29 현대크리스탈 105,106호",(지번) 수유동 224-15,"해물,생선"
549,STORE_GB0140,황성,서울 강북구 4.19로 55,(지번) 수유동 564-3,중화요리
550,STORE_GB0141,연탄위에갈비,서울 강북구 도봉로49길 12,(지번) 미아동 303-70,갈비
551,STORE_GB0142,포엔시드니 수유점,서울 강북구 도봉로89길 1,(지번) 수유동 191-12,동남아음식
552,STORE_GB0143,장터참숯무한리필 본사직영점,서울 강북구 도봉로 268 1층,(지번) 미아동 189-7,"육류,고기"
553,STORE_GB0144,황제숯불꼼장어,서울 강북구 노해로 42,(지번) 수유동 221-21,장어
554,STORE_GB0145,왕의장어,서울 강북구 삼양로181길 141-5,(지번) 우이동 224-1,장어
555,STORE_GB0146,짬뽕장이,서울 강북구 수유로 55,(지번) 수유동 134-60,중화요리
556,STORE_GB0147,부부횟집,서울 강북구 덕릉로 109,(지번) 번동 443-95,회
557,STORE_GB0148,일도씨닭갈비 미아점,서울 강북구 도봉로10가길 8-3,(지번) 미아동 55-32,닭요리
558,STORE_GB0149,KFC 미아역점,서울 강북구 도봉로 184,(지번) 미아동 125-33,패스트푸드
559,STORE_GB0150,토방,서울 강북구 삼각산로 63,(지번) 수유동 521-33,한식
560,STORE_GB0151,바다포차,서울 강북구 도봉로8길 31,(지번) 미아동 860-24,회
561,STORE_GB0152,왕빈자삼파전 미아사거리본점,서울 강북구 도봉로8길 29,(지번) 미아동 860-294,한식
562,STORE_GB0153,주대국초밥집,서울 강북구 솔샘로48길 4,(지번) 미아동 1343-3,"초밥,롤"
563,STORE_GB0154,아웃백스테이크하우스 미아점,서울 강북구 도봉로 62 롯데백화점 9층,(지번) 미아동 70-2,패밀리레스토랑
564,STORE_GB0155,실비집,서울 강북구 한천로 1020,(지번) 번동 461-98,"곱창,막창"
565,STORE_GB0156,명륜진사갈비 미아사거리점,서울 강북구 오현로 32,(지번) 미아동 87-54,갈비
566,STORE_GB0157,버거킹 미아역점,서울 강북구 도봉로 188 삼성빌딩 1층,(지번) 미아동 121-22,패스트푸드
567,STORE_GB0158,수유감자탕,서울 강북구 노해로 11,(지번) 수유동 2-41,감자탕
568,STORE_GB0159,아카렌 수유점,서울 강북구 한천로139가길 26 포엠빌아파트 상가 1층 102호,(지번) 수유동 190-18,일식
569,STORE_GB0160,마시미트,서울 강북구 숭인로 65-12,(지번) 미아동 465-48,양식
570,STORE_GB0161,선운산장,서울 강북구 삼양로173길 218,(지번) 우이동 260-11,한식
571,STORE_GB0162,원조왕십리곱창전문,서울 강북구 4.19로 3,(지번) 수유동 279-264,"곱창,막창"
572,STORE_GB0163,골방집 번동점,서울 강북구 한천로 926,(지번) 번동 428-94,"사철탕,영양탕"
573,STORE_GB0164,카페비르케,서울 강북구 4.19로 43,(지번) 수유동 567-7,카페
574,STORE_GB0165,왕십리구이곱창,서울 강북구 월계로7나길 41,(지번) 미아동 55-45,"곱창,막창"
575,STORE_GB0166,육회&연어,서울 강북구 월계로3길 69,(지번) 미아동 55-39,"해물,생선"
576,STORE_GB0167,짱곱창,서울 강북구 솔매로 117-1,(지번) 미아동 211-7,"곱창,막창"
577,STORE_GB0168,김밥은...,서울 강북구 한천로 1016 1층,(지번) 번동 461-127,분식
578,STORE_GB0169,버거킹 수유역점,서울 강북구 도봉로 314,(지번) 번동 446-8,패스트푸드
579,STORE_GB0170,진정성중식당,서울 강북구 도봉로29길 10 1층,(지번) 미아동 322-25,중화요리
580,STORE_GB0171,소먹으면돼지 수유점,서울 강북구 도봉로87길 46,(지번) 수유동 221-23,"육류,고기"
581,STORE_GB0172,삼양동순대떡볶이,서울 강북구 삼양로 246,(지번) 미아동 777-6,분식
582,STORE_GB0173,S서서갈비 미아사거리점,서울 강북구 오패산로31길 48 1층,(지번) 미아동 75-69,갈비
583,STORE_GB0174,섬진강민물장어전문,서울 강북구 한천로 1151,(지번) 수유동 273-11,장어
584,STORE_GB0175,투썸플레이스 미아테라스파크점,서울 강북구 삼양로27길 43 테라스파크 2층,(지번) 미아동 811-9,커피전문점
585,STORE_GB0176,할리스 수유사거리점,서울 강북구 도봉로82길 11 2~4층,(지번) 번동 446-7,커피전문점
586,STORE_GB0177,피자글릭 강북점,서울 강북구 오패산로 381 1층,(지번) 번동 443-80,피자
587,STORE_GB0178,보승회관 수유역점,서울 강북구 노해로8길 22 115호,(지번) 수유동 229-49,국밥
588,STORE_GB0179,명인갈비 미아직영점,서울 강북구 솔샘로 327 1층 101호,(지번) 미아동 374-13,갈비
589,STORE_GB0180,돝제주흑돼지 본점,서울 강북구 솔샘로 289 1층,(지번) 미아동 707-10,"육류,고기"
590,STORE_GB0181,얌미타이,서울 강북구 오패산로31길 43 1층,(지번) 미아동 75-89,태국음식
591,STORE_GB0182,와우왕십리곱창,서울 강북구 노해로 97 1층,(지번) 수유동 252-121,"곱창,막창"
592,STORE_GB0183,황소곱창,서울 강북구 덕릉로 96,(지번) 미아동 159-54,"곱창,막창"
593,STORE_GB0184,귀품찬곽만근갈비탕 수유직영점,서울 강북구 노해로 3 2층 20~204호,(지번) 수유동 45-1,갈비
594,STORE_GB0185,화로몽 미아사거리점,서울 강북구 월계로3길 66-3,(지번) 미아동 55-48,닭요리
595,STORE_GB0186,삼양시장떡볶이순대,서울 강북구 솔매로 46,(지번) 미아동 833-36,떡볶이
596,STORE_GB0187,석가갈비냉면 수유점,서울 강북구 한천로 1160,(지번) 수유동 273-64,갈비
597,STORE_GB0188,하늘아래작은마을,서울 강북구 삼양로181길 253,(지번) 우이동 292-1,한식
598,STORE_GB0189,동네맛집족발 수유동점,서울 강북구 도봉로87길 23,(지번) 수유동 224-14,"족발,보쌈"
599,STORE_GB0190,오늘통닭 수유본점,서울 강북구 도봉로 384,(지번) 번동 464-8,치킨
600,STORE_GB0191,단풍관,서울 강북구 한천로139나길 19 1층,(지번) 수유동 192-14,"호프,요리주점"
601,STORE_GB0192,초원가든,서울 강북구 삼양로181길 251,(지번) 우이동 산 79-1,한식
602,STORE_GB0193,백란,서울 강북구 삼양로181길 201-20,(지번) 우이동 244-3,카페
603,STORE_GB0194,남도묵은지 수유점,서울 강북구 한천로140길 23-6 삼성빌딩 1층,(지번) 수유동 175-7,한식
604,STORE_GB0195,스시신,서울 강북구 도봉로95길 17,(지번) 수유동 175-5,"초밥,롤"
605,STORE_GB0196,연탄집,서울 강북구 오패산로77길 31,(지번) 번동 447-3,"육류,고기"
606,STORE_GB0197,할머니왕족발보쌈,서울 강북구 노해로8가길 12,(지번) 수유동 224-27,"족발,보쌈"
607,STORE_GB0198,노랑통닭 미아점,서울 강북구 도봉로10가길 16,(지번) 미아동 55-38,치킨
608,STORE_GB0199,삼천포,서울 강북구 한천로 1052,(지번) 수유동 177-39,삼겹살
609,STORE_GB0200,양촌리화로구이,서울 강북구 도봉로 367,(지번) 수유동 174-12,갈비
610,STORE_GB0201,이씨부엌,서울 강북구 노해로8가길 32,(지번) 수유동 222-73,일본식주점
611,STORE_GB0202,숲속앵두나무,서울 강북구 덕릉로40다길 33-38,(지번) 번동 526-83,애견카페
612,STORE_GB0203,베틀아구찜 베틀1호점,서울 강북구 한천로131길 27,(지번) 번동 416-122,아구
613,STORE_GB0204,이화순대국전문,서울 강북구 노해로 55,(지번) 수유동 30-25,순대
614,STORE_GB0205,엔제리너스 수유역점,서울 강북구 도봉로 333,(지번) 수유동 229-5,커피전문점
615,STORE_GB0206,감골오리,서울 강북구 4.19로 68,(지번) 수유동 563-91,오리
616,STORE_GB0207,장곱창,서울 강북구 한천로 1047,(지번) 수유동 190-5,"곱창,막창"
617,STORE_GB0208,크래미김밥우동집 본점,서울 강북구 노해로 117,(지번) 수유동 678-11,분식
618,STORE_GB0209,두메골,서울 강북구 삼양로 187,(지번) 미아동 703-147,"족발,보쌈"
619,STORE_GB0210,애정훠궈,서울 강북구 한천로139길 39 2층,(지번) 수유동 191-78,중화요리
620,STORE_GB0211,석관동떡볶이 수유점,서울 강북구 도봉로87길 14,(지번) 수유동 191-76,떡볶이
621,STORE_GB0212,연포생선구이전문점,서울 강북구 덕릉로28길 65,(지번) 미아동 187-51,"해물,생선"
622,STORE_GB0213,싱싱오징어바다 미아삼거리점,서울 강북구 도봉로8길 25,(지번) 미아동 860-23,"해물,생선"
623,STORE_GB0214,속초할머니감자탕,서울 강북구 인수봉로58길 4-11,(지번) 수유동 422-13,감자탕
624,STORE_GB0215,오케이크 수유점,서울 강북구 도봉로87길 38 1층 102호,(지번) 수유동 222-65,"제과,베이커리"
625,STORE_GB0216,대구반야월막창 서울우이점,서울 강북구 삼양로 459,(지번) 수유동 331-2,"곱창,막창"
626,STORE_GB0217,풍천민물장어,서울 강북구 한천로 1170-1,(지번) 수유동 279-80,장어
627,STORE_GB0218,제주밀면촌 수유직영점,서울 강북구 인수봉로67길 7,(지번) 수유동 521-22,국수
628,STORE_GB0219,시골농장,서울 강북구 한천로 1178,(지번) 수유동 279-48,"육류,고기"
629,STORE_GB0220,시래기화덕생선구이,서울 강북구 4.19로 61-1 1층,(지번) 수유동 563-45,"해물,생선"
630,STORE_GB0221,천유향샤브샤브훠궈뷔페 수유점,서울 강북구 한천로 1042 2층,(지번) 수유동 177-49,샤브샤브
631,STORE_GB0222,소희네,서울 강북구 도봉로10길 67 1층,(지번) 미아동 860-256,"제과,베이커리"
632,STORE_GB0223,웰빙옹심이 메밀칼국수,서울 강북구 노해로 99-1,(지번) 수유동 252-111,국수
633,STORE_GB0224,투썸플레이스 북서울꿈의숲점,서울 강북구 월계로 183 1층,(지번) 번동 105-1,커피전문점
634,STORE_GB0225,다온식당,서울 강북구 덕릉로40길 14,(지번) 번동 437-17,한식
635,STORE_GB0226,독도게찜,서울 강북구 노해로 17,(지번) 수유동 2-39,"게,대게"
636,STORE_GB0227,우리할매떡볶이 수유점,서울 강북구 노해로 55,(지번) 수유동 30-25,떡볶이
637,STORE_GB0228,마포감자국,서울 강북구 삼양로 501,(지번) 수유동 279-2,한식
638,STORE_GB0229,카페다담,서울 강북구 덕릉로 64,(지번) 수유동 48-73,디저트카페
639,STORE_GB0230,월곡동전라도곱창,서울 강북구 월계로7나길 28,(지번) 미아동 54-174,"곱창,막창"
640,STORE_GB0231,경참치,서울 강북구 도봉로82길 26 1층,(지번) 번동 448-9,참치회
641,STORE_GB0232,바우네곱창,서울 강북구 한천로132길 57 1층,(지번) 번동 464-17,"곱창,막창"
642,STORE_GB0233,수산시장 수유분점,서울 강북구 노해로 41 동아빌딩 1층,(지번) 수유동 30-20,회
643,STORE_GB0234,모록도새기,서울 강북구 한천로140길 11-3,(지번) 수유동 177-22,"육류,고기"
644,STORE_GB0235,정스시,서울 강북구 한천로 1039,(지번) 수유동 190-9,"초밥,롤"
645,STORE_GB0236,오장동함흥냉면,서울 강북구 솔샘로48길 3,(지번) 미아동 1345-7,냉면
646,STORE_GB0237,진미숯불닭갈비,서울 강북구 한천로140길 21 1층,(지번) 수유동 176-57,닭요리
647,STORE_GB0238,범프리카인생치킨 미아점,서울 강북구 솔샘로 291 1층 104호,(지번) 미아동 707-5,치킨
648,STORE_GB0239,하오런,서울 강북구 오현로 137,(지번) 번동 148-496,중화요리
649,STORE_GB0240,양촌리,서울 강북구 도봉로 308 2층,(지번) 번동 449-1,"육류,고기"
650,STORE_GB0241,구석집 수유점,서울 강북구 노해로 53 1층,(지번) 수유동 30-42,"해물,생선"
651,STORE_GB0242,이흥선참치 미아직영점,서울 강북구 도봉로10길 40 1층,(지번) 미아동 72-3,참치회
652,STORE_GB0243,셀프장어세상직판장 미아점,서울 강북구 도봉로 90 1층,(지번) 미아동 98-4,장어
653,STORE_GB0244,한옥쌈밥,서울 강북구 도봉로10다길 9,(지번) 미아동 75-152,쌈밥
654,STORE_GB0245,탐나종합어시장 수유광산사거리점,서울 강북구 한천로 1075 1층,(지번) 수유동 188-7,회
655,STORE_GB0246,신촌서서갈비,서울 강북구 한천로 1071,(지번) 수유동 189-49,갈비
656,STORE_GB0247,도미노피자 번동점,서울 강북구 덕릉로 147,(지번) 번동 411-103,피자
657,STORE_GB0248,어사출또 수유점,서울 강북구 한천로140길 25,(지번) 수유동 175-64,회
658,STORE_GB0249,써브웨이 수유역점,서울 강북구 오패산로 417,(지번) 번동 446-46,샌드위치
659,STORE_GB0250,카페백야,서울 강북구 노해로21길 7 1층,(지번) 수유동 251-10,카페
660,STORE_GB0251,옛날농장,서울 강북구 월계로7나길 42-1,(지번) 송중동 54-193,한식
661,STORE_GB0252,청년다방 서울수유점,서울 강북구 한천로139길 33,(지번) 수유동 191-66,떡볶이
662,STORE_GB0253,산이야,서울 강북구 삼양로181길 201-8,(지번) 우이동 224-42,쌈밥
663,STORE_GB0254,쭈꾸미달인 수유점,서울 강북구 노해로 42-1 1층,(지번) 수유동 221-55,"해물,생선"
664,STORE_GB0255,사리원돼지국밥 덕성여대점,서울 강북구 삼양로 530,(지번) 우이동 72-84,국밥
665,STORE_GB0256,마루국시 미아직영점,서울 강북구 도봉로 242 한국전력 강북지역 전력설비관리동 2층,(지번) 미아동 190-1,한식
666,STORE_GB0257,베이징양꼬치 수유점,서울 강북구 한천로 1040 2층,(지번) 수유동 177-48,양꼬치
667,STORE_GB0258,통영산꼼장어,서울 강북구 덕릉로 93-10,(지번) 번동 448-6,장어
668,STORE_GB0259,도미노피자 미아점,서울 강북구 삼양로24길 19 현대성우아파트 102동 101호,(지번) 미아동 561-2,피자
669,STORE_GB0260,산이네,서울 강북구 4.19로 86,(지번) 수유동 산 21-6,한식
670,STORE_GB0261,맥도날드 미아역점,서울 강북구 도봉로 204,(지번) 미아동 197-5,패스트푸드
671,STORE_GB0262,돈까스대왕전,서울 강북구 도봉로 189 1층,(지번) 미아동 304-38,"돈까스,우동"
672,STORE_GB0263,솔방천,서울 강북구 한천로144길 75,(지번) 수유동 166-5,"해물,생선"
673,STORE_GB0264,라포레스타,서울 강북구 월계로 173 꿈의숲 1층,(지번) 번동 90,이탈리안
674,STORE_GB0265,먹고보자무한리필양꼬치,서울 강북구 노해로8길 29 현대크리스탈 2층,(지번) 수유동 224-15,양꼬치
675,STORE_GB0266,수유닭한마리 수유동본점,서울 강북구 노해로 11,(지번) 수유동 2-41,닭요리
676,STORE_GB0267,던킨도너츠 강북구청사거리점,서울 강북구 도봉로 358 1층 102호,(지번) 번동 418-1,도넛
677,STORE_GB0268,월드보드카페,서울 강북구 도봉로87길 9 4층,(지번) 수유동 229-33,보드카페
678,STORE_GB0269,명륜진사갈비 서울미아점,서울 강북구 미아동 811-1 두산위브트레지움아파트,,갈비
679,STORE_GB0270,블링마카롱,서울 강북구 삼양로74길 62 1층,(지번) 미아동 238-4,"제과,베이커리"
680,STORE_GB0271,칠복상회,서울 강북구 한천로139가길 15 1층,(지번) 수유동 192-93,카페
681,STORE_GB0272,설빙 수유역점,"서울 강북구 오패산로 417 2, 3층",(지번) 번동 446-46,디저트카페
682,STORE_GB0273,롯데리아 번동DT점,서울 강북구 한천로 963,(지번) 번동 410-94,패스트푸드
683,STORE_GB0274,은수식당,서울 강북구 한천로 1063,(지번) 수유동 189-54,"육류,고기"
684,STORE_GB0275,항아리찜칼국수,서울 강북구 한천로139길 7-9,(지번) 수유동 191-53,국수
685,STORE_GB0276,천지회수산,서울 강북구 삼각산로 133,(지번) 수유동 605-315,회
686,STORE_GB0277,맨덜리,서울 강북구 수유로 18,(지번) 수유동 56-92,카페
687,STORE_GB0278,돈돈,서울 강북구 4.19로2길 10 1층,(지번) 수유동 280-38,"돈까스,우동"
688,STORE_GB0279,물속세상,서울 강북구 노해로8길 22,(지번) 수유동 229-49,회
689,STORE_GB0280,패티앤빅 왕돈가스전문점 광산점,서울 강북구 삼각산로 158,(지번) 수유동 39-19,"돈까스,우동"
690,STORE_GB0281,쑥맥,서울 강북구 도봉로6길 54 1층,(지번) 미아동 45-9,"호프,요리주점"
691,STORE_GB0282,대가원 수유점,서울 강북구 한천로 1064,(지번) 수유동 178-45,"육류,고기"
692,STORE_GB0283,맘스터치 수유역점,서울 강북구 도봉로87길 7 2층,(지번) 수유동 229-35,패스트푸드
693,STORE_GB0284,교촌치킨 미아역점,서울 강북구 도봉로 142,(지번) 미아동 131-8,치킨
694,STORE_GB0285,홍능족발1977 수유점,서울 강북구 수유로 75,(지번) 수유동 1-66,"족발,보쌈"
695,STORE_GB0286,우이동주막집,서울 강북구 삼양로141길 4-6,(지번) 우이동 71-14,"족발,보쌈"
696,STORE_GB0287,페넬로페,서울 강북구 노해로8길 1,(지번) 수유동 223-6,"호프,요리주점"
697,STORE_GB0288,라와마라탕 본점,서울 강북구 도봉로8길 28-1,(지번) 미아동 860-38,중식
698,STORE_GB0289,우촌식당,서울 강북구 삼양로173길 27,(지번) 우이동 168-1,한식
699,STORE_GB0290,단골손님,서울 강북구 한천로139길 41 2층,(지번) 수유동 191-77,"호프,요리주점"
700,STORE_GB0291,고향산천,서울 강북구 도봉로 171,(지번) 미아동 310-52,오리
701,STORE_GB0292,콩마루감자탕 본점,서울 강북구 한천로 1128,(지번) 수유동 254-29,감자탕
702,STORE_GB0293,일공공키친 수유4.19탑점,서울 강북구 4.19로 65,(지번) 수유동 563-1,샤브샤브
703,STORE_GB0294,모소리 수유점,서울 강북구 한천로 1043 1층,(지번) 수유동 190-45,"육류,고기"
704,STORE_GB0295,커피빈 강북구청앞점,서울 강북구 한천로139길 25 1~2층,(지번) 수유동 191-70,커피전문점
705,STORE_GB0296,카페두두,서울 강북구 도봉로98길 56,(지번) 번동 471-1,카페
706,STORE_GB0297,에이하우스,서울 강북구 노해로8가길 9,(지번) 수유동 223-5,"호프,요리주점"
707,STORE_GB0298,몽브루,서울 강북구 4.19로 105,(지번) 수유동 535-73,카페
708,STORE_GB0299,영자네곱창 본점,서울 강북구 솔매로 59,(지번) 미아동 775-3,"곱창,막창"
709,STORE_GB0300,화로몽 수유역점,서울 강북구 노해로8가길 18,(지번) 수유동 224-29,닭요리
710,STORE_GB0301,스시다네,서울 강북구 한천로131길 29,(지번) 번동 416-123,"초밥,롤"
711,STORE_GB0302,아띠랑스,서울 강북구 4.19로 42-1 1층,(지번) 수유동 568-19,디저트카페
712,STORE_GB0303,룸피니Lumpini,서울 강북구 솔매로45길 99,(지번) 미아동 217-2,카페
713,STORE_GB0304,동태한그릇,서울 강북구 솔매로50길 29,(지번) 미아동 125-12,"해물,생선"
714,STORE_GB0305,교촌치킨 수유역점,서울 강북구 한천로 1016,(지번) 번동 461-127,치킨
715,STORE_GB0306,미삼참치,서울 강북구 도봉로10길 22 1층,(지번) 미아동 55-3,일식
716,STORE_GB0307,종로계림닭도리탕 미아사거리점,서울 강북구 월계로7나길 39,(지번) 미아동 55-47,닭요리
717,STORE_GB0308,올뜨레 마레,서울 강북구 도봉로87길 6,(지번) 수유동 191-20,이탈리안
718,STORE_GB0309,김치삼겹살,서울 강북구 도봉로87길 27-4,(지번) 수유동 224-6,삼겹살
719,STORE_GB0310,까미노빵집,서울 강북구 4.19로 61,(지번) 수유동 564-6,"제과,베이커리"
720,STORE_GB0311,스타짬뽕,서울 강북구 노해로 91 진흥빌딩 1층,(지번) 수유동 252-146,중화요리
721,STORE_GB0312,낫심플,서울 강북구 한천로 1081 2층,(지번) 수유동 188-2,칵테일바
722,STORE_GB0313,명성양꼬치,서울 강북구 월계로7나길 50 1층,(지번) 미아동 54-190,양꼬치
723,STORE_GB0314,케슬리 수유점,서울 강북구 삼양로85길 8 1층,(지번) 수유동 472-28,샌드위치
724,STORE_GB0315,우이동소문난족발,서울 강북구 삼양로 645,(지번) 우이동 8-3,"족발,보쌈"
725,STORE_GB0316,평화반점,서울 강북구 오패산로 113-1,(지번) 미아동 49-100,중화요리
726,STORE_GB0317,돌깨마을맷돌순두부 수유점,서울 강북구 오패산로 411,(지번) 번동 445-1,두부전문점
727,STORE_GB0318,향촌포차,서울 강북구 도봉로41길 18,(지번) 미아동 310-29,실내포장마차
728,STORE_GB0319,수유부추곱창,서울 강북구 도봉로87길 26-21,(지번) 수유동 192-22,"곱창,막창"
729,STORE_GB0320,신고집,서울 강북구 한천로109길 72,(지번) 번동 168-6,한식
730,STORE_GB0321,오늘술집주다방 수유점,서울 강북구 한천로139길 42 지하1층 101호,(지번) 수유동 192-61,"호프,요리주점"
731,STORE_GB0322,성공돈가츠,서울 강북구 수유로 82,(지번) 수유동 7-17,"돈까스,우동"
732,STORE_GB0323,박할매쭈꾸미 미아본점,서울 강북구 도봉로10나길 5,(지번) 미아동 54-55,"해물,생선"
733,STORE_GB0324,물고기슈퍼,서울 강북구 도봉로85길 14 1층,(지번) 수유동 229-27,"호프,요리주점"
734,STORE_GB0325,정통집 수유역점,서울 강북구 한천로139길 46,(지번) 수유동 192-4,"육류,고기"
735,STORE_GB0326,원조막국수,서울 강북구 노해로33길 42,(지번) 수유동 714-11,국수
736,STORE_GB0327,원조왕십리곱창,서울 강북구 한천로140길 23,(지번) 수유동 176-56,"곱창,막창"
737,STORE_GB0328,태리로제떡볶이&닭강정,서울 강북구 도봉로53길 15,(지번) 미아동 211-29,음식점
738,STORE_GB0329,산마루쉼터,서울 강북구 4.19로12길 41,(지번) 수유동 596-6,한식
739,STORE_GB0330,스시훈,서울 강북구 오패산로 402,(지번) 번동 415-36,"초밥,롤"
740,STORE_GB0331,동대문엽기떡볶이 수유점,서울 강북구 덕릉로 93 삼보힐오피스텔 1층,(지번) 번동 449-22,떡볶이
741,STORE_GB0332,백스비어 미아사거리역점,서울 강북구 도봉로8길 24,(지번) 미아동 860-68,"호프,요리주점"
742,STORE_GB0333,서울명품민물장어,서울 강북구 월계로 19,(지번) 미아동 42-117,장어
743,STORE_GB0334,BHC치킨 수유역점,서울 강북구 오패산로 383 1층,(지번) 번동 443-119,치킨
744,STORE_GB0335,공차 미아사거리점,서울 강북구 도봉로 52,(지번) 미아동 1364,카페
745,STORE_GB0336,경성양꼬치 미아삼거리점,서울 강북구 월계로7나길 60,(지번) 미아동 54-89,양꼬치
746,STORE_GB0337,1989마라탕,서울 강북구 덕릉로28길 49,(지번) 미아동 187-4,중화요리
747,STORE_GB0338,교촌치킨 미아사거리점,서울 강북구 도봉로8길 35,(지번) 미아동 55-5,치킨
748,STORE_GB0339,족발야시장 수유점,서울 강북구 도봉로87길 33,(지번) 수유동 224-5,"족발,보쌈"
749,STORE_GB0340,뽀빠이족발,서울 강북구 한천로140길 30,(지번) 수유동 174-24,"족발,보쌈"
750,STORE_GB0341,주먹대장 미아롯데점,서울 강북구 도봉로10가길 7 1층,(지번) 미아동 55-57,"육류,고기"
751,STORE_GB0342,스시연,서울 강북구 한천로 1024,(지번) 번동 463-33,일식
752,STORE_GB0343,백운산장,서울 강북구 삼양로181길 206,(지번) 우이동 산 80-3,닭요리
753,STORE_GB0344,패티앤빅왕돈가스 수유점,서울 강북구 수유로 36,(지번) 수유동 49-12,"돈까스,우동"
754,STORE_GB0345,고봉함박,서울 강북구 오패산로77길 10 1층,(지번) 번동 446-43,"돈까스,우동"
755,STORE_GB0346,e어도참치 수유점,서울 강북구 도봉로 296 양덕빌딩 1층,(지번) 번동 449-4,참치회
756,STORE_GB0347,성북왕족발,서울 강북구 도봉로33길 9 1층,(지번) 미아동 322-4,"족발,보쌈"
757,STORE_GB0348,이종구낙지세상 미아점,서울 강북구 솔샘로68길 36,(지번) 미아동 62-3,"해물,생선"
758,STORE_GB0349,노브랜드버거 수유점,서울 강북구 도봉로 352 효성인텔리안아파트 1층,(지번) 번동 418-3,패스트푸드
759,STORE_GB0350,당나귀집,서울 강북구 덕릉로24길 13,(지번) 수유동 48-11,삼계탕
760,STORE_GB0351,배떡 수유점,서울 강북구 오패산로 396 1층,(지번) 번동 415-21,떡볶이
761,STORE_GB0352,흙구덩이,서울 강북구 도봉로 34-4,(지번) 미아동 35-26,"육류,고기"
762,STORE_GB0353,소나무집,서울 강북구 덕릉로 123-1,(지번) 번동 443-71,"사철탕,영양탕"
763,STORE_GB0354,쿄우,서울 강북구 오패산로 389,(지번) 번동 444-22,일본식주점
764,STORE_GB0355,더포레스트커피앤펍,서울 강북구 삼양로181길 196,(지번) 우이동 243,카페
765,STORE_GB0356,이노찌,서울 강북구 노해로8길 33,(지번) 수유동 224-16,일본식주점
766,STORE_GB0357,차우린해물짬뽕 번동점,서울 강북구 삼양로 486,(지번) 수유동 277-12,중화요리
767,STORE_GB0358,마을찻집 마주이야기,서울 강북구 인수봉로55길 10 2층,(지번) 수유동 435-50,카페
768,STORE_GB0359,헤미엔바우어,"서울 강북구 4.19로 70 1,2층",(지번) 수유동 563-94,카페
769,STORE_GB0360,니덕에산다 수유본점,서울 강북구 한천로150길 12 1층,(지번) 수유동 182-1,오리
770,STORE_GB0361,일미집 2호점,서울 강북구 도봉로4길 34,(지번) 미아동 45-5,"육류,고기"
771,STORE_GB0362,토담골삼계탕,서울 강북구 덕릉로 100-1,(지번) 미아동 159-11,삼계탕
772,STORE_GB0363,최가네양평해장국,서울 강북구 덕릉로 162,(지번) 번동 433-15,해장국
773,STORE_GB0364,교동짬뽕 수유본점,서울 강북구 오패산로 416,(지번) 번동 418-23,중화요리
774,STORE_GB0365,신춘천닭갈비,서울 강북구 한천로 1038,(지번) 수유동 174-17,닭요리
775,STORE_GB0366,교촌치킨 수유1호점,서울 강북구 삼각산로 119,(지번) 수유동 385-2,치킨
776,STORE_GB0367,배스킨라빈스 수유역점,서울 강북구 도봉로 328,(지번) 번동 446-13,아이스크림
777,STORE_GB0368,시골집,서울 강북구 노해로 42,(지번) 수유동 221-21,"육류,고기"
778,STORE_GB0369,푸라닭치킨 미아점,서울 강북구 도봉로76길 20,(지번) 미아동 187-1,치킨
779,STORE_GB0370,섬마을조개구이,서울 강북구 도봉로 377,(지번) 수유동 174-1,조개
780,STORE_GB0371,미태리 미아뉴타운점,서울 강북구 삼양로27길 43,(지번) 미아동 811-9,이탈리안
781,STORE_GB0372,서울 국시칡냉면칼국수,서울 강북구 덕릉로 13,(지번) 수유동 451-53,국수
782,STORE_GB0373,리틀비틀 수유점,서울 강북구 노해로 70 우림빌딩 5층,(지번) 수유동 188-26,키즈카페
783,STORE_GB0374,군산해물탕,서울 강북구 한천로139길 41 1층,(지번) 수유동 191-77,"매운탕,해물탕"
784,STORE_GB0375,용인가든,서울 강북구 삼양로181길 114,(지번) 우이동 224-2,오리
785,STORE_GB0376,미스사이공 수유점,서울 강북구 한천로 1023 1층,(지번) 번동 418-2,동남아음식
786,STORE_GB0377,수유손만두,서울 강북구 노해로32길 38,(지번) 수유동 695-9,분식
787,STORE_GB0378,아람장,서울 강북구 삼양로181길 88,(지번) 우이동 271,닭요리
788,STORE_GB0379,본죽 수유점,서울 강북구 한천로 1043,(지번) 수유동 190-45,죽
789,STORE_GB0380,수유리민물장어맛집,서울 강북구 한천로150길 52,(지번) 수유동 170-22,장어
790,STORE_GB0381,물꼬기,서울 강북구 4.19로23길 30,(지번) 수유동 535-82,일식
791,STORE_GB0382,냉돈84,서울 강북구 한천로 1067,(지번) 수유동 189-4,삼겹살
792,STORE_GB0383,써브웨이 삼양솔샘점,서울 강북구 삼양로 162 1층 103~105호,(지번) 미아동 682-11,샌드위치
793,STORE_GB0384,도리연닭도리탕 수유점,서울 강북구 도봉로87길 40 2층,(지번) 수유동 222-66,닭요리
794,STORE_GB0385,바지락듬뿍칼국수,서울 강북구 한천로143길 34-21,(지번) 수유동 220-70,국수
795,STORE_GB0386,양자강,서울 강북구 수유로 23,(지번) 수유동 472-474,중화요리
796,STORE_GB0387,도미노피자 수유점,서울 강북구 한천로 1131 현대아파트 104호,(지번) 수유동 729,피자
797,STORE_GB0388,생고기삼백 수유점,서울 강북구 한천로 1003,(지번) 번동 417-6,"육류,고기"
798,STORE_GB0389,삼성소곱창,서울 강북구 월계로7나길 32 1층,(지번) 미아동 54-261,"곱창,막창"
799,STORE_GB0390,그집바베큐,서울 강북구 오패산로 384-1,(지번) 번동 411-50,치킨
800,STORE_GB0391,담소두부,서울 강북구 삼각산로 57,(지번) 수유동 521-13,두부전문점
801,STORE_GB0392,써브웨이 미아사거리역점,서울 강북구 도봉로 41-1,(지번) 미아동 864-8,샌드위치
802,STORE_GB0393,라티스,서울 강북구 삼양로141길 4-10,(지번) 우이동 71-12,카페
803,STORE_GB0394,김군네짬뽕,서울 강북구 오패산로30길 13,(지번) 미아동 82-18,중화요리
804,STORE_GB0395,BHC치킨 강북구청점,서울 강북구 한천로143길 36 1층,(지번) 수유동 220-47,치킨
805,STORE_GB0396,목포해물탕,서울 강북구 한천로140길 7,(지번) 수유동 177-20,"매운탕,해물탕"
806,STORE_GB0397,탐앤탐스 덕성여대점,서울 강북구 삼양로 547 1~2층,(지번) 우이동 71-31,커피전문점
807,STORE_GB0398,숯불곱창양대꾸이,서울 강북구 도봉로8길 37-1,(지번) 미아동 54-219,"곱창,막창"
808,STORE_GB0399,써브웨이 미아역점,서울 강북구 도봉로 209,(지번) 미아동 207-17,샌드위치
809,STORE_GB0400,삼족오 본점,서울 강북구 한천로 1067-1,(지번) 수유동 189-3,치킨
810,STORE_GB0401,챠이니,서울 강북구 한천로131길 36 동국빌딩 2층,(지번) 번동 418-10,중화요리
811,STORE_GB0402,홍콩반점0410 수유역점,서울 강북구 수유로 84 2층,(지번) 수유동 7-4,중화요리
812,STORE_GB0403,한가네숯불닭갈비 미아동점,서울 강북구 도봉로8길 41,(지번) 미아동 860-30,닭요리
813,STORE_GB0404,이찌방,서울 강북구 도봉로87길 25 1층,(지번) 수유동 224-13,일본식주점
814,STORE_GB0405,빽다방 강북구청점,서울 강북구 도봉로87길 48,(지번) 수유동 221-22,커피전문점
815,STORE_GB0406,24시미아감자탕,서울 강북구 솔매로 123,(지번) 미아동 209-10,감자탕
816,STORE_GB0407,오늘와인한잔 수유점,서울 강북구 노해로8길 29,(지번) 수유동 224-15,와인바
817,STORE_GB0408,김기덕참치,서울 강북구 노해로8길 22 경남아너스빌 119호,(지번) 수유동 229-49,참치회
818,STORE_GB0409,드시소,서울 강북구 한천로130길 79 1층,(지번) 번동 469-6,일식
819,STORE_GB0410,아웃백 미아삼양점,서울 강북구 삼양로 247,(지번) 미아동 1359,패밀리레스토랑
