﻿,store_code,ItemID,address,local,category
0,STORE_SP00001,광고버터램,서울 송파구 충민로 81-9 1층,(지번) 문정동 74-3,"육류,고기"
1,STORE_SP00002,갓잇 송리단길점,서울 송파구 백제고분로45길 4-14 트리비유 1층,(지번) 송파동 48-6,양식
2,STORE_SP00003,해주냉면,서울 송파구 백제고분로7길 8-16 1층,(지번) 잠실동 195-9,냉면
3,STORE_SP00004,다운타우너 잠실,서울 송파구 백제고분로45길 3 1층,(지번) 송파동 46-4,햄버거
4,STORE_SP00005,청와옥 본점,서울 송파구 위례성대로 48 반도빌딩 1층 102호,(지번) 방이동 177-3,순대
5,STORE_SP00006,라라브레드 송파점,서울 송파구 오금로16길 4,(지번) 송파동 58-8,디저트카페
6,STORE_SP00007,봉피양 방이점 본관,서울 송파구 방이동 205,,냉면
7,STORE_SP00008,청와옥 석촌호수직영점,서울 송파구 삼학사로 96,(지번) 석촌동 2,순대
8,STORE_SP00009,별미곱창 본점,서울 송파구 오금로11길 14,(지번) 방이동 64-1,"곱창,막창"
9,STORE_SP00010,고도식,서울 송파구 백제고분로45길 28,(지번) 송파동 55-7,"육류,고기"
10,STORE_SP00011,몽중헌 방이점,"서울 송파구 위례성대로 10 S타워 20, 21층",(지번) 방이동 44-5,중화요리
11,STORE_SP00012,명인밥상,서울 송파구 송이로 157,(지번) 가락동 124-27,한식
12,STORE_SP00013,함경도찹쌀순대,서울 송파구 송파대로28길 32,(지번) 가락동 79-7,순대
13,STORE_SP00014,오향가 가락본점,서울 송파구 송이로 106,(지번) 가락동 73-2,"족발,보쌈"
14,STORE_SP00015,잠수교집 3호점,서울 송파구 송파대로49길 51,(지번) 석촌동 23-3,삼겹살
15,STORE_SP00016,애슐리퀸즈 잠실롯데캐슬점,서울 송파구 올림픽로 269 지하1층,(지번) 신천동 7-18,패밀리레스토랑
16,STORE_SP00017,단디 송리단길본점,서울 송파구 백제고분로45길 7 1층,(지번) 송파동 45-5,퓨전일식
17,STORE_SP00018,군산오징어 잠실본점,서울 송파구 삼학사로 101 세준빌딩 1~3층,(지번) 삼전동 130-14,"해물,생선"
18,STORE_SP00019,툇마루밥상,서울 송파구 송파대로22길 11,(지번) 문정1동 46-11,한식
19,STORE_SP00020,산들해 송파점,서울 송파구 위례성대로 6 현대토픽스 2층,(지번) 방이동 44-7,한정식
20,STORE_SP00021,마싯내,서울 송파구 석촌호수로18길 7 수정빌딩 1층 102호,(지번) 석촌동 157-4,"돈까스,우동"
21,STORE_SP00022,이성원쉐프의 청년감자탕순대국 방이동본점,서울 송파구 오금로19길 5,(지번) 방이동 110-12,감자탕
22,STORE_SP00023,엘리스리틀이태리,서울 송파구 백제고분로41길 43-21 1층,(지번) 송파동 8,이탈리안
23,STORE_SP00024,오레노라멘 송파점,서울 송파구 백제고분로45길 17-3 1층 102호,(지번) 송파동 42-6,일본식라면
24,STORE_SP00025,진지아,"서울 송파구 백제고분로41길 12-9 1,2층",(지번) 송파동 23-10,중화요리
25,STORE_SP00026,벨라스가든,서울 송파구 백제고분로41길 42-19,(지번) 송파동 32-2,카페
26,STORE_SP00027,멘야하나비 서울본점,서울 송파구 백제고분로45길 38 1층,(지번) 송파동 57,일식집
27,STORE_SP00028,온량,서울 송파구 백제고분로43길 4 은혜빌딩 1층,(지번) 송파동 47,양식
28,STORE_SP00029,늘푸른목장 잠실본점,서울 송파구 백제고분로9길 34,(지번) 잠실동 203-7,"육류,고기"
29,STORE_SP00030,서울리즘,"서울 송파구 백제고분로 435 예스빌딩 1,6층",(지번) 송파동 48-7,커피전문점
30,STORE_SP00031,평이담백 뼈칼국수 방이점,서울 송파구 위례성대로18길 31-12,(지번) 방이동 207-2,국수
31,STORE_SP00032,배키욘방,서울 송파구 올림픽로32길 22-23 1층,(지번) 방이동 62-3,일식
32,STORE_SP00033,주은감자탕,서울 송파구 삼학사로 71 1층,(지번) 삼전동 132-14,감자탕
33,STORE_SP00034,삿뽀로 방이점,서울 송파구 오금로11길 7 제이타워빌딩 2층,(지번) 방이동 24-3,일식집
34,STORE_SP00035,오복수산,서울 송파구 백제고분로45길 17-3 1층,(지번) 송파동 42-6,일식
35,STORE_SP00036,대게나라 잠실본점,서울 송파구 오금로 165 1층,(지번) 방이동 110-13,"게,대게"
36,STORE_SP00037,뉴질랜드스토리,서울 송파구 석촌호수로 268 경남레이크파크 1층,(지번) 송파동 32-1,카페
37,STORE_SP00038,방이샤브샤브칼국수 방이본점,서울 송파구 오금로31길 42,(지번) 방이동 213-8,샤브샤브
38,STORE_SP00039,프로퍼커피바,서울 송파구 위례성대로22길 6 유진빌딩 1층,(지번) 오금동 8-5,카페
39,STORE_SP00040,서정적살롱,서울 송파구 석촌호수로 274,(지번) 송파동 32-7,카페
40,STORE_SP00041,오린지,서울 송파구 송파대로48길 19 1층,(지번) 송파동 30-9,디저트카페
41,STORE_SP00042,뷰클랜드,서울 송파구 백제고분로43길 10 1층,(지번) 송파동 45-18,카페
42,STORE_SP00043,더베네치아,서울 송파구 올림픽로35다길 42 루터회관 3층,(지번) 신천동 7-20,뷔페
43,STORE_SP00044,일일향 잠실점,서울 송파구 석촌호수로 290,(지번) 송파동 58-18,중화요리
44,STORE_SP00045,냠냠물고기,서울 송파구 송파대로30길 41-21 1층,(지번) 가락동 74-5,일본식주점
45,STORE_SP00046,제주오겹살왕돌구이집 방이동본점,서울 송파구 오금로15길 9-12,(지번) 방이동 69-10,삼겹살
46,STORE_SP00047,골목떡볶이,서울 송파구 문정로1길 33,(지번) 문정동 44,떡볶이
47,STORE_SP00048,도요스6가,서울 송파구 백제고분로45길 40 트윈레이크팰리스빌 1층,(지번) 송파동 58-15,일식
48,STORE_SP00049,제주은희네해장국 잠실직영점,서울 송파구 송파대로49길 10 1층,(지번) 석촌동 183-7,해장국
49,STORE_SP00050,부일갈매기,서울 송파구 삼전로13길 4,(지번) 잠실동 242-22,"육류,고기"
50,STORE_SP00051,취영루 송파점,서울 송파구 송이로 162,(지번) 가락동 120-1,중화요리
51,STORE_SP00052,청화초밥,서울 송파구 오금로13길 14 1층,(지번) 방이동 69-9,"초밥,롤"
52,STORE_SP00053,젠젠 잠실점,서울 송파구 백제고분로45길 34 동방빌딩 2층,(지번) 송파동 56-1,디저트카페
53,STORE_SP00054,앙떼띠 잠실점,"서울 송파구 올림픽로 342 형인타워 1, 2층",(지번) 방이동 23-2,디저트카페
54,STORE_SP00055,진성한우곱창,서울 송파구 송파대로28길 27,(지번) 가락동 80,"곱창,막창"
55,STORE_SP00056,프레드릭베이커리,서울 송파구 오금로 137 1층,(지번) 방이동 109-15,"제과,베이커리"
56,STORE_SP00057,오쓰세이로무시,서울 송파구 백제고분로45길 30 1층 1호,(지번) 송파동 56-2,일식
57,STORE_SP00058,바이킹스워프 롯데월드몰점,서울 송파구 올림픽로 300 롯데월드몰 4층,(지번) 신천동 29,바닷가재
58,STORE_SP00059,장칼집,서울 송파구 가락로6길 3,(지번) 석촌동 252-14,국수
59,STORE_SP00060,미엔아이 송파점,서울 송파구 오금로16길 5 1층 101호,(지번) 송파동 55,중식
60,STORE_SP00061,르빵 석촌점,서울 송파구 백제고분로41길 12,(지번) 송파동 22,"제과,베이커리"
61,STORE_SP00062,육화식당,"서울 송파구 올림픽로32길 29 1,2층",(지번) 방이동 70,"육류,고기"
62,STORE_SP00063,청국장과보리밥 잠실점,서울 송파구 백제고분로20길 4,(지번) 잠실동 335-12,한식
63,STORE_SP00064,홈수끼,서울 송파구 위례성대로 134,(지번) 방이동 183-6,샤브샤브
64,STORE_SP00065,피자네버슬립스,서울 송파구 백제고분로45길 6,(지번) 송파동 49-5,피자
65,STORE_SP00066,명가원설농탕 석촌호수점,서울 송파구 오금로 105 덕림빌딩 1층,(지번) 방이2동 66-10,설렁탕
66,STORE_SP00067,징기스 서울방이점,서울 송파구 올림픽로32길 33,(지번) 방이동 70,"육류,고기"
67,STORE_SP00068,콘메,서울 송파구 백제고분로42길 6-30 1층,(지번) 송파동 85-5,이탈리안
68,STORE_SP00069,본가설렁탕,서울 송파구 석촌호수로 204,(지번) 석촌동 24-8,설렁탕
69,STORE_SP00070,돈까스의집,서울 송파구 삼전로 100 아카데미빌딩 1층,(지번) 삼전동 1-4,"돈까스,우동"
70,STORE_SP00071,디트로네 잠실점,서울 송파구 석촌호수로 258 아르누보팰리스 105호,(지번) 송파동 7-1,카페
71,STORE_SP00072,황도바지락칼국수,서울 송파구 백제고분로 358,(지번) 석촌동 286-9,국수
72,STORE_SP00073,서두산딤섬만두,서울 송파구 올림픽로32길 52 소은빌딩 1층 102호,(지번) 방이동 104,분식
73,STORE_SP00074,빠레뜨한남 석촌호수점,서울 송파구 오금로16길 10 1층,(지번) 송파동 57-11,양식
74,STORE_SP00075,필녀의한정식,서울 송파구 동남로 308,(지번) 오금동 129-24,한정식
75,STORE_SP00076,부부횟집 서울점,서울 송파구 오금로18길 4,(지번) 송파동 59-13,회
76,STORE_SP00077,비와별닭갈비 잠실직영점,"서울 송파구 삼학사로 100 1, 2층",(지번) 석촌동 1,닭요리
77,STORE_SP00078,오사카하루,서울 송파구 올림픽로32길 19-15,(지번) 방이동 59-13,일식집
78,STORE_SP00079,풍년뼈다귀해장국,서울 송파구 가락로 94,(지번) 석촌동 273-6,해장국
79,STORE_SP00080,야끼소바 니주마루,서울 송파구 백제고분로41길 21 1층,(지번) 송파동 13-18,일식
80,STORE_SP00081,몬스타쉐프의 무한곱창,서울 송파구 올림픽로32길 22-13 동도빌딩 1층,(지번) 방이동 62-12,"곱창,막창"
81,STORE_SP00082,미자식당,서울 송파구 오금로18길 14,(지번) 송파동 51-9,일식
82,STORE_SP00083,얼터너티브,서울 송파구 백제고분로46길 26-1 신화빌딩 1층,(지번) 송파동 131-25,커피전문점
83,STORE_SP00084,코벤트가든 올림픽공원점,서울 송파구 위례성대로 128 정화빌딩1층,(지번) 방이동 183-3,이탈리안
84,STORE_SP00085,카페이클립스,서울 송파구 송파대로49길 52 나인파크A 201호,(지번) 석촌동 24,카페
85,STORE_SP00086,스시산,서울 송파구 석촌호수로 118 청호빌딩 2층,(지번) 잠실동 242-10,"초밥,롤"
86,STORE_SP00087,수원집,서울 송파구 송파대로 108,(지번) 문정동 73-10,갈비
87,STORE_SP00088,레어마카롱 잠실점,"서울 송파구 오금로 126 113,114호",(지번) 송파동 58-4,디저트카페
88,STORE_SP00089,에브리데이몬데이,서울 송파구 송파대로48길 14,(지번) 송파동 9-17,갤러리카페
89,STORE_SP00090,소담정,서울 송파구 올림픽로32길 22-22,(지번) 방이동 63-4,"육류,고기"
90,STORE_SP00091,할머니 포장마차멸치국수,서울 송파구 오금로11길 59,(지번) 방이동 49-5,실내포장마차
91,STORE_SP00092,송쉐프 석촌점,"서울 송파구 백제고분로 357 1,2층",(지번) 석촌동 174-4,중화요리
92,STORE_SP00093,부산양곱창,서울 송파구 백제고분로7길 50-1 1층,(지번) 잠실동 185,"곱창,막창"
93,STORE_SP00094,한아람,서울 송파구 위례성대로 34 지산빌딩 2층,(지번) 방이동 180-7,"육류,고기"
94,STORE_SP00095,모꼬지에,서울 송파구 송파대로36길 5-13 지하1층,(지번) 송파동 195-1,분식
95,STORE_SP00096,프레스,서울 송파구 백제고분로45길 17-3 4층,(지번) 송파동 42-6,커피전문점
96,STORE_SP00097,진대감 방이점,서울 송파구 오금로13길 6 1층,(지번) 방이동 67,"육류,고기"
97,STORE_SP00098,테이스티버거 2호점,서울 송파구 송파대로49길 50,(지번) 석촌동 24-15,햄버거
98,STORE_SP00099,화포식당 가락점,서울 송파구 송파대로30길 11,(지번) 가락동 97-8,삼겹살
99,STORE_SP00100,위커파크,서울 송파구 석촌호수로 298 잠실대우레이크월드 103-1호,(지번) 송파동 58-1,카페
100,STORE_SP00101,황산냉면,서울 송파구 가락로 257,(지번) 방이동 136-9,냉면
101,STORE_SP00102,평양만두한상,서울 송파구 양재대로71길 28-22 1층,(지번) 방이동 191-13,한식
102,STORE_SP00103,꼬앙드파리,서울 송파구 마천로7길 18 1층,(지번) 오금동 16-6,디저트카페
103,STORE_SP00104,스시작,서울 송파구 양재대로71길 13 1층,(지번) 방이동 203-9,일본식주점
104,STORE_SP00105,바베네,서울 송파구 백제고분로41길 42-11 1층,(지번) 송파동 32-3,이탈리안
105,STORE_SP00106,밀회관 잠실새내점,서울 송파구 백제고분로9길 54,(지번) 잠실동 207-10,"호프,요리주점"
106,STORE_SP00107,카페노티드 잠실,서울 송파구 백제고분로45길 3 2층,(지번) 송파동 46-4,카페
107,STORE_SP00108,홍팥집 오금점,서울 송파구 성내천로 77 1층,(지번) 오금동 140-15,디저트카페
108,STORE_SP00109,담은갈비,서울 송파구 삼전로 93 1층,(지번) 잠실동 252-1,갈비
109,STORE_SP00110,무한소 신천본점,서울 송파구 백제고분로9길 25,(지번) 잠실동 190-13,"육류,고기"
110,STORE_SP00111,버터램,서울 송파구 충민로 81-9 1층,(지번) 문정동 74-3,"육류,고기"
111,STORE_SP00112,돈블랑 석촌호수점,서울 송파구 석촌호수로 296 1층,(지번) 송파동 58,"육류,고기"
112,STORE_SP00113,삼청각,서울 송파구 송이로 151,(지번) 가락동 124-1,갈비
113,STORE_SP00114,디어블라썸커피,서울 송파구 올림픽로12길 23 1층,(지번) 잠실동 205-1,카페
114,STORE_SP00115,천사곱창 신천점,서울 송파구 백제고분로7길 32-10,(지번) 잠실동 189-9,"곱창,막창"
115,STORE_SP00116,중화일상,서울 송파구 백제고분로 401 골재회관 1층,(지번) 송파동 20-6,중화요리
116,STORE_SP00117,아웃백스테이크하우스 잠실점,서울 송파구 송파대로 466,(지번) 송파동 15-1,패밀리레스토랑
117,STORE_SP00118,카페온화 송파점,서울 송파구 백제고분로45길 15 2층,(지번) 송파동 42,카페
118,STORE_SP00119,하늘이네장칼국수,서울 송파구 오금로53길 37,(지번) 거여동 135-36,국수
119,STORE_SP00120,부농정육식당,서울 송파구 백제고분로28길 29,(지번) 삼전동 66,"육류,고기"
120,STORE_SP00121,딹 진또배기,서울 송파구 중대로9길 51 부성빌딩,(지번) 가락동 91-5,닭요리
121,STORE_SP00122,1987루프탑라운지 잠실점,서울 송파구 올림픽로32길 11 혜성빌딩 9층,(지번) 방이동 36-7,칵테일바
122,STORE_SP00123,역전할머니맥주 서울신천점,서울 송파구 올림픽로10길 16 1층,(지번) 잠실동 192-10,"호프,요리주점"
123,STORE_SP00124,조광201,서울 송파구 새말로8길 13 2층,(지번) 문정동 77-5,중화요리
124,STORE_SP00125,기유,서울 송파구 오금로11길 51 1층 103호,(지번) 방이동 47-11,회
125,STORE_SP00126,뽕사부,서울 송파구 백제고분로 498 1층,(지번) 방이동 180-25,중식
126,STORE_SP00127,일도씨찜닭,서울 송파구 석촌호수로 258 아르누보팰리스 1층,(지번) 송파동 7-1,닭요리
127,STORE_SP00128,라쁘띠,서울 송파구 가락로11길 19,(지번) 석촌동 261-17,카페
128,STORE_SP00129,빌즈 잠실,서울 송파구 올림픽로 300 롯데월드몰 1층,(지번) 신천동 29,양식
129,STORE_SP00130,골드참치,서울 송파구 오금로 125,(지번) 방이동 109-11,참치회
130,STORE_SP00131,라이언하트,서울 송파구 석촌호수로 284 현대레이크빌 상가동 지하1층 104호,(지번) 송파동 31-2,칵테일바
131,STORE_SP00132,별미곱창 방이1호점,서울 송파구 오금로11길 14 1층,(지번) 방이동 64-2,"곱창,막창"
132,STORE_SP00133,태,서울 송파구 오금로11길 23,(지번) 방이동 37-2,일본식주점
133,STORE_SP00134,미타우동,서울 송파구 삼전로12길 4 1층 101호,(지번) 삼전동 3-1,"돈까스,우동"
134,STORE_SP00135,골든타이,서울 송파구 위례성대로 66,(지번) 방이동 171-4,동남아음식
135,STORE_SP00136,장수식당,서울 송파구 삼전로 95,(지번) 잠실동 252,한식
136,STORE_SP00137,흥부골숯불돼지왕갈비,서울 송파구 백제고분로33길 35,(지번) 석촌동 3-2,갈비
137,STORE_SP00138,사시미 신천본점,서울 송파구 백제고분로7길 24 1층,(지번) 잠실동 191-7,회
138,STORE_SP00139,홍태관,서울 송파구 백제고분로7길 16-9,(지번) 잠실동 192-2,중화요리
139,STORE_SP00140,짬뽕지존 송파점,서울 송파구 오금로 152 1층,(지번) 송파동 48-13,중화요리
140,STORE_SP00141,큰손닭한마리 잠실새내본점,서울 송파구 백제고분로15길 59 1층,(지번) 잠실동 186-13,닭요리
141,STORE_SP00142,파오파오 새마을시장본점,서울 송파구 석촌호수로12길 22,(지번) 잠실동 205-16,분식
142,STORE_SP00143,정목누룽지백숙,서울 송파구 위례성대로12길 11,(지번) 방이동 196-15,닭요리
143,STORE_SP00144,이경진우렁쌈밥정식 오금점,서울 송파구 중대로 310 1층,(지번) 오금동 89-4,쌈밥
144,STORE_SP00145,군자대한곱창 방이직영점,"서울 송파구 오금로11길 12 1층 103,104호",(지번) 방이동 64-12,"곱창,막창"
145,STORE_SP00146,사람사는고깃집 김일도 가락본점,서울 송파구 송파대로30길 25 1층,(지번) 가락동 81-2,"육류,고기"
146,STORE_SP00147,토닭토닭,서울 송파구 백제고분로45길 38,(지번) 송파동 57,닭요리
147,STORE_SP00148,송리단취향,서울 송파구 백제고분로45길 20 1층,(지번) 송파동 53-10,양식
148,STORE_SP00149,교대이층집 방이점,서울 송파구 오금로11길 30 전원빌딩 2층,(지번) 방이동 59-3,삼겹살
149,STORE_SP00150,경양카츠송리단길점,서울 송파구 백제고분로45길 12,(지번) 송파동 51-10,일식
150,STORE_SP00151,천미미,서울 송파구 송파대로28길 20 세화빌딩 1층,(지번) 가락동 79-4,중화요리
151,STORE_SP00152,가배도 송파점,서울 송파구 백제고분로45길 6 은진빌딩 2층 201호,(지번) 송파동 49-5,카페
152,STORE_SP00153,차이나플레인 문정점,서울 송파구 법원로 128 SK V1 GL 메트로시티 3층 B318~B320호,(지번) 문정동 642-3,중화요리
153,STORE_SP00154,스시선 방이점,서울 송파구 올림픽로32길 37,(지번) 방이동 98-7,"초밥,롤"
154,STORE_SP00155,당산오돌 방이점,서울 송파구 양재대로71길 2-7,(지번) 방이동 185-7,"육류,고기"
155,STORE_SP00156,도쿄등심 잠실점,서울 송파구 올림픽로 269 롯데캐슬프라자 2층,(지번) 신천동 7-18,"육류,고기"
156,STORE_SP00157,고인돌,서울 송파구 가락로18길 4-1,(지번) 송파동 97-11,"돈까스,우동"
157,STORE_SP00158,카페 페퍼,서울 송파구 백제고분로45길 12 2층,(지번) 송파동 51-10,카페
158,STORE_SP00159,화반 방이점,서울 송파구 오금로13길 8,(지번) 방이동 67-7,"육류,고기"
159,STORE_SP00160,자이소,서울 송파구 양재대로66길 30 1층,(지번) 가락동 31-1,"떡,한과"
160,STORE_SP00161,완도산회 문정점,서울 송파구 문정로 29,(지번) 문정동 37-10,회
161,STORE_SP00162,오스테리아세콘디,서울 송파구 백제고분로42길 4-9 1층,(지번) 송파동 85-13,이탈리안
162,STORE_SP00163,빈체로 올림픽공원점,서울 송파구 위례성대로 68 1층 102호,(지번) 방이동 171-5,이탈리안
163,STORE_SP00164,징기스 신천점,서울 송파구 백제고분로7길 28-6 1층,(지번) 잠실동 190-11,갈비
164,STORE_SP00165,코메또히또,서울 송파구 송파대로49길 31 1층,(지번) 석촌동 157-1,일식집
165,STORE_SP00166,소문난곱창,서울 송파구 거마로22길 33,(지번) 마천동 136-15,"곱창,막창"
166,STORE_SP00167,어랑,서울 송파구 동남로2길 27,(지번) 문정동 49-14,회
167,STORE_SP00168,커피바이,서울 송파구 백제고분로17길 56 2층,(지번) 잠실동 208-1,카페
168,STORE_SP00169,이월로스터스 송파점,서울 송파구 백제고분로45길 14,(지번) 송파동 51-7,카페
169,STORE_SP00170,동경레스펍태,서울 송파구 올림픽로32길 30 1~2층,(지번) 방이동 69-5,일본식주점
170,STORE_SP00171,동래별장,서울 송파구 올림픽로32길 18-11,(지번) 방이동 63-1,퓨전요리
171,STORE_SP00172,모터시티 잠실점,서울 송파구 백제고분로45길 17-3 2층,(지번) 송파동 42-6,피자
172,STORE_SP00173,스시유메,서울 송파구 올림픽로32길 49,(지번) 방이동 102-2,"초밥,롤"
173,STORE_SP00174,뽀로로파크 잠실롯데월드점,서울 송파구 올림픽로 240 롯데월드 내,(지번) 잠실동 40-1,키즈카페
174,STORE_SP00175,할머니추어탕 잠실점,서울 송파구 백제고분로 139 1층,(지번) 잠실동 228-8,추어
175,STORE_SP00176,사람사는고깃집 김일도 방이점,서울 송파구 올림픽로32길 21 1층,(지번) 방이동 60-5,"육류,고기"
176,STORE_SP00177,삼백집 잠실직영점,서울 송파구 석촌호수로 240,(지번) 석촌동 183-9,국밥
177,STORE_SP00178,대성정육식당,서울 송파구 석촌호수로12길 1-6,(지번) 잠실본동 210-55,"육류,고기"
178,STORE_SP00179,1954무한등심 잠실점,서울 송파구 올림픽로35길 124 장미종합상가 A 1층 101호,(지번) 신천동 7,"육류,고기"
179,STORE_SP00180,풍천장어마을 즉석숯불구이,서울 송파구 송파대로 54,(지번) 장지동 646-4,장어
180,STORE_SP00181,제로베이커리 잠실점,서울 송파구 올림픽로 354 1층,(지번) 방이동 35-7,"제과,베이커리"
181,STORE_SP00182,동방명주,서울 송파구 백제고분로 2,(지번) 잠실동 1-2,중화요리
182,STORE_SP00183,대갈곱창&막창 송파점,서울 송파구 백제고분로45길 21-1,(지번) 송파동 39-9,"곱창,막창"
183,STORE_SP00184,또봄,서울 송파구 오금로18길 10 101호,(지번) 송파동 51-4,양식
184,STORE_SP00185,화삼육,서울 송파구 백제고분로28길 35 지하,(지번) 삼전동 67-6,삼겹살
185,STORE_SP00186,인기명 방이점,서울 송파구 오금로15길 7-12 1층,(지번) 방이동 68-1,조개
186,STORE_SP00187,천수횟집,서울 송파구 석촌호수로12길 10 1층,(지번) 잠실동 207-15,회
187,STORE_SP00188,스시랑랑,서울 송파구 오금로 144,(지번) 송파동 59-10,"초밥,롤"
188,STORE_SP00189,홀짝집,서울 송파구 백제고분로7길 16-16 1층,(지번) 잠실동 193-4,"호프,요리주점"
189,STORE_SP00190,아낙네그루브,서울 송파구 백제고분로45길 15 5층,(지번) 송파동 42,"호프,요리주점"
190,STORE_SP00191,시루나무 문정본점,서울 송파구 새말로 134,(지번) 문정동 82-5,"떡,한과"
191,STORE_SP00192,리얼파스타 잠실점,서울 송파구 가락로 139 2층,(지번) 송파동 95-40,이탈리안
192,STORE_SP00193,마라고메 방이점,서울 송파구 올림픽로32길 13,(지번) 방이동 36-8,중화요리
193,STORE_SP00194,송계옥,서울 송파구 올림픽로32길 38 1층,(지번) 방이동 93-14,닭요리
194,STORE_SP00195,비샵레스토랑,서울 송파구 위례성대로 71 한성백제박물관 2층,(지번) 방이동 88-20,양식
195,STORE_SP00196,크래프트아일랜드 잠실점,"서울 송파구 올림픽로35가길 10 더샵스타파크상가 114, 115호",(지번) 신천동 7-14,"호프,요리주점"
196,STORE_SP00197,연안부두 2호점,서울 송파구 오금로13길 11 1층,(지번) 방이동 62-5,회
197,STORE_SP00198,갓덴스시 롯데월드몰점,서울 송파구 올림픽로 300 롯데월드몰 5층,(지번) 신천동 29,"초밥,롤"
198,STORE_SP00199,램플러스 신천점,서울 송파구 백제고분로9길 36 1층,(지번) 잠실동 204,양꼬치
199,STORE_SP00200,경복궁 방이점,서울 송파구 올림픽로 348 2~4층 전관,(지번) 방이동 35-1,한정식
200,STORE_SP00201,평화곱창,서울 송파구 백제고분로41길 27 1층,(지번) 송파동 11-2,"곱창,막창"
201,STORE_SP00202,수작나베 석촌점,서울 송파구 석촌호수로 234 라품미빌딩 1층,(지번) 석촌동 158-7,퓨전일식
202,STORE_SP00203,마노디셰프 잠실점,서울 송파구 송파대로 570 타워730 지하 1층,(지번) 신천동 7-30,이탈리안
203,STORE_SP00204,내고향횡성 한우정육점식당,서울 송파구 오금로 113,(지번) 방이동 66-3,"육류,고기"
204,STORE_SP00205,잉클링,서울 송파구 양재대로60길 3-5 보우빌딩 1층,(지번) 가락동 94-5,카페
205,STORE_SP00206,팔레트커리,서울 송파구 백제고분로45길 25 1층,(지번) 송파동 38-3,인도음식
206,STORE_SP00207,제일제면소 올림픽공원점,서울 송파구 올림픽로 424,(지번) 방이동 88-2,국수
207,STORE_SP00208,프라자손칼국수,서울 송파구 동남로18길 40,(지번) 가락동 199,국수
208,STORE_SP00209,미성양꼬치,서울 송파구 올림픽로32길 19-6,(지번) 방이동 60-6,양꼬치
209,STORE_SP00210,진대감 가락점,서울 송파구 중대로9길 34 1층,(지번) 가락동 83-7,"육류,고기"
210,STORE_SP00211,코히루,서울 송파구 오금로 148 2층,(지번) 송파동 48-16,카페
211,STORE_SP00212,밀회관 방이점,서울 송파구 올림픽로32길 29 1층,(지번) 방이동 70,"호프,요리주점"
212,STORE_SP00213,제이스아메리칸,서울 송파구 올림픽로35가길 9 1층 138호,(지번) 신천동 11-4,양식
213,STORE_SP00214,서두산딤섬만두 2호점,서울 송파구 올림픽로32길 18-23 2층,(지번) 방이동 63,중식
214,STORE_SP00215,카페드로잉,서울 송파구 송파대로 111 파크하비오 202동 1층 166~170호,(지번) 문정동 618,테마카페
215,STORE_SP00216,미강식당,서울 송파구 백제고분로 122 103호,(지번) 잠실동 294-3,"육류,고기"
216,STORE_SP00217,치즈룸X테이스팅룸 롯데월드몰점,서울 송파구 올림픽로 300 5층,(지번) 신천동 29,이탈리안
217,STORE_SP00218,오뗄드니엔테,서울 송파구 백제고분로45길 4-21,(지번) 송파동 49-3,카페
218,STORE_SP00219,빕스 올림픽공원점,서울 송파구 올림픽로 424 올림픽공원 만남의광장 A-2 동2문,(지번) 방이동 88-2,패밀리레스토랑
219,STORE_SP00220,내꾸미쭈꾸미 본점,서울 송파구 성내천로 106,(지번) 오금동 144-3,"해물,생선"
220,STORE_SP00221,비엔나커피하우스 잠실역점,서울 송파구 올림픽로 293-19,(지번) 신천동 7-28,카페
221,STORE_SP00222,노아베이커리 잠실엘스점,서울 송파구 올림픽로 119 파인애플 상가 1층 A 18호,(지번) 잠실동 19-9,"제과,베이커리"
222,STORE_SP00223,어가,서울 송파구 송파대로49길 48,(지번) 석촌동 24-9,"해물,생선"
223,STORE_SP00224,찌마기 송파문정점,서울 송파구 새말로 146-1 장지빌딩,(지번) 문정동 99-10,조개
224,STORE_SP00225,큐스시,서울 송파구 위례성대로22나길 23 1층,(지번) 오금동 10-7,"초밥,롤"
225,STORE_SP00226,개군할머니 토종순대국,서울 송파구 양재대로71길 16,(지번) 방이동 187-9,순대
226,STORE_SP00227,피스인더커피,서울 송파구 석촌호수로 258,(지번) 송파동 7-1,카페
227,STORE_SP00228,삿포로참치 직영본점,서울 송파구 올림픽로32길 32,(지번) 방이동 69-4,참치회
228,STORE_SP00229,화사랑화로구이,서울 송파구 오금로 162,(지번) 송파동 135-6,"육류,고기"
229,STORE_SP00230,논현삼계탕 송파점,서울 송파구 백제고분로 409,(지번) 송파동 20-9,삼계탕
230,STORE_SP00231,이낙근찹쌀떡베이커리 오금동본점,서울 송파구 중대로 316,(지번) 오금동 95-3,"제과,베이커리"
231,STORE_SP00232,원산만두,서울 송파구 백제고분로46길 39 1층,(지번) 송파동 145-13,분식
232,STORE_SP00233,밀도 잠실점,서울 송파구 올림픽로 118 1층 4호,(지번) 잠실동 184-3,"제과,베이커리"
233,STORE_SP00234,통큰갈비 잠실신천점,서울 송파구 백제고분로7길 28-11 영동빌딩,(지번) 잠실동 189-13,갈비
234,STORE_SP00235,해랑,서울 송파구 오금로 227,(지번) 방이동 227-13,"게,대게"
235,STORE_SP00236,숙달돼지 잠실방이점,서울 송파구 오금로13길 10-1 1층,(지번) 방이동 68-3,삼겹살
236,STORE_SP00237,무교동유정낙지 잠실점,서울 송파구 백제고분로 89,(지번) 잠실동 196-7,"해물,생선"
237,STORE_SP00238,라치오,서울 송파구 동남로4길 20,(지번) 문정동 40-9,이탈리안
238,STORE_SP00239,라화쿵부 개롱점,서울 송파구 오금로46길 20,(지번) 가락동 174-26,중화요리
239,STORE_SP00240,박군자진주냉면 본점,서울 송파구 위례순환로 472,(지번) 장지동 904,냉면
240,STORE_SP00241,안재식당,서울 송파구 삼전로9길 5-2 1층 103호,(지번) 잠실동 246-12,한식
241,STORE_SP00242,철판구이300도씨 신천본점,서울 송파구 백제고분로7길 28-17,(지번) 잠실동 189-4,"육류,고기"
242,STORE_SP00243,모토쿠라시,서울 송파구 백제고분로41길 27 2층,(지번) 송파동 11-2,일식
243,STORE_SP00244,맥도날드 송파잠실DT점,서울 송파구 도곡로 434,(지번) 잠실동 305-15,패스트푸드
244,STORE_SP00245,스타벅스 잠실새내역점,서울 송파구 올림픽로 96 1층,(지번) 잠실동 181,커피전문점
245,STORE_SP00246,피에프창 롯데월드몰점,서울 송파구 올림픽로 300 롯데월드몰 5층,(지번) 신천동 29,아시아음식
246,STORE_SP00247,이현스시,서울 송파구 백제고분로45길 13,(지번) 송파동 43,"초밥,롤"
247,STORE_SP00248,파리크라상 올림픽공원키친점,서울 송파구 올림픽로 424 편익C동 1층,(지번) 방이동 88-2,"제과,베이커리"
248,STORE_SP00249,효월,서울 송파구 오금로18길 6 1층,(지번) 송파동 51-2,중화요리
249,STORE_SP00250,김태완스시 송파본점,서울 송파구 오금로 148,(지번) 송파동 48-16,"초밥,롤"
250,STORE_SP00251,꽃낙지,서울 송파구 백제고분로19길 7 1층,(지번) 잠실동 235-11,"해물,생선"
251,STORE_SP00252,아그라 잠실롯데에비뉴엘점,서울 송파구 올림픽로 300 에비뉴엘 6층,(지번) 신천동 29,인도음식
252,STORE_SP00253,장원보쌈왕족발,서울 송파구 백제고분로7길 46,(지번) 잠실동 186,"족발,보쌈"
253,STORE_SP00254,젠,서울 송파구 오금로18길 8 1층 102호,(지번) 송파동 51-3,일식
254,STORE_SP00255,코이라멘 방이점,서울 송파구 올림픽로34길 16 1층,(지번) 방이동 58-22,일본식라면
255,STORE_SP00256,양타령,서울 송파구 위례성대로 192 송산빌딩 1층,(지번) 오금동 4-18,"곱창,막창"
256,STORE_SP00257,스시153,서울 송파구 위례광장로 170 위례송파 힐스테이트 A동 2층 210호,(지번) 장지동 883,"초밥,롤"
257,STORE_SP00258,문어세상해천탕 잠실본점,서울 송파구 오금로 169,(지번) 방이동 114-5,"해물,생선"
258,STORE_SP00259,설빙 석촌호수동호점,서울 송파구 석촌호수로 278 여흥레이크빌 1층,(지번) 송파동 31-1,디저트카페
259,STORE_SP00260,사브레,서울 송파구 송파대로46길 28,(지번) 송파동 27-3,카페
260,STORE_SP00261,이공족발 잠실새내본점,서울 송파구 백제고분로9길 26 1층,(지번) 잠실동 202,"족발,보쌈"
261,STORE_SP00262,스타벅스 송파나루역DT점,서울 송파구 오금로 142,(지번) 송파동 59-9,커피전문점
262,STORE_SP00263,어리랑,서울 송파구 풍성로26길 16,(지번) 풍납동 157-7,회
263,STORE_SP00264,셰프의부엌,서울 송파구 가락로 259 1층,(지번) 방이동 136-13,이탈리안
264,STORE_SP00265,다케오호르몬데판야끼 송리단길점,서울 송파구 백제고분로45길 8 1층,(지번) 송파동 49-11,"육류,고기"
265,STORE_SP00266,한림돈가 방이점,서울 송파구 오금로15길 4 1층,(지번) 방이동 71-14,"육류,고기"
266,STORE_SP00267,쭈꾸미도사 방이점,서울 송파구 올림픽로32길 22 1층,(지번) 방이동 63-14,"해물,생선"
267,STORE_SP00268,하남춘천골닭갈비,서울 송파구 오금로13길 12,(지번) 방이동 69,닭요리
268,STORE_SP00269,만옥당,서울 송파구 백제고분로45길 9 2층,(지번) 송파동 45-4,카페
269,STORE_SP00270,리프레쉬커피,서울 송파구 송이로30길 11,(지번) 문정동 107-3,커피전문점
270,STORE_SP00271,랜돌프비어,서울 송파구 백제고분로7길 58 2층,(지번) 잠실동 208,"호프,요리주점"
271,STORE_SP00272,쥬뗑뷔뜨,서울 송파구 백제고분로40길 14 1층 103호,(지번) 석촌동 283-10,"제과,베이커리"
272,STORE_SP00273,입 분식,서울 송파구 오금로18길 10 1층,(지번) 송파동 51-4,분식
273,STORE_SP00274,한성양꼬치,서울 송파구 중대로 134 부평빌딩 1층,(지번) 가락동 112,양꼬치
274,STORE_SP00275,테이크어샤워,서울 송파구 송파대로47길 1,(지번) 석촌동 181-1,디저트카페
275,STORE_SP00276,바토스 잠실점,서울 송파구 올림픽로 240 롯데백화점 지하1층,(지번) 잠실동 40-1,"멕시칸,브라질"
276,STORE_SP00277,유타로 가락점,서울 송파구 송파대로28길 24 밀리아나2차오피스텔 105호,(지번) 가락동 79-5,일본식라면
277,STORE_SP00278,동촌보리밥돈까스 거여본점,서울 송파구 거마로 22,(지번) 거여동 43,한식
278,STORE_SP00279,송파아구찜,서울 송파구 오금로44길 50-22,(지번) 가락동 194-15,아구
279,STORE_SP00280,세광양대창 가락점,서울 송파구 송파대로30길 23 1층,(지번) 가락동 81-1,"곱창,막창"
280,STORE_SP00281,임뻬라또,서울 송파구 올림픽로37길 130 파크리오아파트 A상가 3층,(지번) 신천동 17-4,이탈리안
281,STORE_SP00282,라움파스타,서울 송파구 송파대로39길 1-8,(지번) 석촌동 293-9,이탈리안
282,STORE_SP00283,빈티지1981,서울 송파구 석촌호수로 194 태호빌딩 2층,(지번) 석촌동 1-3,이탈리안
283,STORE_SP00284,신천생태,서울 송파구 올림픽로8길 32,(지번) 잠실동 198-7,"해물,생선"
284,STORE_SP00285,어부회수산,서울 송파구 백제고분로40길 25 1층,(지번) 석촌동 292-6,회
285,STORE_SP00286,신서방부대고기,서울 송파구 오금로46길 16,(지번) 가락2동 174-22,"찌개,전골"
286,STORE_SP00287,주문진해물한상,서울 송파구 오금로19길 9,(지번) 방이동 111-8,"해물,생선"
287,STORE_SP00288,백암왕순대,서울 송파구 위례성대로18길 27-6,(지번) 방이1동 206-3,순대
288,STORE_SP00289,츠쿠모,서울 송파구 올림픽로32길 58 1층,(지번) 방이동 105-4,일식
289,STORE_SP00290,쭈꾸미도사 잠실새내점,서울 송파구 백제고분로7길 30 1층,(지번) 잠실동 189,"해물,생선"
290,STORE_SP00291,옛촌매운갈비찜,서울 송파구 올림픽로32길 24,(지번) 방이동 62,갈비
291,STORE_SP00292,나폴레옹제과점 잠실점,서울 송파구 백제고분로 67,(지번) 잠실본동 175-1,"제과,베이커리"
292,STORE_SP00293,오발탄 송파점,서울 송파구 위례성대로 206,(지번) 오금동 4-13,"곱창,막창"
293,STORE_SP00294,통,서울 송파구 위례성대로18길 14,(지번) 방이동 187-5,일본식주점
294,STORE_SP00295,니엔테,서울 송파구 백제고분로45길 40 2층,(지번) 송파동 58-15,이탈리안
295,STORE_SP00296,라오빠빠,서울 송파구 송이로17길 57 1층,(지번) 가락동 18-5,아시아음식
296,STORE_SP00297,브루클린더버거조인트 롯데월드몰점,서울 송파구 올림픽로 300 3층,(지번) 신천동 29,햄버거
297,STORE_SP00298,스시준 잠실점,서울 송파구 올림픽로35다길 32 지하1층,(지번) 신천동 7-26,"초밥,롤"
298,STORE_SP00299,청담초밥 문정점,서울 송파구 법원로4길 5,(지번) 문정동 652,"초밥,롤"
299,STORE_SP00300,남한산성 마천점,서울 송파구 마천로39길 5,(지번) 마천동 118-23,"육류,고기"
300,STORE_SP00301,시그니엘서울 비채나,서울 송파구 올림픽로 300 81층,(지번) 신천동 29,한정식
301,STORE_SP00302,스파이스랩,서울 송파구 가락로 148 1층 106호,(지번) 송파동 103-11,인도음식
302,STORE_SP00303,역전식당 신천직영점,서울 송파구 백제고분로9길 27,(지번) 잠실동 190-6,"육류,고기"
303,STORE_SP00304,금바위감자탕 가락본점,서울 송파구 중대로 120,(지번) 가락동 112-8,감자탕
304,STORE_SP00305,평창갈비 방이점,서울 송파구 위례성대로 98,(지번) 방이동 165-3,갈비
305,STORE_SP00306,꼭그닭 잠실점,서울 송파구 오금로11길 14 동성빌딩 2층 201호,(지번) 방이동 64-1,"호프,요리주점"
306,STORE_SP00307,원조동대문닭한마리칼국수,서울 송파구 올림픽로30길 6,(지번) 방이동 24-8,닭요리
307,STORE_SP00308,용장어,서울 송파구 송파대로32길 15 가락금호아파트상가 1층 111호,(지번) 가락동 95-1,장어
308,STORE_SP00309,이자카야오모,서울 송파구 올림픽로32길 52 2층,(지번) 방이동 104,일본식주점
309,STORE_SP00310,삼광호수,서울 송파구 송파대로49길 58,(지번) 석촌동 1-4,갈비
310,STORE_SP00311,엔제리너스 석촌호수DI점,서울 송파구 석촌호수로 224 1층,(지번) 석촌동 158-10,커피전문점
311,STORE_SP00312,나레초밥 신천점,서울 송파구 백제고분로7길 54 1층,(지번) 잠실동 185-7,"초밥,롤"
312,STORE_SP00313,VIPS DELIVERY 송파점,서울 송파구 오금로 194,(지번) 송파동 142-2,음식점
313,STORE_SP00314,홍종흔베이커리&케익부띠끄,서울 송파구 양재대로71길 8 1층,(지번) 방이동 186-9,"제과,베이커리"
314,STORE_SP00315,가야촌유황오리,서울 송파구 오금로 533,(지번) 거여동 35-5,오리
315,STORE_SP00316,진원조닭한마리 잠실신천점,서울 송파구 백제고분로7길 32-11 1층,(지번) 잠실동 188-2,닭요리
316,STORE_SP00317,더맛있는족발보쌈 가락점,서울 송파구 양재대로62길 41 1층,(지번) 가락동 75-15,"족발,보쌈"
317,STORE_SP00318,김과장고깃집 신천점,서울 송파구 백제고분로7길 16-13 1층,(지번) 잠실동 192-3,"육류,고기"
318,STORE_SP00319,착한낙지,서울 송파구 동남로 143,(지번) 가락동 125-4,"해물,생선"
319,STORE_SP00320,명서식당,서울 송파구 백제고분로7길 42-29 102호,(지번) 잠실동 206-1,일본식주점
320,STORE_SP00321,석촌옛터,서울 송파구 백제고분로41길 42,(지번) 송파동 30,"육류,고기"
321,STORE_SP00322,케키하우스,서울 송파구 백제고분로41길 35 2층,(지번) 송파동 10-1,카페
322,STORE_SP00323,라무진 잠실방이점,서울 송파구 오금로11길 11-8 108호,(지번) 방이동 34-2,"육류,고기"
323,STORE_SP00324,박복순쭈꾸미,서울 송파구 백제고분로41길 42-20 1층 101호,(지번) 송파동 30-10,"해물,생선"
324,STORE_SP00325,글로리식당,서울 송파구 백제고분로42길 4-13,(지번) 송파동 85-12,한식
325,STORE_SP00326,머머,서울 송파구 삼학사로18길 5,(지번) 석촌동 6-5,디저트카페
326,STORE_SP00327,셜록홈즈 잠실2호점,서울 송파구 백제고분로7길 31 4층,(지번) 잠실동 182-5,테마카페
327,STORE_SP00328,씨젬므쥬르,서울 송파구 백제고분로41길 25 1층,(지번) 송파동 12-3,양식
328,STORE_SP00329,지인고기,서울 송파구 송파대로 167 문정테라타워 A동 지하1층 G183호,(지번) 문정동 343,"육류,고기"
329,STORE_SP00330,오키나와블루 잠실점,서울 송파구 오금로17길 7,(지번) 방이동 104-3,양식
330,STORE_SP00331,스타쉐프,서울 송파구 위례성대로 134 5층,(지번) 방이동 183-6,양식
331,STORE_SP00332,고구려민속주막,서울 송파구 올림픽로32길 18 경진빌딩 지하1층,(지번) 방이동 64-6,"호프,요리주점"
332,STORE_SP00333,함평육회 본점,서울 송파구 올림픽로32길 22-19 1층,(지번) 방이동 62-2,"육류,고기"
333,STORE_SP00334,롼스,서울 송파구 백제고분로43길 8 1층,(지번) 송파동 46-19,커피전문점
334,STORE_SP00335,신순남 부뚜막매운갈비찜,서울 송파구 송파대로49길 59,(지번) 석촌동 3-1,갈비
335,STORE_SP00336,이랑칼국수,서울 송파구 백제고분로41길 6,(지번) 송파동 21-6,국수
336,STORE_SP00337,에그드랍 문정역점,서울 송파구 송파대로 167 테라타워 A동 G124호,(지번) 문정동 334-4,샌드위치
337,STORE_SP00338,79대포 방이점,서울 송파구 올림픽로32길 36 1층,(지번) 방이동 71-9,실내포장마차
338,STORE_SP00339,벌툰 잠실새내점,서울 송파구 백제고분로7길 27 반석빌딩 3층,(지번) 잠실동 180-9,만화카페
339,STORE_SP00340,연탄부락 잠실새내점,서울 송파구 백제고분로9길 22 1층,(지번) 잠실동 201,"육류,고기"
340,STORE_SP00341,그릴210버거,서울 송파구 백제고분로 393 황제빌딩 1층,(지번) 송파동 20,햄버거
341,STORE_SP00342,효모,서울 송파구 석촌호수로12길 20 1층 105호,(지번) 잠실동 206-4,"제과,베이커리"
342,STORE_SP00343,나주곰탕,서울 송파구 백제고분로 271,(지번) 삼전동 133-13,곰탕
343,STORE_SP00344,스타벅스 문정역점,서울 송파구 송파대로 167,(지번) 문정동 338,커피전문점
344,STORE_SP00345,청정해,서울 송파구 송파대로28길 27 성원상떼빌 102동 2층,(지번) 가락동 80,일식집
345,STORE_SP00346,잠실황소곱창,서울 송파구 삼학사로19길 5,(지번) 삼전동 128-2,"곱창,막창"
346,STORE_SP00347,화심,서울 송파구 백제고분로9길 49 2층,(지번) 잠실동 186-11,일본식주점
347,STORE_SP00348,옛날농장 방이점,서울 송파구 올림픽로32길 19-10,(지번) 방이동 60-1,갈비
348,STORE_SP00349,삼방매,서울 송파구 백제고분로45길 23 1층 105호,(지번) 송파동 39-3,일식
349,STORE_SP00350,사케쇼프,서울 송파구 오금로16길 12,(지번) 송파동 56-6,일본식주점
350,STORE_SP00351,갯마을,서울 송파구 백제고분로34길 41,(지번) 석촌동 226,"게,대게"
351,STORE_SP00352,맛나닭가마솥치킨,서울 송파구 마천로51길 23 1층,(지번) 마천동 176-6,치킨
352,STORE_SP00353,포유티,서울 송파구 위례성대로18길 28-13 1층,(지번) 방이동 208-18,동남아음식
353,STORE_SP00354,비엔나커피하우스 가락시장점,서울 송파구 송파대로28길 13 거북이빌딩 1층,(지번) 가락동 98-7,커피전문점
354,STORE_SP00355,하얼빈양꼬치 잠실본점,서울 송파구 백제고분로17길 45 1층,(지번) 잠실동 207-17,양꼬치
355,STORE_SP00356,파티세리도효,서울 송파구 백제고분로45길 21-1 2층,(지번) 송파동 39-9,디저트카페
356,STORE_SP00357,서가앤쿡 서울잠실점,서울 송파구 석촌호수로 176 3층,(지번) 삼전동 130-2,양식
357,STORE_SP00358,생생아구,서울 송파구 백제고분로7길 8-37,(지번) 잠실동 198-1,아구
358,STORE_SP00359,돈사돈 방이점,서울 송파구 올림픽로34길 20-1,(지번) 방이동 58-1,"육류,고기"
359,STORE_SP00360,맥도날드 위례신도시점,서울 송파구 위례광장로 290 위례중앙푸르지오2단지 상가 1층 119~122호,(지번) 장지동 896,패스트푸드
360,STORE_SP00361,피피샐러드,서울 송파구 송파대로49길 50 B동 203호,(지번) 석촌동 24-14,카페
361,STORE_SP00362,맥도날드 석촌역점,서울 송파구 백제고분로 390,(지번) 송파동 84,패스트푸드
362,STORE_SP00363,도니족발,서울 송파구 백제고분로41길 45,(지번) 송파동 7-12,"족발,보쌈"
363,STORE_SP00364,스타벅스 석촌서호점,서울 송파구 석촌호수로 176 1층,(지번) 삼전동 130-2,커피전문점
364,STORE_SP00365,아우어베이커리 롯데백화점 잠실점,서울 송파구 올림픽로 240 지하 1층,(지번) 잠실동 40-1,"제과,베이커리"
365,STORE_SP00366,좋은생고기정육점식당 2호점,서울 송파구 오금로13길 9 석정빌딩 1층,(지번) 방이동 62-8,"육류,고기"
366,STORE_SP00367,오동나무집24시감자국 방이점,"서울 송파구 오금로11길 55 현대주상복합빌딩 1층 102, 103호",(지번) 방이동 48-5,감자탕
367,STORE_SP00368,24시비사벌 전주콩나물국밥 송파점,서울 송파구 백제고분로 181,(지번) 잠실동 250-13,국밥
368,STORE_SP00369,세이류,서울 송파구 올림픽로35가길 9,(지번) 신천동 11-4,일식
369,STORE_SP00370,개나리아구찜 송파점,서울 송파구 가락로 259 1층,(지번) 방이동 136-13,아구
370,STORE_SP00371,요시,서울 송파구 위례성대로18길 9-1 1층,(지번) 방이동 186-15,일식집
371,STORE_SP00372,선궁 가락점,서울 송파구 송이로 171,(지번) 가락동 125-9,중화요리
372,STORE_SP00373,서울소곱창,서울 송파구 백제고분로7길 24-11 1층,(지번) 잠실동 190-2,"곱창,막창"
373,STORE_SP00374,스시다원,서울 송파구 삼전로12길 6 1층,(지번) 삼전동 4,"초밥,롤"
374,STORE_SP00375,문가네정육식당,서울 송파구 새말로 125,(지번) 문정동 85,"육류,고기"
375,STORE_SP00376,성민양꼬치 잠실점,서울 송파구 오금로15길 7-1,(지번) 방이동 68-6,양꼬치
376,STORE_SP00377,경성광장,서울 송파구 오금로16길 10-6 1층,(지번) 송파동 57-3,테마카페
377,STORE_SP00378,카페소서,서울 송파구 문정로 173 1층,(지번) 가락동 177-12,카페
378,STORE_SP00379,쇠돌이,서울 송파구 송파대로30길 39,(지번) 가락동 76-6,"육류,고기"
379,STORE_SP00380,냠냠물고기 루프탑라운지,서울 송파구 송이로 135 6층,(지번) 가락동 123-8,일식
380,STORE_SP00381,진성한우곱창 잠실방이점,서울 송파구 올림픽로32길 19 1층,(지번) 방이동 60,"곱창,막창"
381,STORE_SP00382,몬스터핸드보드카페 방이점,서울 송파구 오금로13길 9 4층,(지번) 방이동 62-8,보드카페
382,STORE_SP00383,카페미뇽,서울 송파구 오금로11길 12 1층 105호,(지번) 방이동 64-12,디저트카페
383,STORE_SP00384,도키도키키친,서울 송파구 백제고분로41길 18 1층,(지번) 송파동 24-7,일본식주점
384,STORE_SP00385,정라멘,서울 송파구 삼전로12길 7 1층,(지번) 삼전동 2-4,일본식라면
385,STORE_SP00386,조개창고,서울 송파구 올림픽로10길 13-1 3층,(지번) 잠실동 191-1,조개
386,STORE_SP00387,살롱드쥬,서울 송파구 위례성대로12길 4 1층,(지번) 방이동 165-2,이탈리안
387,STORE_SP00388,신천풍천 민물장어,서울 송파구 석촌호수로12길 8 1층,(지번) 잠실동 208-6,장어
388,STORE_SP00389,장원곱창,서울 송파구 올림픽로32길 9,(지번) 방이동 36-3,"곱창,막창"
389,STORE_SP00390,72420 송파직영점,서울 송파구 백제고분로45길 12,(지번) 송파동 51-10,베트남음식
390,STORE_SP00391,투썸플레이스 잠실역점,서울 송파구 올림픽로35다길 32 예전빌딩1층,(지번) 신천동 7-26,커피전문점
391,STORE_SP00392,신양로스터스,서울 송파구 오금로18길 3 1층,(지번) 송파동 48-15,카페
392,STORE_SP00393,당산오돌 잠실신천점,서울 송파구 백제고분로9길 31 1층,(지번) 잠실동 189-15,"육류,고기"
393,STORE_SP00394,스타벅스 올림픽공원남문점,서울 송파구 위례성대로 102 태평양파크빌라트 아케이드 1층,(지번) 방이동 181,커피전문점
394,STORE_SP00395,금왕평양면옥,서울 송파구 위례성대로16길 23,(지번) 방이동 201-1,냉면
395,STORE_SP00396,디저티스트,서울 송파구 송파대로48길 37 호수임광아파트상가 2층,(지번) 송파동 33,디저트카페
396,STORE_SP00397,블랙드롭커피 석촌호수점,서울 송파구 삼학사로 90 1층,(지번) 석촌동 2-7,커피전문점
397,STORE_SP00398,쿠치나디까사 문정점,"서울 송파구 송파대로 201 송파테라타워2 A동 1층 A-110,111호",(지번) 문정동 201,이탈리안
398,STORE_SP00399,수동상회,서울 송파구 양재대로 932 가락몰 5관 1층,(지번) 가락동 600,회
399,STORE_SP00400,삽다리손칼국수,서울 송파구 올림픽로8길 23,(지번) 잠실동 193-2,국수
400,STORE_SP00401,서울제빵소 본점,서울 송파구 양재대로 1178 올림픽선수기자촌1단지아파트상가 2층,(지번) 방이동 89-20,"제과,베이커리"
401,STORE_SP00402,하츠베이커리,서울 송파구 중대로 210 2층,(지번) 가락동 156-1,"제과,베이커리"
402,STORE_SP00403,장미맨숀 잠신신천점,서울 송파구 백제고분로7길 27 2층,(지번) 잠실동 180-9,"호프,요리주점"
403,STORE_SP00404,자몽하다,서울 송파구 백제고분로 438,(지번) 송파동 135-5,디저트카페
404,STORE_SP00405,장털보설렁탕 본점,서울 송파구 중대로 288,(지번) 오금동 81,설렁탕
405,STORE_SP00406,1967모범떡볶이 신천점,서울 송파구 백제고분로7길 54 2층,(지번) 잠실동 185-7,떡볶이
406,STORE_SP00407,우사기식당,서울 송파구 백제고분로40길 27 1층,(지번) 석촌동 293-3,일식
407,STORE_SP00408,빽돈 방이점,서울 송파구 올림픽로32길 29 유성빌딩 1층,(지번) 방이동 70,"육류,고기"
408,STORE_SP00409,대박집,서울 송파구 삼학사로 72,(지번) 석촌동 10-7,"육류,고기"
409,STORE_SP00410,비엔나커피하우스 송파사거리점,서울 송파구 가락로 114 신우빌딩 1층 102호,(지번) 석촌동 296-2,커피전문점
410,STORE_SP00411,정성면옥 문정점,"서울 송파구 문정로 31 1, 2층",(지번) 문정동 37-9,한식
411,STORE_GD00001,광고팔복도가니탕 강동점,경기 하남시 서하남로 24,(지번) 감북동 444-13,설렁탕
412,STORE_GD00002,광고양진말웅골,서울 강동구 강동대로53길 18 진스빌딩 2층,(지번) 성내동 442-16,샤브샤브
413,STORE_GD00003,스윗솔트,서울 강동구 상암로 286,(지번) 명일동 222-3,디저트카페
414,STORE_GD00004,백년화편,서울 강동구 양재대로81길 18,(지번) 성내동 441-8,"떡,한과"
415,STORE_GD00005,차이나린찐,서울 강동구 강동대로 217 인텍스파크뷰 1층,(지번) 성내동 448-24,중화요리
416,STORE_GD00006,스테이지28,서울 강동구 아리수로61길 105 1층,(지번) 고덕동 397-24,패밀리레스토랑
417,STORE_GD00007,갓잇 올림픽공원점,서울 강동구 성안로 14,(지번) 성내동 446-22,"멕시칸,브라질"
418,STORE_GD00008,긴자 올림픽공원점,서울 강동구 강동대로 223,(지번) 성내동 448-21,일식집
419,STORE_GD00009,브랜뉴하이몬드,"서울 강동구 천호옛14길 11 1,2층",(지번) 성내동 43-19,디저트카페
420,STORE_GD00010,로니로티 천호점,서울 강동구 천호대로 1027 2층,(지번) 천호동 454-15,이탈리안
421,STORE_GD00011,강동반상,서울 강동구 상일로6길 39 강동타워 지하1층,(지번) 상일동 502,한정식
422,STORE_GD00012,풍년상회쪽갈비,서울 강동구 천호옛14길 23-6,(지번) 성내동 12-39,갈비
423,STORE_GD00013,이한진숙성회,서울 강동구 구천면로 247-1 2층,(지번) 천호동 393-15,회
424,STORE_GD00014,더식당,서울 강동구 천호대로157길 24 2층,(지번) 천호동 453-23,양식
425,STORE_GD00015,온전히,서울 강동구 양재대로102가길 7,(지번) 둔촌동 446-9,"초밥,롤"
426,STORE_GD00016,인정원월남쌈 본점,서울 강동구 천호대로 1158 1층,(지번) 둔촌동 425-1,동남아음식
427,STORE_GD00017,커피몽타주,서울 강동구 올림픽로48길 23-12 1층,(지번) 성내동 555-5,커피전문점
428,STORE_GD00018,신흥정육식당,서울 강동구 양재대로89길 16,(지번) 성내동 428-2,"육류,고기"
429,STORE_GD00019,버섯잔치집,서울 강동구 성내로 52,(지번) 성내동 549-4,한식
430,STORE_GD00020,족발선생,서울 강동구 올림픽로70길 51-6,(지번) 천호동 415-27,"족발,보쌈"
431,STORE_GD00021,수라연,서울 강동구 강동대로 143-64 태창타워 2층,(지번) 성내동 451-2,한정식
432,STORE_GD00022,안녕식당,서울 강동구 천호대로159길 53,(지번) 천호동 409-34,일식
433,STORE_GD00023,푸지미곱창,서울 강동구 천호옛14길 23,(지번) 성내동 42-5,"곱창,막창"
434,STORE_GD00024,이탄집 길동점,"서울 강동구 양재대로111길 15 115, 116호",(지번) 길동 413-1,"육류,고기"
435,STORE_GD00025,고급아바이순대,서울 강동구 진황도로 127,(지번) 길동 250,순대
436,STORE_GD00026,꼼떼 바베큐 둔촌본점,서울 강동구 동남로51길 9 1층,(지번) 둔촌동 598,이탈리안
437,STORE_GD00027,오늘손칼국수&찜 강동본점,서울 강동구 풍성로 206,(지번) 성내동 417-42,"해물,생선"
438,STORE_GD00028,쭈꾸미도사 천호점,서울 강동구 천호대로158길 9 1층,(지번) 성내동 11-9,"해물,생선"
439,STORE_GD00029,데카망,서울 강동구 천호옛14길 35 1층 101호,(지번) 성내동 12-25,일식
440,STORE_GD00030,미드데이썬,서울 강동구 양재대로91나길 55,(지번) 성내동 432-4,카페
441,STORE_GD00031,으뜸회,서울 강동구 양재대로122가길 39 1층,(지번) 길동 335-3,회
442,STORE_GD00032,페더커피,서울 강동구 진황도로 123 1층 101호,(지번) 길동 247,카페
443,STORE_GD00033,봉래면옥,서울 강동구 명일로 200-16,(지번) 길동 227-1,냉면
444,STORE_GD00034,길조,서울 강동구 천호대로 1173,(지번) 길동 236-8,"매운탕,해물탕"
445,STORE_GD00035,하다식당,서울 강동구 양재대로124길 29,(지번) 길동 333-7,일식집
446,STORE_GD00036,평상시,서울 강동구 고덕로20길 26 1층,(지번) 암사동 458-67,카페
447,STORE_GD00037,송월냉면,서울 강동구 구천면로29길 26,(지번) 천호동 401-7,냉면
448,STORE_GD00038,송하정스시,서울 강동구 상일로 39-8 1층,(지번) 상일동 230,"초밥,롤"
449,STORE_GD00039,솜솜베이커리,서울 강동구 암사1가길 37 1층,(지번) 암사동 465-9,"제과,베이커리"
450,STORE_GD00040,피콜로,서울 강동구 천호대로168가길 51 1층,(지번) 성내동 21-2,이탈리안
451,STORE_GD00041,양도령숯불민물장어 본점,서울 강동구 양재대로 1521,(지번) 천호동 51-12,장어
452,STORE_GD00042,서초면옥 천호본점,서울 강동구 올림픽로 728,(지번) 천호동 314-2,냉면
453,STORE_GD00043,멘야세븐,서울 강동구 양재대로112길 45,(지번) 길동 396-13,일본식라면
454,STORE_GD00044,메이탄 길동점,서울 강동구 천호대로 1125 2층,(지번) 길동 457-2,중화요리
455,STORE_GD00045,킹콩파스타,서울 강동구 진황도로47길 67 1층,(지번) 길동 390-30,이탈리안
456,STORE_GD00046,시집,서울 강동구 천호대로158길 15-8,(지번) 성내동 42-12,"육류,고기"
457,STORE_GD00047,펠어커피 강동점,서울 강동구 천호옛14길 23-12 1층,(지번) 성내동 12-29,커피전문점
458,STORE_GD00048,산수고원,서울 강동구 동남로 588,(지번) 둔촌동 105-12,한정식
459,STORE_GD00049,강동해물찜해천탕,"서울 강동구 양재대로 1416 1,2층",(지번) 둔촌동 439,"매운탕,해물탕"
460,STORE_GD00050,스타시티서울,서울 강동구 구천면로 140,(지번) 천호동 469-1,양식
461,STORE_GD00051,몽땅족발,서울 강동구 구천면로24길 20-16 천호엘크루주상복합 1층 108호,(지번) 천호동 426-3,"족발,보쌈"
462,STORE_GD00052,고모네 원조콩탕북어탕,서울 강동구 풍성로57길 13,(지번) 성내동 413-13,두부전문점
463,STORE_GD00053,숯불돼지갈비마포집,서울 강동구 천호옛14길 16,(지번) 성내2동 32-6,갈비
464,STORE_GD00054,성내동커피집 온온,서울 강동구 성내로18길 34 1층,(지번) 성내동 469-9,커피전문점
465,STORE_GD00055,아웃백스테이크하우스 천호점,서울 강동구 올림픽로 660 지하1층,(지번) 천호동 427-3,패밀리레스토랑
466,STORE_GD00056,봄플레이트,서울 강동구 천호대로182길 26 1층,(지번) 둔촌동 430-3,퓨전요리
467,STORE_GD00057,천호동엄마손만두,서울 강동구 올림픽로 683 명화빌딩 1층 101호,(지번) 천호동 340-34,분식
468,STORE_GD00058,화진포막국수 강동구청점,서울 강동구 성내로10길 12,(지번) 성내동 559-9,국수
469,STORE_GD00059,셀프하우스,서울 강동구 올림픽로 572 코오롱2차아파트상가 107호,(지번) 성내동 595,분식
470,STORE_GD00060,풍촌코다리네 본점,서울 강동구 올림픽로 763,(지번) 암사동 512-22,"해물,생선"
471,STORE_GD00061,최냉면,서울 강동구 천호옛8길 34,(지번) 성내동 291-7,냉면
472,STORE_GD00062,황도바지락칼국수,서울 강동구 천호대로 1256,(지번) 둔촌동 576-4,국수
473,STORE_GD00063,강동호치민,서울 강동구 천호대로 1089 강동헤르셔 B47호,(지번) 천호동 447-17,동남아음식
474,STORE_GD00064,감동정육식당,서울 강동구 진황도로 21-1 1층,(지번) 천호동 557,"육류,고기"
475,STORE_GD00065,세꼬시,서울 강동구 양재대로 1427,(지번) 성내동 379-32,회
476,STORE_GD00066,지리산왕재봉흑돼지 암사점,서울 강동구 상암로 26,(지번) 암사동 511-20,"육류,고기"
477,STORE_GD00067,등갈비달인 천호본점,서울 강동구 천호대로158길 25,(지번) 성내동 42-7,갈비
478,STORE_GD00068,오형제손짜장 강동점,서울 강동구 천호대로 1108,(지번) 성내동 199-13,중화요리
479,STORE_GD00069,짬뽕지존 길동점,서울 강동구 양재대로 1450 1층,(지번) 길동 438,중화요리
480,STORE_GD00070,블랑제리11-17,서울 강동구 올림픽로 624 1층,(지번) 성내동 78-1,"제과,베이커리"
481,STORE_GD00071,주양두리돈까스 암사직영점,서울 강동구 고덕로 89 2층,(지번) 암사동 447-7,"돈까스,우동"
482,STORE_GD00072,스시혼,서울 강동구 구천면로 424 명일메가타운 1층 116호,(지번) 명일동 325-11,"초밥,롤"
483,STORE_GD00073,예가족발,서울 강동구 양재대로 1424,(지번) 둔촌동 436-3,"족발,보쌈"
484,STORE_GD00074,명일원조닭발,서울 강동구 상암로47길 86,(지번) 명일동 325-16,닭요리
485,STORE_GD00075,꿀꿀진순대국,서울 강동구 양재대로103길 70 1층,(지번) 성내동 199-17,순대
486,STORE_GD00076,주양명가돈까스 명일본점,서울 강동구 동남로73길 26,(지번) 명일동 47-12,"돈까스,우동"
487,STORE_GD00077,오징어참치,서울 강동구 구천면로 246 1층,(지번) 천호동 397-399,회
488,STORE_GD00078,역전할머니맥주 천호점,"서울 강동구 천호대로157길 37 1층 1, 2호",(지번) 천호동 413-1,"호프,요리주점"
489,STORE_GD00079,육대쌈 암사점,서울 강동구 고덕로 104,(지번) 암사동 452-49,고기뷔페
490,STORE_GD00080,채스우드커피,서울 강동구 성안로 42 1층,(지번) 성내동 434-20,카페
491,STORE_GD00081,풀팬,서울 강동구 올림픽로 660,(지번) 천호동 427-3,이탈리안
492,STORE_GD00082,파트원나이스,서울 강동구 올림픽로89길 29,(지번) 천호동 321-16,카페
493,STORE_GD00083,함경면옥,서울 강동구 강동대로 215 1층,(지번) 성내동 448-26,냉면
494,STORE_GD00084,와고참숯갈비,서울 강동구 올림픽로70길 47-7,(지번) 천호동 415-16,갈비
495,STORE_GD00085,김여사네국수,서울 강동구 천호대로162길 19 1층,(지번) 성내동 19-9,국수
496,STORE_GD00086,분홍다이닝,서울 강동구 천호대로157길 18 원앙빌딩 3층,(지번) 천호동 453-8,카페
497,STORE_GD00087,근초밥,서울 강동구 올림픽로 538 1층,(지번) 성내동 553-27,"초밥,롤"
498,STORE_GD00088,키읔피읖,"서울 강동구 진황도로 6 1,2층",(지번) 천호동 409-31,카페
499,STORE_GD00089,스시야미 천호본점,"서울 강동구 진황도로 4-9 1, 2층",(지번) 천호동 410-4,"초밥,롤"
500,STORE_GD00090,모범떡볶이앤수제돈가스 길동점,"서울 강동구 진황도로 85 강동QV2차 101호, 103호",(지번) 길동 415-13,떡볶이
501,STORE_GD00091,만찬,서울 강동구 동남로 640,(지번) 둔촌동 1-3,"해물,생선"
502,STORE_GD00092,황실짜장 광진교4호점,서울 강동구 올림픽로 688 1층,(지번) 천호동 358-14,중화요리
503,STORE_GD00093,분더버거,서울 강동구 천호대로168가길 57 102호,(지번) 성내동 21-1,햄버거
504,STORE_GD00094,에이컷스테이크 올림픽공원점,서울 강동구 강동대로 187 파크뷰캐슬 2층,(지번) 성내동 468-4,"스테이크,립"
505,STORE_GD00095,맥도날드 서울둔촌DT점,서울 강동구 양재대로 1382,(지번) 둔촌동 517-2,패스트푸드
506,STORE_GD00096,백제추어탕,서울 강동구 양재대로 1406,(지번) 둔촌동 486-5,추어
507,STORE_GD00097,토속한방삼계탕,서울 강동구 천호대로 1152 105동 101호,(지번) 둔촌동 435-4,삼계탕
508,STORE_GD00098,육돈식당,서울 강동구 양재대로 1459 대진빌딩 1층,(지번) 길동 412-16,"육류,고기"
509,STORE_GD00099,블랑디저트카페,서울 강동구 양재대로145길 6 2층,(지번) 명일동 312-56,디저트카페
510,STORE_GD00100,평양만두집,서울 강동구 성내로 14,(지번) 성내동 552-5,분식
511,STORE_GD00101,작은깡통,서울 강동구 양재대로124길 47,(지번) 길동 330-2,"육류,고기"
512,STORE_GD00102,바이재재,서울 강동구 풍성로53길 27 1층,(지번) 성내동 405-45,"제과,베이커리"
513,STORE_GD00103,얌얌카츠,서울 강동구 천호옛14길 22,(지번) 성내동 30-1,"돈까스,우동"
514,STORE_GD00104,천호누룽지통닭구이 성내점,서울 강동구 천호옛14길 35,(지번) 성내동 12-25,치킨
515,STORE_GD00105,종로곱창,서울 강동구 올림픽로62길 40 1층,(지번) 성내동 41-5,"곱창,막창"
516,STORE_GD00106,숯불돼지갈비마포집,서울 강동구 상암로 200 1층,(지번) 명일동 346-6,갈비
517,STORE_GD00107,해왕조개전문 둔촌점,서울 강동구 풍성로56길 39,(지번) 성내동 428-1,조개
518,STORE_GD00108,스타벅스 강동암사DT,서울 강동구 고덕로 43,(지번) 암사동 441-12,커피전문점
519,STORE_GD00109,착한낙지 서울둔촌점,서울 강동구 동남로 592,(지번) 둔촌동 105-10,"해물,생선"
520,STORE_GD00110,빙수야,서울 강동구 진황도로 32,(지번) 천호동 397-170,분식
521,STORE_GD00111,신사소곱창 천호점,서울 강동구 천호대로155길 24,(지번) 천호동 454-23,"곱창,막창"
522,STORE_GD00112,진이네떡볶이,서울 강동구 동남로71길 23 한양아파트상가 1층,(지번) 명일동 54,떡볶이
523,STORE_GD00113,함흥본가면옥 길동사거리점,서울 강동구 양재대로 1428,(지번) 둔촌동 436,냉면
524,STORE_GD00114,맥도날드 굽은다리역DT점,서울 강동구 양재대로 1587,(지번) 천호동 31-10,패스트푸드
525,STORE_GD00115,스시현,서울 강동구 천호대로158길 19 1층,(지번) 성내동 42-10,"초밥,롤"
526,STORE_GD00116,초밥의신부타 천호점,서울 강동구 천호대로155길 11,(지번) 천호동 454-10,"초밥,롤"
527,STORE_GD00117,주문진,서울 강동구 성안로3길 27,(지번) 성내동 465-6,일식집
528,STORE_GD00118,왕대포,서울 강동구 구천면로 140 6층,(지번) 천호동 469-1,실내포장마차
529,STORE_GD00119,스시마에,서울 강동구 성내로 40 1층,(지번) 성내동 550-4,"초밥,롤"
530,STORE_GD00120,바오공베트남쌀국수,서울 강동구 상암로 63,(지번) 암사동 495-20,동남아음식
531,STORE_GD00121,스타벅스 천호로데오점,서울 강동구 천호대로 1037,(지번) 천호동 453-14,커피전문점
532,STORE_GD00122,핵밥 천호점,서울 강동구 올림픽로 660 1층,(지번) 천호동 427-3,한식
533,STORE_GD00123,스타벅스 강동구청DT점,서울 강동구 성내로 32,(지번) 성내동 550,커피전문점
534,STORE_GD00124,청해진,서울 강동구 강동대로 187,(지번) 성내동 468-4,"해물,생선"
535,STORE_GD00125,샘밭막국수,서울 강동구 강동대로 241,(지번) 성내동 449-17,국수
536,STORE_GD00126,카쿠,서울 강동구 성안로 45,(지번) 성내동 421-20,카페
537,STORE_GD00127,국민떡볶이,서울 강동구 양재대로83길 14,(지번) 성내동 440-25,떡볶이
538,STORE_GD00128,연풍민락 천호점,서울 강동구 천호대로157길 18 원방빌딩 2층 201호,(지번) 천호동 453-21,"호프,요리주점"
539,STORE_GD00129,별미손칼국수전문,서울 강동구 양재대로141길 7,(지번) 명일동 312-89,국수
540,STORE_GD00130,생어거스틴 성내점,서울 강동구 강동대로 143-64 태창빌딩 1층,(지번) 성내동 451-1,동남아음식
541,STORE_GD00131,황푸차이나,서울 강동구 양재대로 1590 1층,(지번) 명일동 345-6,중화요리
542,STORE_GD00132,쌍둥이네포차,서울 강동구 상암로 102,(지번) 천호동 293-18,실내포장마차
543,STORE_GD00133,다람,서울 강동구 양재대로85길 29,(지번) 성내동 443,"육류,고기"
544,STORE_GD00134,라라브레드 길동점,서울 강동구 양재대로116길 13 지하1~2층,(지번) 길동 364-31,"제과,베이커리"
545,STORE_GD00135,카페제이,서울 강동구 동남로82길 19 1층,(지번) 고덕동 294-1,카페
546,STORE_GD00136,배나무집,서울 강동구 동남로 585,(지번) 둔촌동 105-2,오리
547,STORE_GD00137,한성관,서울 강동구 양재대로141길 20,(지번) 명일동 312-152,중화요리
548,STORE_GD00138,대성원,서울 강동구 천중로15길 37,(지번) 천호동 312-15,중식
549,STORE_GD00139,철원족발,서울 강동구 올림픽로 697,(지번) 천호동 333-46,"족발,보쌈"
550,STORE_GD00140,유미마트,서울 강동구 진황도로27길 4,(지번) 천호동 166-101,"호프,요리주점"
551,STORE_GD00141,엘리펀트커피,서울 강동구 양재대로 1548,(지번) 길동 335-2,커피전문점
552,STORE_GD00142,성일면옥,서울 강동구 성내로 38 서울성내1동우체국 1층 1호,(지번) 성내동 550-3,냉면
553,STORE_GD00143,드딜라이트,서울 강동구 올림픽로 834 한강시티라이프 1층 101호,(지번) 암사동 441,이탈리안
554,STORE_GD00144,산장가든,서울 강동구 동남로49길 24,(지번) 둔촌동 597-6,"육류,고기"
555,STORE_GD00145,카페노란코끼리 천호점,서울 강동구 구천면로24길 20-25,(지번) 천호동 427-5,디저트카페
556,STORE_GD00146,암사민물장어 선사본점,서울 강동구 고덕로 33,(지번) 암사동 506-9,장어
557,STORE_GD00147,원조성내볼데기집,서울 강동구 양재대로81길 20,(지번) 성내동 441-9,"해물,생선"
558,STORE_GD00148,봉메밀,서울 강동구 천호대로203길 10,(지번) 길동 176-2,국수
559,STORE_GD00149,선남Sea,서울 강동구 상암로 26 선사타워빌딩 1층,(지번) 암사동 511-20,"초밥,롤"
560,STORE_GD00150,푸주옥,서울 강동구 강동대로 209,(지번) 성내동 448-29,설렁탕
561,STORE_GD00151,시오미스시,서울 강동구 고덕로25길 12 1층,(지번) 암사동 451-6,"초밥,롤"
562,STORE_GD00152,맥도날드 상일동점,서울 강동구 상일로6길 39,(지번) 상일동 502,패스트푸드
563,STORE_GD00153,브리에,서울 강동구 강동대로51길 50,(지번) 성내동 436-30,디저트카페
564,STORE_GD00154,빠네렌토,서울 강동구 동남로 881 서희스타힐스 1층,(지번) 명일동 48-7,"제과,베이커리"
565,STORE_GD00155,샤브플러스,서울 강동구 천호대로 1015 성보빌딩 지하1층,(지번) 천호동 455,샤브샤브
566,STORE_GD00156,충무굴보쌈족발,서울 강동구 양재대로111길 7,(지번) 길동 412-1,"족발,보쌈"
567,STORE_GD00157,구삼부대찌개,서울 강동구 강동대로53길 12 1층,(지번) 성내동 449,"찌개,전골"
568,STORE_GD00158,디자인카페허브,서울 강동구 천호대로200길 15-16,(지번) 둔촌동 580-6,카페
569,STORE_GD00159,엘리펀트커피 둔촌점,서울 강동구 천호대로 1192,(지번) 둔촌동 53-3,커피전문점
570,STORE_GD00160,스타벅스 둔촌동점,서울 강동구 양재대로 1303 평원빌딩 1층,(지번) 성내동 441-2,커피전문점
571,STORE_GD00161,더맛있는족발보쌈 명일점,서울 강동구 양재대로143길 7 1층,(지번) 명일동 312-76,"족발,보쌈"
572,STORE_GD00162,서울감자탕,서울 강동구 천호대로 1106,(지번) 성내동 199-11,감자탕
573,STORE_GD00163,장안면옥 명일동점,서울 강동구 상암로 297,(지번) 명일동 230-8,냉면
574,STORE_GD00164,라라포분짜쌀국수,서울 강동구 성안로 170 1층,(지번) 길동 384-5,동남아음식
575,STORE_GD00165,길동골목냉면,서울 강동구 양재대로114길 25 1층,(지번) 길동 393-6,냉면
576,STORE_GD00166,대박집 천호점,서울 강동구 구천면로 283,(지번) 천호동 294-27,갈비
577,STORE_GD00167,보성갈비 본점,서울 강동구 양재대로89가길 14,(지번) 성내동 429-8,갈비
578,STORE_GD00168,나주곰탕 길동점,서울 강동구 천호대로 1134 1층,(지번) 성내동 379,곰탕
579,STORE_GD00169,꾸러기분식,서울 강동구 구천면로 389-1,(지번) 명일동 312-234,떡볶이
580,STORE_GD00170,용문객잔,서울 강동구 구천면로41길 14,(지번) 천호동 293-6,중식
581,STORE_GD00171,참사랑해,서울 강동구 양재대로 1500 1층 109호,(지번) 길동 366-14,참치회
582,STORE_GD00172,김경희119닭발 천호본점,서울 강동구 천중로 73,(지번) 천호동 307-9,닭요리
583,STORE_GD00173,길동우동집,서울 강동구 구천면로 198,(지번) 천호동 417-3,"돈까스,우동"
584,STORE_GD00174,림 2호점,서울 강동구 상암로 198 1층,(지번) 명일동 346-5,"육류,고기"
585,STORE_GD00175,깊은실 청국장과보리밥 강동점,서울 강동구 동남로 665,(지번) 둔촌동 596-6,한식
586,STORE_GD00176,스타벅스 천호역점,서울 강동구 천호대로 1012 태승빌딩 1층,(지번) 성내동 62-4,커피전문점
587,STORE_GD00177,사시미 천호점,서울 강동구 천호대로155길 22 1~4층,(지번) 천호동 454-22,회
588,STORE_GD00178,할머니추어탕,서울 강동구 구천면로 516,(지번) 명일동 61,추어
589,STORE_GD00179,옆,서울 강동구 성안로 22,(지번) 성내동 435-12,퓨전요리
590,STORE_GD00180,핵밥 상리단점,서울 강동구 상일로 23 2층,(지번) 상일동 268-8,일식
591,STORE_GD00181,8번가,서울 강동구 천호대로157길 18 원방빌딩 3층,(지번) 천호동 453-21,"호프,요리주점"
592,STORE_GD00182,고덕가든,서울 강동구 아리수로 181-19,(지번) 고덕동 593,장어
593,STORE_GD00183,버거킹 명일DT점,서울 강동구 고덕로 168,(지번) 명일동 305-51,패스트푸드
594,STORE_GD00184,버거킹 길동사거리점,서울 강동구 양재대로 1440 남서울빌딩 1층,(지번) 길동 429,패스트푸드
595,STORE_GD00185,신소녀의낙지세상,서울 강동구 천호대로 1036,(지번) 성내동 11-1,"해물,생선"
596,STORE_GD00186,키친사계,서울 강동구 양재대로85길 69 1층 102호,(지번) 성내동 446-32,이탈리안
597,STORE_GD00187,진성한우곱창,서울 강동구 올림픽로70길 47,(지번) 천호동 415-5,"곱창,막창"
598,STORE_GD00188,100년의꿈제주해물탕 벧엘본점,서울 강동구 천호대로 1226 1~2층,(지번) 둔촌동 603-1,"해물,생선"
599,STORE_GD00189,소문난사골칼국수,서울 강동구 천호대로 1121 일성오피스텔 1층,(지번) 길동 454-1,국수
600,STORE_GD00190,초롱이고모부대찌개,서울 강동구 상암로11길 4,(지번) 암사동 496-17,"찌개,전골"
601,STORE_GD00191,피에로커피,서울 강동구 성내로14길 27,(지번) 성내동 465,카페
602,STORE_GD00192,피카피오,서울 강동구 천호대로 1065,(지번) 천호동 450,초콜릿
603,STORE_GD00193,용궁식당,서울 강동구 올림픽로70길 48,(지번) 천호동 454-24,해산물
604,STORE_GD00194,시찌린,서울 강동구 동남로 877,(지번) 명일동 48-17,샤브샤브
605,STORE_GD00195,느티나무집,서울 강동구 가래여울길 20-2,(지번) 강일동 146,"해물,생선"
606,STORE_GD00196,스타벅스 길동역점,서울 강동구 양재대로 1487,(지번) 길동 378-3,커피전문점
607,STORE_GD00197,수요일,서울 강동구 동남로 891 현대델리안 202호,(지번) 명일동 47-18,커피전문점
608,STORE_GD00198,스타벅스 상일동점,"서울 강동구 상일로10길 36 1,2층",(지번) 상일동 501,커피전문점
609,STORE_GD00199,버드나무집,서울 강동구 가래여울길 20,(지번) 강일동 145-2,장어
610,STORE_GD00200,램스토랑,서울 강동구 천호옛14길 22,(지번) 성내동 30-1,양꼬치
611,STORE_GD00201,강동참치,서울 강동구 양재대로 1442,(지번) 길동 431,참치회
612,STORE_GD00202,여수집,서울 강동구 아리수로68길 28,(지번) 고덕동 512,"해물,생선"
613,STORE_GD00203,벌스커피,서울 강동구 성내로5길 34,(지번) 성내동 536-1,카페
614,STORE_GD00204,한우촌 돼지마을&간장게장 직영점,서울 강동구 양재대로 1534,(지번) 길동 336-3,"육류,고기"
615,STORE_GD00205,솔리,서울 강동구 진황도로 4-5,(지번) 천호동 409-35,카페
616,STORE_GD00206,참나무본가 천호점,서울 강동구 올림픽로 697 호진빌딩 1층,(지번) 천호동 333-46,갈비
617,STORE_GD00207,THE소 둔촌점,서울 강동구 천호대로 1196,(지번) 둔촌동 50-2,"육류,고기"
618,STORE_GD00208,황금코다리 천호점,서울 강동구 구천면로 140 2층,(지번) 천호동 469-1,"해물,생선"
619,STORE_GD00209,천장어,서울 강동구 아리수로 65,(지번) 암사동 245-2,장어
620,STORE_GD00210,조개구이클럽 깔레,서울 강동구 구천면로 214,(지번) 천호동 550-1,조개
621,STORE_GD00211,풍년상회 명일점,서울 강동구 양재대로147길 5 1층,(지번) 명일동 312-43,갈비
622,STORE_GD00212,스시진 천호점,서울 강동구 천호대로 997 1층 1~2호,(지번) 천호동 456,"초밥,롤"
623,STORE_GD00213,등나무집,서울 강동구 가래여울길 20-3,(지번) 강일동 144-1,"매운탕,해물탕"
624,STORE_GD00214,7779 형제짬뽕,서울 강동구 양재대로124길 19 1층,(지번) 길동 334-5,중화요리
625,STORE_GD00215,곱창중독 천호점,서울 강동구 올림픽로70길 56 1층,(지번) 천호동 454-41,"곱창,막창"
626,STORE_GD00216,써브웨이 고덕역점,서울 강동구 동남로75길 13-10,(지번) 명일동 47-3,샌드위치
627,STORE_GD00217,길위의파스타 둔촌점,서울 강동구 강동대로51길 36,(지번) 성내동 446-2,양식
628,STORE_GD00218,장원닭한마리 본점,서울 강동구 구천면로 320,(지번) 천호동 233-148,닭요리
629,STORE_GD00219,그레인제빵소 길동점,서울 강동구 진황도로47길 67 1층,(지번) 길동 390-30,"제과,베이커리"
630,STORE_GD00220,KFC 천호역점,서울 강동구 천호옛길 88 G-lite빌딩 1층,(지번) 성내동 43-11,패스트푸드
631,STORE_GD00221,버거킹 천호역점,서울 강동구 천호대로 1012 태승빌딩 1층,(지번) 성내동 62-4,패스트푸드
632,STORE_GD00222,호야네철판닭갈비 길동점,서울 강동구 진황도로47길 67 1층,(지번) 길동 390-30,닭요리
633,STORE_GD00223,통로,서울 강동구 강동대로55길 25,(지번) 성내동 442-7,태국음식
634,STORE_GD00224,교동짬뽕,서울 강동구 성안로3길 12 1층,(지번) 성내동 435-29,중화요리
635,STORE_GD00225,청진생등심,서울 강동구 올림픽로78길 15-5,(지번) 천호동 359-17,"육류,고기"
636,STORE_GD00226,스타벅스 강동역점,서울 강동구 천호대로 1089,(지번) 천호동 447-17,커피전문점
637,STORE_GD00227,스타벅스 명일역점,서울 강동구 양재대로 1647,(지번) 명일동 312-28,커피전문점
638,STORE_GD00228,알라보 올림픽공원점,서울 강동구 성안로 12 1층,(지번) 성내동 446-23,퓨전요리
639,STORE_GD00229,어사출또 천호점,"서울 강동구 구천면로24길 26 1,2층",(지번) 천호동 427-24,회
640,STORE_GD00230,롯데리아 길동점,서울 강동구 천호대로 1124 홍익빌딩 1층,(지번) 성내동 244-3,패스트푸드
641,STORE_GD00231,대가돈가츠,서울 강동구 진황도로 4-7,(지번) 천호동 409-36,일식
642,STORE_GD00232,명일한방삼계탕,서울 강동구 상암로 196,(지번) 명일동 346-4,삼계탕
643,STORE_GD00233,팡오르방,서울 강동구 성내로3길 16 은성빌딩 1층,(지번) 성내동 538-9,"제과,베이커리"
644,STORE_GD00234,왕십리황가네곱창,서울 강동구 구천면로 323 개나리프라자빌딩 1층,(지번) 암사동 488-30,"곱창,막창"
645,STORE_GD00235,브로일링커피 강동점,서울 강동구 성내로10길 9-6,(지번) 성내동 560-9,카페
646,STORE_GD00236,독도쭈꾸미 본점,서울 강동구 천호대로158길 10,(지번) 성내동 50-7,"해물,생선"
647,STORE_GD00237,마혼참치,서울 강동구 올림픽로 660 1층,(지번) 천호동 427-3,참치회
648,STORE_GD00238,스시쟁이,서울 강동구 올림픽로72길 13,(지번) 천호동 429-4,"초밥,롤"
649,STORE_GD00239,더짬뽕,서울 강동구 천호대로168가길 52 1층,(지번) 성내동 20-5,중화요리
650,STORE_GD00240,진정한족발,서울 강동구 천호옛14길 10,(지번) 성내동 38-20,"족발,보쌈"
651,STORE_GD00241,나무수 강일점,서울 강동구 아리수로91길 24-9 강일포디움오피스텔 112~115호,(지번) 강일동 677,이탈리안
652,STORE_GD00242,맛있는닭한마리,서울 강동구 양재대로103길 53,(지번) 성내동 381-21,닭요리
653,STORE_GD00243,로겐하임,서울 강동구 동남로71길 32 환타지아빌딩 101호,(지번) 명일동 48-13,"제과,베이커리"
654,STORE_GD00244,갸또마마,서울 강동구 상암로49길 33,(지번) 명일동 336-27,"제과,베이커리"
655,STORE_GD00245,제주도아줌마네집,서울 강동구 풍성로56길 39 둔촌역시장 9호,(지번) 성내동 428-1,"해물,생선"
656,STORE_GD00246,스키마야,서울 강동구 올림픽로70길 56-14,(지번) 천호동 454-48,일본식주점
657,STORE_GD00247,33에이커,서울 강동구 아리수로61길 33,(지번) 고덕동 584-8,양식
658,STORE_GD00248,고향집손칼국수,서울 강동구 동남로73길 23,(지번) 명일동 48-2,국수
659,STORE_GD00249,당산오돌 길동점,서울 강동구 진황도로 93,(지번) 길동 415-18,"육류,고기"
660,STORE_GD00250,장수산풍천민물장어,서울 강동구 천호대로 1038,(지번) 성내동 12-6,장어
661,STORE_GD00251,옛날농장,서울 강동구 구천면로 216,(지번) 천호동 550,국밥
662,STORE_GD00252,오페라빈 강동점,서울 강동구 성안로 61,(지번) 성내동 420-13,카페
663,STORE_GD00253,현우네양꼬치,서울 강동구 상일로5길 13,(지번) 상일동 284-2,양꼬치
664,STORE_GD00254,잇다,서울 강동구 천호대로 1156-5 1층 101호,(지번) 둔촌동 425-15,테마카페
665,STORE_GD00255,길동김밥,서울 강동구 양재대로113길 8 1층,(지번) 길동 378-10,분식
666,STORE_GD00256,서가연,서울 강동구 양재대로 1349 2층,(지번) 성내동 428-6,한식
667,STORE_GD00257,지금보고싶다 천호점,서울 강동구 구천면로 212 2층,(지번) 천호동 550-5,"호프,요리주점"
668,STORE_GD00258,개성김치손만두,서울 강동구 동남로85길 70,(지번) 고덕동 635-3,분식
669,STORE_GD00259,써브웨이 천호점,서울 강동구 올림픽로 664,(지번) 천호동 425-5,샌드위치
670,STORE_GD00260,양촌리,서울 강동구 양재대로 1444,(지번) 길동 417,"육류,고기"
671,STORE_GD00261,오륜정,서울 강동구 성내로6길 32,(지번) 성내동 455-18,"육류,고기"
672,STORE_GD00262,콩플레,서울 강동구 동남로83길 67 1층,(지번) 고덕동 642,디저트카페
673,STORE_GD00263,정통춘천닭갈비,서울 강동구 천호대로175길 58,(지번) 길동 414-1,한정식
674,STORE_GD00264,팔선생,서울 강동구 성내로8길 9-19,(지번) 성내동 550-6,중화요리
675,STORE_GD00265,룸카페쁠레쟝 천호점,서울 강동구 천호대로157길 6,(지번) 천호3동 453-18,카페
676,STORE_GD00266,강소식당,서울 강동구 올림픽로48길 28 1층 102호,(지번) 성내동 455-13,"육류,고기"
677,STORE_GD00267,카페느루,서울 강동구 구천면로98길 31 1층,(지번) 상일동 277-3,카페
678,STORE_GD00268,맛나감자탕 명일점,서울 강동구 양재대로 1591 2층,(지번) 천호동 31-2,감자탕
679,STORE_GD00269,폴바셋 상일동점,서울 강동구 상일로6길 21 한국종합기술사옥 1층,(지번) 상일동 501-2,커피전문점
680,STORE_GD00270,천하뼈다귀감자탕,서울 강동구 성안로 13,(지번) 성내동 447-11,감자탕
681,STORE_GD00271,돈사돈 강동직영점,서울 강동구 올림픽로 675,(지번) 천호동 354-6,"육류,고기"
682,STORE_GD00272,수줍은삼계탕 상일점,서울 강동구 상일로5길 8-3,(지번) 상일동 269-6,삼계탕
683,STORE_GD00273,스타벅스 명일이마트점,서울 강동구 동남로75길 5 별관 주차장,(지번) 명일동 47-7,커피전문점
684,STORE_GD00274,천호명가돈까스,서울 강동구 올림픽로77길 12 1층,(지번) 천호동 334-8,"돈까스,우동"
685,STORE_GD00275,마포소금구이,서울 강동구 상암로 93,(지번) 암사동 489-60,"육류,고기"
686,STORE_GD00276,등촌동샤브샤브칼국수,서울 강동구 양재대로 1665,(지번) 명일동 304-1,샤브샤브
687,STORE_GD00277,랍스타킹,서울 강동구 고덕로25길 13-19,(지번) 암사동 447-1,바닷가재
688,STORE_GD00278,이토야 암사점,서울 강동구 올림픽로93길 9,(지번) 암사동 513-1,"돈까스,우동"
689,STORE_GD00279,카페씨모,서울 강동구 고덕로38길 69,(지번) 명일동 312-81,디저트카페
690,STORE_GD00280,오마스시,서울 강동구 천호대로155길 17,(지번) 천호동 454-7,"초밥,롤"
691,STORE_GD00281,경양미식,서울 강동구 천호옛14길 23-4,(지번) 성내동 12-38,양식
692,STORE_GD00282,옛날소머리국밥집,서울 강동구 동남로82길 69,(지번) 고덕동 258,국밥
693,STORE_GD00283,고향풍천장어,서울 강동구 고덕로8길 52,(지번) 암사동 463-7,장어
694,STORE_GD00284,투썸플레이스 강동길동점,서울 강동구 천호대로 1207,(지번) 길동 252-4,커피전문점
695,STORE_GD00285,조선제일쭈꾸미,서울 강동구 아리수로 187,(지번) 고덕동 599-1,"해물,생선"
696,STORE_GD00286,스시꽃피다,서울 강동구 성안로3길 120 1층,(지번) 성내동 558-4,"초밥,롤"
697,STORE_GD00287,한끼만두 암사점,서울 강동구 고덕로10길 46,(지번) 암사동 463-27,분식
698,STORE_GD00288,백년손님서서갈비,서울 강동구 천호옛길 82 1층,(지번) 성내동 38-21,갈비
699,STORE_GD00289,바다본가,서울 강동구 성내로18길 29,(지번) 성내동 447-1,"게,대게"
700,STORE_GD00290,용문칼국수,서울 강동구 상일로5길 10,(지번) 상일동 270-6,국수
701,STORE_GD00291,카페공공장소,서울 강동구 암사길 7-1 1층,(지번) 암사동 497-7,카페
702,STORE_GD00292,스타벅스 굽은다리역점,서울 강동구 양재대로 1568,(지번) 명일동 353-2,커피전문점
703,STORE_GD00293,강돈,서울 강동구 상일로6길 39 강동타워 1층,(지번) 상일동 502,"육류,고기"
704,STORE_GD00294,월요일,서울 강동구 올림픽로62길 18,(지번) 성내동 82-28,"호프,요리주점"
705,STORE_GD00295,롤앤스시,서울 강동구 동남로71길 20-9 파라빌딩 2층 1호,(지번) 명일동 48-9,"초밥,롤"
706,STORE_GD00296,다리미삼겹살 서울천호점,서울 강동구 천호대로155길 13 1층,(지번) 천호동 454-9,삼겹살
707,STORE_GD00297,어사출또 암사역점,서울 강동구 올림픽로 794 1층,(지번) 암사동 500-2,회
708,STORE_GD00298,블루문,서울 강동구 올림픽로70길 51-7,(지번) 천호동 415-31,"호프,요리주점"
709,STORE_GD00299,이번지깡통집 강동구청점,서울 강동구 올림픽로48길 31 1층,(지번) 성내동 555-14,삼겹살
710,STORE_GD00300,선진국낙지마당,서울 강동구 양재대로114길 39 1층,(지번) 길동 398-9,"해물,생선"
711,STORE_GD00301,까페항상,서울 강동구 성내로3길 5 1층,(지번) 성내동 319-9,카페
712,STORE_GD00302,양철북 강동구청점,서울 강동구 성내로 62,(지번) 성내동 548-3,"곱창,막창"
713,STORE_GD00303,원조강동유황오리주물럭,서울 강동구 올림픽로92길 46,(지번) 천호동 310,오리
714,STORE_GD00304,전통춘천닭갈비,서울 강동구 양재대로103길 68 1층,(지번) 성내동 199-24,닭요리
715,STORE_GD00305,진이네떡볶이 상일점,서울 강동구 천호대로219길 18 1층,(지번) 상일동 307-3,떡볶이
716,STORE_GD00306,아이스베리 천호점,서울 강동구 천호대로157길 17 2층,(지번) 천호동 454-64,카페
717,STORE_GD00307,오박사네 돈까스전문점,서울 강동구 양재대로 1335,(지번) 성내동 429-3,"돈까스,우동"
718,STORE_GD00308,노브랜드버거 길동역점,서울 강동구 양재대로 1488,(지번) 길동 391-1,햄버거
719,STORE_GD00309,마곡닭한마리 강동직영점,서울 강동구 성내로5길 29 1층,(지번) 성내동 537-8,닭요리
720,STORE_GD00310,하나참치,서울 강동구 구천면로47길 82,(지번) 암사동 478-2,참치회
721,STORE_GD00311,아우네쭈꾸미꼼장어 본점,서울 강동구 양재대로143길 14,(지번) 명일동 312-69,장어
722,STORE_GD00312,청담동마녀김밥 강동점,서울 강동구 천호대로 1099 정산타워빌딩 1층 103호,(지번) 천호동 447,분식
723,STORE_GD00313,스타벅스 천호이마트,서울 강동구 천호대로 1015-14,(지번) 천호동 455-4,커피전문점
724,STORE_GD00314,천호소곱창,서울 강동구 진황도로 17-1,(지번) 천호3동 556-2,"곱창,막창"
725,STORE_GD00315,오늘와인한잔 천호점,서울 강동구 천호대로155길 9 1층,(지번) 천호동 454-11,와인바
726,STORE_GD00316,튀김마트,서울 강동구 진황도로 103,(지번) 길동 413-13,분식
727,STORE_GD00317,배군파스타,서울 강동구 천중로51길 32,(지번) 길동 340-16,이탈리안
728,STORE_GD00318,영화정해장국,서울 강동구 진황도로43길 9,(지번) 길동 413-20,해장국
729,STORE_GD00319,곱분이곱창 길동점,서울 강동구 양재대로 1463-1 1층,(지번) 길동 412-15,"곱창,막창"
730,STORE_GD00320,투썸플레이스 굽은다리역점,서울 강동구 양재대로 1539,(지번) 천호동 50-13,커피전문점
731,STORE_GD00321,지호한방삼계탕 암사점,서울 강동구 올림픽로 813,(지번) 암사동 504-21,닭요리
732,STORE_GD00322,마카나이 천호점,서울 강동구 올림픽로62길 40,(지번) 성내동 41-5,일식
733,STORE_GD00323,신촌황소곱창,서울 강동구 천호대로155길 3,(지번) 천호동 454-13,"곱창,막창"
734,STORE_GD00324,황실짜장,서울 강동구 상암로 29 1층 103호,(지번) 암사동 502-6,중화요리
735,STORE_GD00325,우담소,서울 강동구 구천면로21길 6,(지번) 천호동 356,설렁탕
736,STORE_GD00326,버거킹 둔촌GS FS점,서울 강동구 양재대로 1323,(지번) 성내동 439-16,패스트푸드
737,STORE_GD00327,빛나는바다 암사점,서울 강동구 올림픽로 795,(지번) 암사동 503-21,회
738,STORE_GD00328,우리콩손두부,서울 강동구 진황도로 100,(지번) 길동 456-5,두부전문점
739,STORE_GD00329,요인요아웃,서울 강동구 상일로5길 8-7,(지번) 상일동 269-5,이탈리안
740,STORE_GD00330,셀프하우스 마늘떡볶이,서울 강동구 고덕로10길 62,(지번) 암사동 500-28,떡볶이
741,STORE_GD00331,OK목장,서울 강동구 양재대로89길 68,(지번) 성내3동 423-21,"육류,고기"
742,STORE_GD00332,고추장구이,서울 강동구 상암로 86,(지번) 천호동 291-23,"육류,고기"
743,STORE_GD00333,할매보쌈양평해장국,서울 강동구 올림픽로 745,(지번) 천호동 316-5,"족발,보쌈"
744,STORE_GD00334,상일식당,서울 강동구 천호대로221길 24,(지번) 상일동 341-15,한식
745,STORE_GD00335,편백마을,서울 강동구 올림픽로48길 27 1층,(지번) 성내동 555-13,"육류,고기"
746,STORE_GD00336,명품기사식당 뚝다리찌개전문 본점,서울 강동구 천중로 175,(지번) 천호동 55-38,기사식당
747,STORE_GD00337,카페르브니,"서울 강동구 양재대로 1419 SM엘루이 1층 102,103호",(지번) 성내동 379-17,디저트카페
748,STORE_GD00338,바로한국수,서울 강동구 동남로 638,(지번) 둔촌동 1-8,국수
749,STORE_GD00339,자성화맛집코다리네 길동점,서울 강동구 양재대로 1500-7,(지번) 길동 348-9,"해물,생선"
750,STORE_GD00340,1943 천호점,서울 강동구 천호대로157길 37 수정상가 2층,(지번) 천호동 413-1,"호프,요리주점"
751,STORE_GD00341,써브웨이 강동성심병원점,서울 강동구 성안로 147,(지번) 천호동 447-7,샌드위치
752,STORE_GD00342,맛나일식,서울 강동구 양재대로 1535,(지번) 천호동 50-14,일식집
753,STORE_GD00343,등촌샤브칼국수 명일점,서울 강동구 암사길 111,(지번) 명일동 322-8,샤브샤브
754,STORE_GD00344,천호977,서울 강동구 천호대로 977 1층,(지번) 천호동 460-3,카페
755,STORE_GD00345,내가조선의국밥이다 서울본점,서울 강동구 천호대로 1125 1층,(지번) 길동 457-2,국밥
756,STORE_GD00346,명륜진사갈비 서울암사점,서울 강동구 올림픽로98길 30 탑스빌딩 1층,(지번) 암사동 496-3,갈비
757,STORE_GD00347,돌판위에곱창,서울 강동구 구천면로41길 14 1층,(지번) 천호동 293-6,"곱창,막창"
758,STORE_GD00348,장원보쌈족발,서울 강동구 구천면로 196 102호,(지번) 천호2동 417-5,"족발,보쌈"
759,STORE_GD00349,국내산 참숯불민물장어,서울 강동구 구천면로 259,(지번) 천호동 280-14,장어
760,STORE_GD00350,등촌샤브칼국수 천호점,서울 강동구 올림픽로 667,(지번) 천호동 442-34,샤브샤브
761,STORE_GD00351,완도세꼬시,서울 강동구 양재대로113길 7,(지번) 길동 389-1,회
762,STORE_GD00352,산수고원,서울 강동구 상암로 202,(지번) 명일동 346-17,갈비
763,STORE_GD00353,카페오늘,서울 강동구 상암로4가길 36 1층,(지번) 암사동 510-17,카페
764,STORE_GD00354,마부마라탕,서울 강동구 천호대로158길 18 1층,(지번) 성내동 48-2,중화요리
765,STORE_GD00355,조선화로집 올림픽공원점,서울 강동구 강동대로 243 1층,(지번) 성내동 449-16,"육류,고기"
766,STORE_GD00356,이차전,서울 강동구 천호대로159길 35,(지번) 천호동 410-20,"호프,요리주점"
767,STORE_GD00357,틈새라면 천호점,서울 강동구 천호대로157길 6,(지번) 천호동 453-18,분식
768,STORE_GD00358,신라비빔밥 샤브칼국수,서울 강동구 양재대로85길 16,(지번) 성내3동 439-24,샤브샤브
769,STORE_GD00359,소문난집,서울 강동구 올림픽로70길 57,(지번) 천호동 415-29,한식
770,STORE_GD00360,전광수커피하우스 강동점,서울 강동구 천호대로 1186 원경빌딩 1층,(지번) 둔촌동 53,카페
771,STORE_GD00361,유미마라탕,서울 강동구 천호옛길 90,(지번) 성내동 45-1,중화요리
772,STORE_GD00362,큰집보쌈 천호점,서울 강동구 천호옛길 84 1층,(지번) 성내동 38-3,"족발,보쌈"
773,STORE_GD00363,명태어장 강일점,서울 강동구 아리수로93길 33-9 강일프라자 202호,(지번) 강일동 676,한식
774,STORE_GD00364,전설의짬뽕 길동점,서울 강동구 양재대로 1448 2층,(지번) 길동 439,중화요리
775,STORE_GD00365,형제기사식당,서울 강동구 성안로 186 1층,(지번) 길동 383-1,기사식당
776,STORE_GD00366,미식미객,서울 강동구 성안로 167,(지번) 천호동 153-2,중화요리
777,STORE_GD00367,반피셋,서울 강동구 양재대로 1500 1층,(지번) 길동 366-1,태국음식
778,STORE_GD00368,목우촌미소와돈 강동구청점,서울 강동구 성내로6길 14-22,(지번) 성내동 552-11,"육류,고기"
779,STORE_GD00369,도도참치,서울 강동구 양재대로 1574,(지번) 명일동 346-7,참치회
780,STORE_GD00370,스키마야 고덕점,서울 강동구 동남로71길 20-9 파라빌딩 1층 2호,(지번) 명일동 48-9,일본식라면
781,STORE_GD00371,강동일식,서울 강동구 동남로73길 17,(지번) 명일동 48-3,일식집
782,STORE_GD00372,인생횟집,서울 강동구 올림픽로92길 11 1층,(지번) 천호동 287-22,회
783,STORE_GD00373,팔오수산,서울 강동구 상암로 22 1층,(지번) 암사동 511-18,회
784,STORE_GD00374,빈터커피로스터스 길동점,서울 강동구 양재대로115길 10 101호,(지번) 길동 367-14,카페
785,STORE_GD00375,아빠감자탕,서울 강동구 올림픽로70길 50-9,(지번) 천호동 454-36,감자탕
786,STORE_GD00376,설빙 명일점,서울 강동구 동남로75길 13-25,(지번) 명일동 47-16,디저트카페
787,STORE_GD00377,송화의카페,서울 강동구 상일로3길 8,(지번) 상일동 285-4,카페
788,STORE_GD00378,무교동홍낙 올림픽공원점,서울 강동구 강동대로 189,(지번) 성내동 469-6,"해물,생선"
789,STORE_GD00379,인조이더주스,서울 강동구 양재대로89길 17,(지번) 성내동 429-4,샌드위치
790,STORE_GD00380,진도아리랑,서울 강동구 양재대로110길 7,(지번) 길동 411-19,"해물,생선"
791,STORE_GD00381,디저트39 강동역점,서울 강동구 천호대로 1092 1층 110호,(지번) 성내동 194,디저트카페
792,STORE_GD00382,세광양대창 천호점,서울 강동구 천호대로 1034,(지번) 성내동 9-14,한식
793,STORE_GD00383,채선당 올림픽공원점,서울 강동구 강동대로 143-22,(지번) 성내동 459-6,샤브샤브
794,STORE_GD00384,버거킹 강동구청점,서울 강동구 성내로 22,(지번) 성내동 552,패스트푸드
795,STORE_GD00385,라무진 길동점,서울 강동구 진황도로 99 110호,(지번) 길동 414-10,"육류,고기"
796,STORE_GD00386,원조성내식당,서울 강동구 양재대로81길 8,(지번) 성내동 441-1,한식
797,STORE_GD00387,카페온도,서울 강동구 양재대로103길 40 성안빌딩 101호,(지번) 성내동 245-39,커피전문점
798,STORE_GD00388,모리식당,서울 강동구 양재대로113길 8,(지번) 길동 378-9,일식집
799,STORE_GD00389,스시키라,서울 강동구 양재대로143길 13 1층,(지번) 명일동 312-78,"초밥,롤"
800,STORE_GD00390,이차돌 강동구청점,서울 강동구 성내로6길 14 1층,(지번) 성내동 556-4,"육류,고기"
801,STORE_GD00391,도미노피자 둔촌점,서울 강동구 풍성로 186,(지번) 성내동 420-21,피자
802,STORE_GD00392,스윗문문,서울 강동구 상암로 14 1층,(지번) 암사동 511,카페
803,STORE_GD00393,선어랑 생선구이,서울 강동구 천중로11길 52 1층,(지번) 천호동 312,"해물,생선"
804,STORE_GD00394,대삼박이,서울 강동구 천호옛14길 34 1층,(지번) 성내동 29-6,삼겹살
805,STORE_GD00395,쭈꾸쭈꾸쭈꾸미 2호점,서울 강동구 천호대로158길 10,(지번) 성내동 50-7,"해물,생선"
806,STORE_GD00396,봉연커피,서울 강동구 양재대로85길 78,(지번) 성내동 436-8,카페
807,STORE_GD00397,두끼떡볶이 천호로데오점,서울 강동구 올림픽로70길 50 2층,(지번) 천호동 454-25,떡볶이
808,STORE_GD00398,봄이네삼겹살,서울 강동구 성안로3길 76,(지번) 성내동 563-5,삼겹살
809,STORE_GD00399,진도식당,서울 강동구 천호대로151길 14-6,(지번) 천호동 456-3,한식
810,STORE_GD00400,암사고바우감자탕,서울 강동구 올림픽로 812 1층,(지번) 암사동 463-2,감자탕
811,STORE_GD00401,명불허전원조골뱅이 명일점,서울 강동구 양재대로145길 6 1층,(지번) 명일동 312-56,"해물,생선"
812,STORE_GD00402,맘스터치 강동명일점,서울 강동구 구천면로 428,(지번) 명일동 327-1,패스트푸드
813,STORE_GD00403,김박사 바지락팥칼국수 성내본점,서울 강동구 올림픽로48길 32,(지번) 성내동 455-14,국수
814,STORE_GD00404,카페어질리티,서울 강동구 양재대로 1355 2층,(지번) 성내동 428-5,애견카페
815,STORE_GD00405,미양가,서울 강동구 풍성로56길 46 1층 101호,(지번) 성내동 427-68,"육류,고기"
816,STORE_GD00406,전통춘천닭갈비,서울 강동구 고덕로10길 18,(지번) 암사동 462-18,닭요리
817,STORE_GD00407,동촌샤브칼국수 둔촌본점,서울 강동구 명일로 106-12,(지번) 둔촌동 147-5,샤브샤브
818,STORE_GD00408,탄다타,서울 강동구 양재대로89길 16,(지번) 성내동 428-2,"육류,고기"
819,STORE_GD00409,오븐베이크,서울 강동구 고덕로10길 43-3,(지번) 암사동 465-2,"제과,베이커리"
820,STORE_GD00410,리틀차이나,서울 강동구 올림픽로 689,(지번) 천호동 334-2,중화요리
821,STORE_GD00411,도미노피자 길동점,서울 강동구 천중로 200,(지번) 길동 349-1,피자
822,STORE_GD00412,별곱창이야기 길동점,서울 강동구 진황도로 99,(지번) 길동 414-10,"곱창,막창"
