﻿,store_code,ItemID,address,local,category
0,STORE_GN00001,광고진도집,서울 서초구 서초대로51길 9,(지번) 서초동 1694-14,"해물,생선"
1,STORE_GN00002,광고삼시세끼 셰프반찬,서울 강남구 강남대로120길 42 지층,(지번) 논현동 181-6,한식
2,STORE_GN00003,카페노티드 청담,서울 강남구 도산대로53길 15 1층,(지번) 신사동 654-9,디저트카페
3,STORE_GN00004,진미평양냉면,서울 강남구 학동로 305-3 정각빌딩 1층,(지번) 논현동 115-10,냉면
4,STORE_GN00005,팀호완 삼성점,서울 강남구 봉은사로86길 30 1층,(지번) 삼성동 148-15,중화요리
5,STORE_GN00006,꽁티드툴레아 도산점,서울 강남구 도산대로49길 39 1층,(지번) 신사동 646-21,테마카페
6,STORE_GN00007,구구당,서울 강남구 강남대로102길 35,(지번) 역삼동 617-6,퓨전요리
7,STORE_GN00008,카츠바이콘반,서울 강남구 선릉로153길 36 1층,(지번) 신사동 647-22,"돈까스,우동"
8,STORE_GN00009,다운타우너 청담,서울 강남구 도산대로53길 14 1층,(지번) 신사동 666-25,햄버거
9,STORE_GN00010,청담스케쥴,서울 강남구 선릉로152길 37,(지번) 청담동 90-19,양식
10,STORE_GN00011,블루보틀 역삼,서울 강남구 테헤란로 129 강남N타워 1층,(지번) 역삼동 648-9,카페
11,STORE_GN00012,울프강스테이크하우스,서울 강남구 선릉로152길 21 영인빌딩 1층,(지번) 청담동 89-6,양식
12,STORE_GN00013,호족반 청담,서울 강남구 언주로164길 39,(지번) 신사동 646-23,퓨전한식
13,STORE_GN00014,압구정공주떡,서울 강남구 논현로161길 10 1층,(지번) 신사동 569-31,"떡,한과"
14,STORE_GN00015,리틀넥 청담,서울 강남구 도산대로51길 17 1층,(지번) 신사동 653-7,양식
15,STORE_GN00016,카페캠프통 압구정살롱점,서울 강남구 압구정로42길 27,(지번) 신사동 643-22,디저트카페
16,STORE_GN00017,중앙해장,서울 강남구 영동대로86길 17 육인빌딩 1층,(지번) 대치동 996-16,해장국
17,STORE_GN00018,어거스트힐,서울 강남구 강남대로106길 25 1층,(지번) 역삼동 616-18,이탈리안
18,STORE_GN00019,보슬보슬,서울 강남구 테헤란로8길 22,(지번) 역삼동 824-29,분식
19,STORE_GN00020,농민백암순대 본점,서울 강남구 선릉로86길 40-4 알앤지타운 1층,(지번) 대치동 896-33,순대
20,STORE_GN00021,랑데자뷰 강남점,서울 강남구 봉은사로6길 39 1층,(지번) 역삼동 618-18,카페
21,STORE_GN00022,바비레드 강남본점,서울 강남구 봉은사로6길 39 지하2층,(지번) 역삼동 618-18,양식
22,STORE_GN00023,땀땀,서울 강남구 역삼동 817-31,,베트남음식
23,STORE_GN00024,몽중헌 청담점,서울 강남구 도산대로 445 엠빌딩 지하1층,(지번) 청담동 97-1,중화요리
24,STORE_GN00025,새벽집 청담점,서울 강남구 도산대로101길 6,(지번) 청담동 129-10,"육류,고기"
25,STORE_GN00026,뽕나무쟁이 선릉본점,서울 강남구 역삼로65길 31,(지번) 대치동 896-5,"족발,보쌈"
26,STORE_GN00027,뱃고동,서울 강남구 언주로172길 54 지하 1층,(지번) 신사동 663,"해물,생선"
27,STORE_GN00028,맘마미아,서울 강남구 압구정로42길 45,(지번) 신사동 645-26,카페
28,STORE_GN00029,라그릴리아 SPC스퀘어점,서울 강남구 강남대로 352 SPC스퀘어 3층,(지번) 역삼동 831-23,이탈리안
29,STORE_GN00030,정돈,서울 강남구 강남대로110길 26 1층,(지번) 역삼동 811-4,"돈까스,우동"
30,STORE_GN00031,어글리스토브 강남역점,서울 강남구 강남대로98길 20,(지번) 역삼동 817-36,양식
31,STORE_GN00032,까폼 본점,서울 강남구 선릉로153길 18 지하1층,(지번) 신사동 655-15,태국음식
32,STORE_GN00033,정식당,서울 강남구 선릉로158길 11,(지번) 청담동 83-24,퓨전한식
33,STORE_GN00034,칙피스,서울 강남구 강남대로152길 69,(지번) 신사동 540-18,양식
34,STORE_GN00035,능라도 강남점,서울 강남구 삼성로 534,(지번) 삼성동 151-7,냉면
35,STORE_GN00036,테라로사 포스코센터점,서울 강남구 테헤란로 440 포스코센터 1층,(지번) 대치동 892,커피전문점
36,STORE_GN00037,영천영화 청담점,서울 강남구 도산대로90길 3,(지번) 청담동 50-13,"육류,고기"
37,STORE_GN00038,수담한정식,서울 강남구 봉은사로 418,(지번) 삼성동 113,한정식
38,STORE_GN00039,정월,서울 강남구 강남대로102길 46 1층,(지번) 역삼동 618-21,카페
39,STORE_GN00040,창고43 강남점,서울 강남구 강남대로 362 대륭강남타워 지하1층,(지번) 역삼동 826-20,"육류,고기"
40,STORE_GN00041,알베르,서울 강남구 강남대로102길 34,(지번) 역삼동 618-11,카페
41,STORE_GN00042,아우어베이커리 가로수길점,서울 강남구 강남대로162길 39,(지번) 신사동 523-19,"제과,베이커리"
42,STORE_GN00043,강강술래 역삼점,서울 강남구 논현로 325,(지번) 역삼동 797-19,"육류,고기"
43,STORE_GN00044,포브라더스 도곡점,서울 강남구 논현로28길 40 덕영빌딩,(지번) 도곡동 423-5,동남아음식
44,STORE_GN00045,카페413프로젝트,서울 강남구 논현로97길 19-11,(지번) 역삼동 640-9,카페
45,STORE_GN00046,썸띵어바웃커피,서울 강남구 강남대로102길 30 1~3층,(지번) 역삼동 618-16,디저트카페
46,STORE_GN00047,페어링룸,서울 강남구 도산대로81길 14 1층,(지번) 청담동 117-12,이탈리안
47,STORE_GN00048,뜨락,서울 강남구 영동대로142길 13-3,(지번) 청담동 130-13,"육류,고기"
48,STORE_GN00049,도산분식 가로수길점,서울 강남구 강남대로162길 35,(지번) 신사동 523-17,분식
49,STORE_GN00050,대낚식당,서울 강남구 역삼로 137 1층,(지번) 역삼동 751-17,"곱창,막창"
50,STORE_GN00051,온달집 본점,서울 강남구 강남대로152길 28 1층,(지번) 신사동 514-4,실내포장마차
51,STORE_GN00052,오리지널 팬케이크하우스 가로수길점,서울 강남구 강남대로162길 41 동원빌딩 1층,(지번) 신사동 523-20,디저트카페
52,STORE_GN00053,피양옥,서울 강남구 삼성로133길 14,(지번) 청담동 32-6,냉면
53,STORE_GN00054,아우어베이커리 도산본점,서울 강남구 도산대로45길 10-11,(지번) 신사동 648-14,"제과,베이커리"
54,STORE_GN00055,오복수산 도산점,서울 강남구 도산대로53길 14 2층,(지번) 신사동 666-25,일식집
55,STORE_GN00056,도수향,서울 강남구 선릉로161길 21-4,(지번) 신사동 662-7,"떡,한과"
56,STORE_GN00057,길목,서울 강남구 영동대로129길 10 1층,(지번) 삼성동 58-6,"육류,고기"
57,STORE_GN00058,을밀대 강남점,서울 강남구 테헤란로4길 46 지하1층,(지번) 역삼동 826-37,냉면
58,STORE_GN00059,구스아일랜드 브루하우스,서울 강남구 역삼로 118,(지번) 역삼동 833-1,양식
59,STORE_GN00060,은행골 신사점,서울 강남구 강남대로152길 42 2층,(지번) 신사동 537-2,"초밥,롤"
60,STORE_GN00061,브루클린더버거조인트 가로수길점,서울 강남구 도산대로15길 12 YG빌딩 1층,(지번) 신사동 540-11,햄버거
61,STORE_GN00062,블루보틀 압구정,서울 강남구 논현로 854 안다즈호텔 101호,(지번) 신사동 610-6,카페
62,STORE_GN00063,육전식당 4호점,서울 강남구 테헤란로8길 11-4 1층,(지번) 역삼동 823-10,"육류,고기"
63,STORE_GN00064,돝고기506,"서울 강남구 역삼로17길 53 서연빌딩 2,3층",(지번) 역삼동 739-13,"육류,고기"
64,STORE_GN00065,해몽,서울 강남구 학동로41길 32,(지번) 논현동 107-11,"육류,고기"
65,STORE_GN00066,스시소라,서울 강남구 삼성로85길 33 현대썬앤빌 203호,(지번) 대치동 894,"초밥,롤"
66,STORE_GN00067,진전복삼계탕,서울 강남구 선릉로129길 21 1층,(지번) 논현동 243-5,삼계탕
67,STORE_GN00068,한일관 압구정점,서울 강남구 압구정로38길 14,(지번) 신사동 619-4,한정식
68,STORE_GN00069,신동궁감자탕뼈숯불구이 선릉직영점,서울 강남구 선릉로86길 39,(지번) 대치동 890-44,감자탕
69,STORE_GN00070,피양콩할마니 본점,서울 강남구 삼성로81길 30,(지번) 대치동 894-14,한식
70,STORE_GN00071,경천애인2237,서울 강남구 테헤란로 421 암천빌딩 3층,(지번) 삼성동 142-46,"육류,고기"
71,STORE_GN00072,마켓오 도곡점,서울 강남구 남부순환로 2745,(지번) 도곡동 177-2,패밀리레스토랑
72,STORE_GN00073,갓덴스시 강남점,서울 강남구 테헤란로 109 강남제일빌딩 1층,(지번) 역삼동 822-4,"초밥,롤"
73,STORE_GN00074,미미면가 본점,서울 강남구 강남대로160길 29 1층,(지번) 신사동 521-16,일식
74,STORE_GN00075,긴자 청담점,서울 강남구 도산대로 534,(지번) 청담동 52-2,일식집
75,STORE_GN00076,농민백암왕순대,서울 강남구 역삼로3길 20-4,(지번) 역삼동 830-9,순대
76,STORE_GN00077,일일향 1호점,서울 강남구 논현로168길 30,(지번) 신사동 595,중화요리
77,STORE_GN00078,도산분식 도산공원점,서울 강남구 도산대로49길 10-6 젤로빌딩 1층,(지번) 신사동 652-7,분식
78,STORE_GN00079,덕후선생,서울 강남구 선릉로 822 유리빌딩 5층,(지번) 청담동 85-2,중화요리
79,STORE_GN00080,스시코우지,서울 강남구 도산대로 404 퍼스트빌딩 2층,(지번) 청담동 1-1,"초밥,롤"
80,STORE_GN00081,크래버 대게나라 강남점,서울 강남구 언주로 620 현대인텔렉스빌딩 1층,(지번) 논현동 261,"게,대게"
81,STORE_GN00082,빌즈 강남,서울 강남구 테헤란로 142 아크플레이스 2층,(지번) 역삼동 736-1,양식
82,STORE_GN00083,남도애꽃,서울 강남구 테헤란로14길 16,(지번) 역삼동 823-30,한정식
83,STORE_GN00084,크라이치즈버거 삼성역점,서울 강남구 테헤란로 616 미래에셋벤처타워 지하1층,(지번) 대치동 996-17,햄버거
84,STORE_GN00085,테일러커피 신사점,서울 강남구 강남대로160길 31 1층,(지번) 신사동 521-17,커피전문점
85,STORE_GN00086,리북집 논현직영점,서울 강남구 학동로2길 45,(지번) 논현동 163-3,"족발,보쌈"
86,STORE_GN00087,텍사스데브라질 압구정점,서울 강남구 논현로 854 지하1층,(지번) 신사동 603-1,"스테이크,립"
87,STORE_GN00088,부타이,서울 강남구 테헤란로88길 22 지하 1층,(지번) 대치동 956-6,퓨전일식
88,STORE_GN00089,강남곱,"서울 강남구 역삼로3길 12 1,2층",(지번) 역삼동 830-31,"곱창,막창"
89,STORE_GN00090,장인닭갈비 강남점,서울 강남구 테헤란로1길 19 지하 1층,(지번) 역삼동 820-1,닭요리
90,STORE_GN00091,타르틴베이커리 도산점,"서울 강남구 언주로168길 24 1,2층",(지번) 신사동 645-18,"제과,베이커리"
91,STORE_GN00092,대가방 본점,서울 강남구 선릉로145길 13 럭스웨이빌딩 1층,(지번) 논현동 99-7,중화요리
92,STORE_GN00093,강남면옥 신사점,서울 강남구 논현로152길 34 1층,(지번) 신사동 588-9,냉면
93,STORE_GN00094,소진담 신사점,"서울 강남구 논현로161길 51 지하1층, 1층",(지번) 신사동 551-23,카페
94,STORE_GN00095,코다차야 강남점,서울 강남구 강남대로 468 지하1층,(지번) 역삼동 808-5,일본식주점
95,STORE_GN00096,최가네 버섯샤브매운탕칼국수,서울 강남구 도산대로51길 36 2층,(지번) 신사동 655,샤브샤브
96,STORE_GN00097,묵전,서울 강남구 언주로168길 22,(지번) 신사동 645-11,"호프,요리주점"
97,STORE_GN00098,삼원가든 본점(휴업중),서울 강남구 언주로 835,(지번) 신사동 623-8,"육류,고기"
98,STORE_GN00099,우정양곱창,서울 강남구 도산대로30길 23 1층,(지번) 논현동 67-11,"곱창,막창"
99,STORE_GN00100,츄라우미 역삼본점,서울 강남구 언주로93길 21 남전타운 2층,(지번) 역삼동 677-5,"초밥,롤"
100,STORE_GN00101,두껍삼 역삼직영점,서울 강남구 테헤란로8길 17 1~3층,(지번) 역삼동 823-12,삼겹살
101,STORE_GN00102,작은공간,서울 강남구 남부순환로359길 31,(지번) 도곡동 950-5,분식
102,STORE_GN00103,별양집,"서울 강남구 테헤란로43길 17 지하1층, 1층",(지번) 역삼동 700-33,"곱창,막창"
103,STORE_GN00104,마녀주방 강남점,"서울 강남구 강남대로94길 9 크리스탈빌딩 지하 1, 2층",(지번) 역삼동 818-14,이탈리안
104,STORE_GN00105,정돈프리미엄,서울 강남구 강남대로160길 28,(지번) 신사동 519-4,"돈까스,우동"
105,STORE_GN00106,새들러하우스,서울 강남구 도산대로17길 10 지하 1층,(지번) 신사동 561-8,디저트카페
106,STORE_GN00107,오스테리아 꼬또 압구정점,서울 강남구 언주로165길 7-12,(지번) 신사동 624-20,이탈리안
107,STORE_GN00108,현우동,서울 강남구 논현로149길 53,(지번) 논현동 11-1,"돈까스,우동"
108,STORE_GN00109,수입식당,서울 강남구 논현로79길 62 지하1층,(지번) 역삼동 828-53,삼겹살
109,STORE_GN00110,필경재,서울 강남구 광평로 205,(지번) 수서동 739-1,한정식
110,STORE_GN00111,곰바위,서울 강남구 영동대로115길 10,(지번) 삼성동 76-10,"곱창,막창"
111,STORE_GN00112,봉밀가,서울 강남구 선릉로 664,(지번) 삼성동 8-1,냉면
112,STORE_GN00113,60년전통신촌황소곱창 강남직영점,서울 강남구 강남대로100길 13 1층,(지번) 역삼동 619-5,"곱창,막창"
113,STORE_GN00114,테스트키친,서울 강남구 압구정로46길 67 1층,(지번) 신사동 648-25,이탈리안
114,STORE_GN00115,삼육가 논현직영점,서울 강남구 강남대로114길 8,(지번) 논현동 198,"육류,고기"
115,STORE_GN00116,잠수교집 5호점,서울 강남구 언주로153길 14,(지번) 신사동 626-71,"육류,고기"
116,STORE_GN00117,맛짱조개,서울 강남구 언주로136길 10,(지번) 논현동 114-14,조개
117,STORE_GN00118,온기정,서울 강남구 압구정로4길 13-9 1층,(지번) 신사동 525-15,일식
118,STORE_GN00119,청초수물회섭국 강남점,서울 강남구 압구정로28길 24,(지번) 신사동 576-6,"해물,생선"
119,STORE_GN00120,대막,서울 강남구 압구정로46길 75 1층,(지번) 신사동 648-19,일식
120,STORE_GN00121,신동궁감자탕 역삼본점,서울 강남구 테헤란로10길 21,(지번) 역삼동 823-36,감자탕
121,STORE_GN00122,콴안다오,서울 강남구 강남대로156길 28-2 1층,(지번) 신사동 516-2,베트남음식
122,STORE_GN00123,아우어베이커리 싸이더스점,서울 강남구 선릉로 629 A동 1층 101호,(지번) 논현동 267-20,디저트카페
123,STORE_GN00124,달맞이,서울 강남구 강남대로128길 10,(지번) 논현동 144,일식
124,STORE_GN00125,홍명,서울 강남구 논현로131길 10,(지번) 논현동 37-9,중화요리
125,STORE_GN00126,미즈컨테이너 이스트점,서울 강남구 강남대로102길 13-3,(지번) 역삼동 813-14,이탈리안
126,STORE_GN00127,압구정하루,서울 강남구 언주로172길 56 1층,(지번) 신사동 663-9,"돈까스,우동"
127,STORE_GN00128,송쉐프,서울 강남구 도산대로1길 40,(지번) 신사동 507-11,중화요리
128,STORE_GN00129,평양옥,서울 강남구 논현로71길 18 신성타워 1층,(지번) 역삼동 790-17,냉면
129,STORE_GN00130,마담밍 선릉점,서울 강남구 선릉로86길 5-4 1층,(지번) 대치동 889-65,중화요리
130,STORE_GN00131,일일향 2호점,서울 강남구 봉은사로 167,(지번) 논현동 206-5,중화요리
131,STORE_GN00132,대우부대찌개,서울 강남구 테헤란로25길 34,(지번) 역삼동 641-18,"찌개,전골"
132,STORE_GN00133,달링키친,서울 강남구 언주로126길 25,(지번) 논현동 247-9,카페
133,STORE_GN00134,오아시스 청담점,서울 강남구 도산대로55길 20 영빌딩 1층,(지번) 청담동 88-5,양식
134,STORE_GN00135,도쿄등심 선릉점,서울 강남구 테헤란로 337 화남빌딩 14층,(지번) 역삼동 705-27,"육류,고기"
135,STORE_GN00136,무월,서울 강남구 봉은사로4길 21,(지번) 역삼동 811-12,한식
136,STORE_GN00137,대려도,서울 강남구 역삼로 118,(지번) 역삼동 833,중화요리
137,STORE_GN00138,비파티세리,서울 강남구 압구정로14길 36,(지번) 신사동 546-17,"제과,베이커리"
138,STORE_GN00139,마녀김밥,서울 강남구 압구정로79길 32,(지번) 청담동 124-12,분식
139,STORE_GN00140,두레국수 신사점,서울 강남구 도산대로37길 28,(지번) 신사동 626-79,국수
140,STORE_GN00141,고센,서울 강남구 선릉로158길 18,(지번) 청담동 88-23,카페
141,STORE_GN00142,에뚜왈,서울 강남구 압구정로10길 35 지하1층,(지번) 신사동 534-8,"제과,베이커리"
142,STORE_GN00143,마일스톤커피,서울 강남구 논현로159길 49 1층,(지번) 신사동 554-4,커피전문점
143,STORE_GN00144,트리아농,서울 강남구 학동로59길 43,(지번) 청담동 26-5,디저트카페
144,STORE_GN00145,브루클린더버거조인트 삼성점,서울 강남구 봉은사로84길 10,(지번) 삼성동 146-23,햄버거
145,STORE_GN00146,진대감 선릉점,서울 강남구 테헤란로70길 25,(지번) 대치동 895-11,"육류,고기"
146,STORE_GN00147,불이아 역삼점,서울 강남구 논현로 514,(지번) 역삼동 668-14,중식
147,STORE_GN00148,파크루안 역삼점,서울 강남구 논현로 430 아세아빌딩 지하1층,(지번) 역삼동 726,중식
148,STORE_GN00149,몽중헌 대치점,서울 강남구 영동대로 325 S-TOWER 1층,(지번) 대치동 983-17,중화요리
149,STORE_GN00150,하동관 강남분점,서울 강남구 테헤란로78길 16 노벨빌딩 2층,(지번) 대치동 891-44,곰탕
150,STORE_GN00151,만두집,서울 강남구 압구정로 338,(지번) 신사동 661-1,분식
151,STORE_GN00152,이도곰탕 본점,서울 강남구 논현로94길 29-5,(지번) 역삼동 671-17,곰탕
152,STORE_GN00153,함지곱창전문,서울 강남구 학동로2길 33,(지번) 논현동 144-5,"곱창,막창"
153,STORE_GN00154,맷카페,서울 강남구 학동로50길 42 1층,(지번) 논현동 255-5,카페
154,STORE_GN00155,이치에,서울 강남구 선릉로155길 23-3 2층,(지번) 신사동 656-7,일본식주점
155,STORE_GN00156,136길 육미,서울 강남구 언주로136길 9 2층,(지번) 논현동 107-34,퓨전일식
156,STORE_GN00157,더라운드 삼성점,서울 강남구 영동대로 648,(지번) 삼성동 78,중화요리
157,STORE_GN00158,마켓오 압구정점,서울 강남구 도산대로 310 2층,(지번) 논현동 91-6,패밀리레스토랑
158,STORE_GN00159,우래옥 강남분점(휴업중),서울 강남구 영동대로 313,(지번) 대치동 983-13,"육류,고기"
159,STORE_GN00160,윤화돈까스,서울 강남구 도곡로 221 셀라빌딩 1층,(지번) 역삼동 787-12,"돈까스,우동"
160,STORE_GN00161,아트몬스터 강남역점,"서울 강남구 테헤란로1길 28-3 1,2층",(지번) 역삼동 817-5,"호프,요리주점"
161,STORE_GN00162,풍년집,서울 강남구 논현로67길 63,(지번) 역삼동 835-15,"육류,고기"
162,STORE_GN00163,임피리얼팰리스 패밀리아,서울 강남구 언주로 640 임피리얼팰리스호텔 1층,(지번) 논현동 248-7,뷔페
163,STORE_GN00164,세시셀라 도산공원점,서울 강남구 도산대로45길 10-4 삼경빌딩 1층,(지번) 신사동 651-4,디저트카페
164,STORE_GN00165,영동민물장어,서울 강남구 언주로148길 8,(지번) 논현동 98-8,장어
165,STORE_GN00166,쵸이닷,서울 강남구 도산대로 457 앙스돔빌딩 3층,(지번) 청담동 98-7,양식
166,STORE_GN00167,도쿄등심 압구정점,서울 강남구 도산대로49길 9 스타크빌딩 3층,(지번) 신사동 651-19,"육류,고기"
167,STORE_GN00168,껠끄쇼즈,서울 강남구 도곡로70길 5,(지번) 대치동 1023-19,디저트카페
168,STORE_GN00169,빵어니스타 압구정점,서울 강남구 도산대로25길 43 1층,(지번) 신사동 553-25,디저트카페
169,STORE_GN00170,사람사는고깃집김일도 선릉점,서울 강남구 역삼로63길 23,(지번) 대치동 899-3,"육류,고기"
170,STORE_GN00171,노란상소갈비 강남구청점,서울 강남구 선릉로131길 22 1층,(지번) 논현동 112-7,갈비
171,STORE_GN00172,어썸로즈,서울 강남구 압구정로10길 40 지하 1층,(지번) 신사동 520-7,양식
172,STORE_GN00173,파씨오네,서울 강남구 언주로164길 39 2층,(지번) 신사동 646-23,양식
173,STORE_GN00174,한우리 본점,서울 강남구 도산대로 304 한우리외식사업(주),(지번) 논현동 91-18,"육류,고기"
174,STORE_GN00175,김수사,서울 강남구 도산대로 132,(지번) 논현동 4-19,"초밥,롤"
175,STORE_GN00176,진풍정 강남점,서울 강남구 테헤란로52길 15 이스타빌 지하2층,(지번) 역삼동 708-20,한정식
176,STORE_GN00177,클랩피자,서울 강남구 압구정로46길 71 1층,(지번) 신사동 648-24,피자
177,STORE_GN00178,청담골,서울 강남구 선릉로148길 48 미준빌딩 1층,(지번) 청담동 19-17,한식
178,STORE_GN00179,스시메이진 강남점,서울 강남구 강남대로 432 점프밀라노 5층,(지번) 역삼동 815,"초밥,롤"
179,STORE_GN00180,스시효 청담본점,서울 강남구 선릉로146길 25 유현빌딩 1층,(지번) 청담동 21-16,"초밥,롤"
180,STORE_GN00181,인량 훠궈,서울 강남구 강남대로140길 9 비피유빌딩 지하2층,(지번) 논현동 21-16,중식
181,STORE_GN00182,돌곰네,서울 강남구 언주로146길 18 동현아파트상가 지하1층,(지번) 논현동 105,"해물,생선"
182,STORE_GN00183,강강술래 청담점,서울 강남구 도산대로 535,(지번) 청담동 125-16,"육류,고기"
183,STORE_GN00184,길버트버거앤프라이즈 가로수점,서울 강남구 도산대로15길 47,(지번) 신사동 545-3,햄버거
184,STORE_GN00185,낙원테산도 강남본점,서울 강남구 봉은사로4길 36 운현빌딩 1층,(지번) 역삼동 813-10,퓨전일식
185,STORE_GN00186,무오키,서울 강남구 학동로55길 12-12 2층,(지번) 청담동 38-4,양식
186,STORE_GN00187,멘야산다이메 신논현점,서울 강남구 강남대로114길 23 에스코 101호,(지번) 논현동 184-17,일본식라면
187,STORE_GN00188,청국장과보리밥 수서점,서울 강남구 광평로46길 5-5,(지번) 수서동 450-4,한식
188,STORE_GN00189,잭슨피자 압구정점,"서울 강남구 압구정로 144 1층 107호, 108호",(지번) 신사동 574,피자
189,STORE_GN00190,파불라,서울 강남구 도산대로81길 51 루미안빌딩 1층,(지번) 청담동 100,중화요리
190,STORE_GN00191,교대이층집 강남역점,서울 강남구 강남대로78길 14 2층,(지번) 역삼동 831-25,"육류,고기"
191,STORE_GN00192,해담채 강남점,서울 강남구 논현로85길 70 지하1층,(지번) 역삼동 823-16,"해물,생선"
192,STORE_GN00193,볼피노,서울 강남구 도산대로45길 10-7 삼희2빌딩 1층,(지번) 신사동 650-12,양식
193,STORE_GN00194,파넬카페,서울 강남구 언주로164길 14,(지번) 신사동 649-2,카페
194,STORE_GN00195,금수복국 압구정점,"서울 강남구 언주로 821 금수빌딩 2,3층",(지번) 신사동 627-13,복어
195,STORE_GN00196,데칸트,서울 강남구 압구정로72길 10 2층,(지번) 청담동 81-11,카페
196,STORE_GN00197,마코토 청담점,서울 강남구 압구정로80길 37 이에스빌딩 2층,(지번) 청담동 92-18,일본식주점
197,STORE_GN00198,노모어피자,서울 강남구 언주로164길 34-2 1층,(지번) 신사동 647-2,피자
198,STORE_GN00199,듀자미,서울 강남구 도산대로11길 28 1층,(지번) 신사동 535-9,디저트카페
199,STORE_GN00200,기욤 청담점,서울 강남구 선릉로152길 17,(지번) 청담동 88-37,디저트카페
200,STORE_GN00201,양인환대,서울 강남구 강남대로42길 17,(지번) 도곡동 954-16,"스테이크,립"
201,STORE_GN00202,카페그라쎄,서울 강남구 도산대로17길 19 온암빌딩 1층,(지번) 신사동 543-11,카페
202,STORE_GN00203,무월식탁 강남본점,서울 강남구 강남대로102길 23 1층,(지번) 역삼동 812-15,한식
203,STORE_GN00204,톡톡,서울 강남구 학동로97길 41 리유빌딩 3층,(지번) 청담동 69-5,양식
204,STORE_GN00205,세종한우 2호점,서울 강남구 논현로 642,(지번) 논현동 216-10,"육류,고기"
205,STORE_GN00206,로마옥,서울 강남구 강남대로48길 11 1층,(지번) 도곡동 948-13,이탈리안
206,STORE_GN00207,더페이머스버거 신사점,서울 강남구 도산대로 113,(지번) 신사동 513-4,햄버거
207,STORE_GN00208,시추안하우스 삼성점,서울 강남구 테헤란로87길 29 M타워 1층,(지번) 삼성동 154-11,중화요리
208,STORE_GN00209,이자카야나무 강남2호점,서울 강남구 강남대로78길 8 지하1층,(지번) 역삼동 831-3,일본식주점
209,STORE_GN00210,코르바니,"서울 강남구 언주로94길 9 1, 2층",(지번) 역삼동 700-17,이탈리안
210,STORE_GN00211,어성,서울 강남구 언주로 843 2층,(지번) 신사동 623-1,일식
211,STORE_GN00212,도치피자 강남점,서울 강남구 강남대로98길 27 1층,(지번) 역삼동 620-17,피자
212,STORE_GN00213,마키노차야 역삼점,서울 강남구 강남대로 324,(지번) 역삼동 832-6,해산물뷔페
213,STORE_GN00214,마노디셰프 삼성점,서울 강남구 테헤란로87길 21 동성빌딩 지하1층,(지번) 삼성동 158-9,이탈리안
214,STORE_GN00215,감성타코 가로수길점,서울 강남구 가로수길 26 3층,(지번) 신사동 542-6,"멕시칸,브라질"
215,STORE_GN00216,아방궁,서울 강남구 역삼로1길 18,(지번) 역삼동 831-33,중화요리
216,STORE_GN00217,바이킹스워프 코엑스점,서울 강남구 영동대로 513 컨벤션센터 2층,(지번) 삼성동 159,바닷가재
217,STORE_GN00218,압구정변강쇠떡볶이,서울 강남구 도산대로46길 21 한진로즈힐아파트101동 상가117호,(지번) 논현동 105-4,떡볶이
218,STORE_GN00219,신도세기 선릉점,서울 강남구 테헤란로52길 15 금천빌딩 지하 1층,(지번) 역삼동 708-20,"육류,고기"
219,STORE_GN00220,신사소곱창,서울 강남구 압구정로2길 62,(지번) 신사동 512-10,"곱창,막창"
220,STORE_GN00221,진대감 역삼점,서울 강남구 봉은사로30길 75 1층,(지번) 역삼동 669-15,"육류,고기"
221,STORE_GN00222,청담25,서울 강남구 압구정로79길 32,(지번) 청담동 124-12,한식
222,STORE_GN00223,홍미닭발 신사본점,서울 강남구 도산대로1길 6,(지번) 신사동 513,닭요리
223,STORE_GN00224,당옥,서울 강남구 강남대로162길 22 1층 101호,(지번) 신사동 521-5,디저트카페
224,STORE_GN00225,백운봉막국수 본점,서울 강남구 언주로93길 30,(지번) 역삼동 672-38,국수
225,STORE_GN00226,미엘,서울 강남구 도산대로67길 13-12 퍼즐하우스 1층,(지번) 청담동 94-3,갤러리카페
226,STORE_GN00227,슈퍼집 논현점,서울 강남구 언주로130길 14,(지번) 논현동 246-1,떡볶이
227,STORE_GN00228,김돈이 본점,서울 강남구 선릉로94길 9,(지번) 삼성동 140-29,"육류,고기"
228,STORE_GN00229,훠궈나라 강남점,서울 강남구 봉은사로2길 35 소현빌딩 2층,(지번) 역삼동 813-8,중화요리
229,STORE_GN00230,코다차야,서울 강남구 압구정로14길 6 지하1층,(지번) 신사동 548-4,실내포장마차
230,STORE_GN00231,대도식당 삼성점,서울 강남구 삼성로 545 1~3층,(지번) 삼성동 127-3,"육류,고기"
231,STORE_GN00232,빠레뜨한남 가로수길,서울 강남구 논현로153길 61 2층,(지번) 신사동 542-1,양식
232,STORE_GN00233,컨버터,서울 강남구 강남대로156길 12 1층,(지번) 신사동 511-1,이탈리안
233,STORE_GN00234,스시선수,서울 강남구 도산대로45길 6 호림아트센터 지하M층,(지번) 신사동 651-16,"초밥,롤"
234,STORE_GN00235,마법갈비요술꼬치,"서울 강남구 선릉로157길 26 1,2층",(지번) 신사동 663-28,"육류,고기"
235,STORE_GN00236,우동명가 기리야마본진,서울 강남구 강남대로84길 23 한라클래식 지하1층,(지번) 역삼동 824-11,"돈까스,우동"
236,STORE_GN00237,네기다이닝라운지,서울 강남구 도산대로15길 18 4층,(지번) 신사동 540,일본식주점
237,STORE_GN00238,레스쁘아뒤이부,서울 강남구 선릉로152길 33,(지번) 청담동 90-25,양식
238,STORE_GN00239,우와 가로수길점,서울 강남구 강남대로158길 17 1층,(지번) 신사동 508-8,일식집
239,STORE_GN00240,붓처스컷 삼성점,서울 강남구 테헤란로87길 17 지하1층,(지번) 삼성동 158-10,"스테이크,립"
240,STORE_GN00241,조인바이트,서울 강남구 선릉로112길 13,(지번) 삼성동 36-11,퓨전요리
241,STORE_GN00242,육시리 역삼본점,서울 강남구 논현로 420,(지번) 역삼동 727-1,"육류,고기"
242,STORE_GN00243,호랑이식당 강남본점,서울 강남구 봉은사로4길 20 1층,(지번) 역삼동 810-14,일본식라면
243,STORE_GN00244,세광양대창 강남점,서울 강남구 역삼로5길 22 1층,(지번) 역삼동 830-38,"곱창,막창"
244,STORE_GN00245,파란만잔,"서울 강남구 봉은사로2길 21 1,2층",(지번) 역삼동 810-5,디저트카페
245,STORE_GN00246,롸카두들 핫치킨 압구정점,서울 강남구 언주로164길 35-3 1층,(지번) 신사동 646-8,햄버거
246,STORE_GN00247,홈수끼 학동점,서울 강남구 언주로 708 경원빌딩 1층,(지번) 논현동 115-1,샤브샤브
247,STORE_GN00248,가비터,서울 강남구 강남대로106길 29 지하1층,(지번) 역삼동 616-14,카페
248,STORE_GN00249,이브닝블루,서울 강남구 봉은사로33길 7 1층,(지번) 논현동 233-18,디저트카페
249,STORE_GN00250,서래향 수서점,서울 강남구 광평로51길 6-9 1층,(지번) 수서동 714-5,중화요리
250,STORE_GN00251,메종드라카테고리,서울 강남구 선릉로 826 1층,(지번) 청담동 85,양식
251,STORE_GN00252,파시0914,서울 강남구 도산대로45길 15 지하 1층,(지번) 신사동 631-35,카페
252,STORE_GN00253,클라우즈비,서울 강남구 논현로28길 10 제이제이빌딩 1층,(지번) 도곡동 424,카페
253,STORE_GN00254,두레국수,서울 강남구 언주로98길 14,(지번) 역삼동 700-19,국수
254,STORE_GN00255,김태완스시,서울 강남구 학동로2길 31,(지번) 논현동 144-4,"초밥,롤"
255,STORE_GN00256,몰타참치,서울 강남구 삼성로85길 26 v&s빌딩 2층,(지번) 대치동 891-46,참치회
256,STORE_GN00257,라공방 강남1호 본점,서울 강남구 테헤란로4길 6 센트럴애비뉴 지하1층 B113호,(지번) 역삼동 825-20,중화요리
257,STORE_GN00258,대삼식당,서울 강남구 학동로41길 23 인현빌딩 1층,(지번) 논현동 106-17,삼겹살
258,STORE_GN00259,호루몬,서울 강남구 학동로97길 72,(지번) 청담동 53-6,일식
259,STORE_GN00260,뻐꾸기,서울 강남구 도산대로17길 4,(지번) 신사동 561-17,실내포장마차
260,STORE_GN00261,비트포비아 강남던전점,서울 강남구 강남대로84길 33 대우디오빌플러스 지하1층 111호,(지번) 역삼동 824-25,테마카페
261,STORE_GN00262,백억하누 강남본점,서울 강남구 테헤란로5길 29,(지번) 역삼동 817-26,"육류,고기"
262,STORE_GN00263,명인등심 압구정직영점,서울 강남구 도산대로 211,(지번) 신사동 587-15,"육류,고기"
263,STORE_GN00264,우가,서울 강남구 도산대로49길 22 지하 1층,(지번) 신사동 653-20,"육류,고기"
264,STORE_GN00265,빌리엔젤 강남역점,서울 강남구 테헤란로1길 48 강남ELS빌딩 1층,(지번) 역삼동 619-16,디저트카페
265,STORE_GN00266,호무랑,서울 강남구 도산대로 442 피엔폴루스 1층,(지번) 청담동 4-1,퓨전일식
266,STORE_GN00267,썬더버드,서울 강남구 압구정로60길 18 1층,(지번) 청담동 83-16,양식
267,STORE_GN00268,루프808,서울 강남구 강남대로 470 16층,(지번) 역삼동 808,카페
268,STORE_GN00269,흑돈가 삼성역점,"서울 강남구 봉은사로86길 14 1,2층",(지번) 삼성동 147-15,"육류,고기"
269,STORE_GN00270,브릭오븐,서울 강남구 강남대로102길 31,(지번) 역삼동 617-4,피자
270,STORE_GN00271,참치공방 강남점,서울 강남구 강남대로78길 18 2층,(지번) 역삼동 831-27,참치회
271,STORE_GN00272,마노디셰프 강남점,서울 강남구 테헤란로 129 강남N타워 지하1층,(지번) 역삼동 648-9,이탈리안
272,STORE_GN00273,난장캠프 논현본점,서울 강남구 강남대로114길 10 2층,(지번) 논현동 198-3,"육류,고기"
273,STORE_GN00274,남도사계고운님,서울 강남구 삼성로81길 22 한정빌딩 2층,(지번) 대치동 894-5,"해물,생선"
274,STORE_GN00275,봉우화로 강남본점,서울 강남구 봉은사로18길 76,(지번) 역삼동 619-14,"육류,고기"
275,STORE_GN00276,리틀사이공 압구정본점,서울 강남구 언주로174길 26,(지번) 신사동 640-1,동남아음식
276,STORE_GN00277,짬뽕지존 역삼직영점,서울 강남구 테헤란로10길 21 세명프라자 B동 2층 205호,(지번) 역삼동 823-38,중화요리
277,STORE_GN00278,바스버거 선릉점,서울 강남구 삼성로85길 39 2층 2호,(지번) 대치동 895-1,햄버거
278,STORE_GN00279,풍국면 강남직영점,서울 강남구 테헤란로8길 21 1층,(지번) 역삼동 823-14,국수
279,STORE_GN00280,베러댄비프,서울 강남구 도산대로11길 5 1층,(지번) 신사동 514-9,"육류,고기"
280,STORE_GN00281,나리식당 청담점,서울 강남구 선릉로152길 25 1층,(지번) 청담동 89-8,삼겹살
281,STORE_GN00282,미도인 강남,서울 강남구 강남대로102길 16 1층,(지번) 역삼동 619-3,퓨전일식
282,STORE_GN00283,카페무라노,서울 강남구 강남대로110길 21 1층,(지번) 역삼동 601-30,카페
283,STORE_GN00284,볼트스테이크하우스,서울 강남구 압구정로72길 22 2층,(지번) 청담동 95-15,"스테이크,립"
284,STORE_GN00285,공감,서울 강남구 도산대로11길 32 한교빌딩 1층,(지번) 신사동 535-8,일본식주점
285,STORE_GN00286,청담류,서울 강남구 도산대로58길 12,(지번) 청담동 22-11,일본식주점
286,STORE_GN00287,심퍼티쿠시 역삼점,서울 강남구 논현로87길 19 스퀘어736 지하1층,(지번) 역삼동 736-38,와인바
287,STORE_GN00288,룸서비스301,서울 강남구 양재천로 193 3층 301호,(지번) 도곡동 454-10,카페
288,STORE_GN00289,이남장 삼성점,서울 강남구 봉은사로108길 21,(지번) 삼성동 165-12,설렁탕
289,STORE_GN00290,논탄토,서울 강남구 도산대로17길 35,(지번) 신사동 544-23,카페
290,STORE_GN00291,만강 수서점,서울 강남구 밤고개로21길 81 1~3층,(지번) 율현동 68-7,한정식
291,STORE_GN00292,낙원타코 강남CGV점,"서울 강남구 봉은사로4길 33 1, 2층",(지번) 역삼동 812-9,"멕시칸,브라질"
292,STORE_GN00293,참치그라,서울 강남구 선릉로93길 22 대흥빌딩 3층,(지번) 역삼동 697-45,참치회
293,STORE_GN00294,은하수,"서울 강남구 봉은사로4길 17 3,4층",(지번) 역삼동 811,일본식주점
294,STORE_GN00295,수수커피 가로수길점,서울 강남구 강남대로154길 24 준영빌딩 1층,(지번) 신사동 512-8,커피전문점
295,STORE_GN00296,신의주찹쌀순대,서울 강남구 영동대로 725,(지번) 청담동 68-7,순대
296,STORE_GN00297,진가와 한국본점,서울 강남구 논현로94길 25-3 지하1층,(지번) 역삼동 670-20,일식
297,STORE_GN00298,평양면옥 도곡점,서울 강남구 논현로28길 28,(지번) 도곡동 423-15,냉면
298,STORE_GN00299,장정정,서울 강남구 삼성로 517,(지번) 삼성동 144-14,일식집
299,STORE_GN00300,지아니스나폴리 역삼점,서울 강남구 논현로94길 15 지하1층,(지번) 역삼동 669-18,이탈리안
300,STORE_GN00301,벌교한상,서울 강남구 광평로46길 7,(지번) 수서동 450-8,한식
301,STORE_GN00302,목포집 본점,서울 강남구 강남대로152길 24,(지번) 신사동 514-3,한식
302,STORE_GN00303,후레쉬빌 강남본점,서울 강남구 테헤란로108길 19 부림빌딩 1층,(지번) 대치동 999,양식
303,STORE_GN00304,창고43 청담점,"서울 강남구 도산대로 421 JS빌딩 1,2층",(지번) 청담동 91-12,"육류,고기"
304,STORE_GN00305,까사생갈비,서울 강남구 봉은사로2길 15 1층,(지번) 역삼동 810-2,갈비
305,STORE_GN00306,신촌황소곱창 논현직영점,서울 강남구 강남대로128길 10 신도빌딩 1층,(지번) 논현동 144,"곱창,막창"
306,STORE_GN00307,골드피쉬딤섬퀴진,서울 강남구 압구정로48길 35 2층,(지번) 신사동 657-5,중식
307,STORE_GN00308,딩딤1968,서울 강남구 강남대로160길 27,(지번) 신사동 521-10,중화요리
308,STORE_GN00309,마초갈비 선릉역점,서울 강남구 선릉로93길 11 1층,(지번) 역삼동 705-14,갈비
309,STORE_GN00310,알라보 강남점,서울 강남구 테헤란로 129 강남N타워 1층 4호,(지번) 역삼동 648-9,양식
310,STORE_GN00311,로얄마카롱,서울 강남구 테헤란로25길 26 3층,(지번) 역삼동 641-15,디저트카페
311,STORE_GN00312,신사연어,서울 강남구 압구정로2길 60 MG타워 2층,(지번) 신사동 512-9,"해물,생선"
312,STORE_GN00313,미분당 강남점,서울 강남구 강남대로110길 16 1층,(지번) 역삼동 810-17,베트남음식
313,STORE_GN00314,땅코참숯구이 연다라역삼점,서울 강남구 도곡로7길 28,(지번) 역삼동 835,"육류,고기"
314,STORE_GN00315,논현손칼국수,서울 강남구 논현로111길 16 1층,(지번) 논현동 193-38,국수
315,STORE_GN00316,아카라,서울 강남구 봉은사로43길 14,(지번) 논현동 272-31,일본식주점
316,STORE_GN00317,크리에잇쿠키 역삼점,서울 강남구 테헤란로25길 36 2층,(지번) 역삼동 641-1,디저트카페
317,STORE_GN00318,알라프리마,서울 강남구 학동로17길 13,(지번) 논현동 42-6,양식
318,STORE_GN00319,알부자 강남본점,서울 강남구 강남대로98길 14,(지번) 역삼동 817-34,"해물,생선"
319,STORE_GN00320,스시이토,서울 강남구 선릉로153길 22 4층,(지번) 신사동 656-15,"초밥,롤"
320,STORE_GN00321,돈블랑 청담스퀘어점,서울 강남구 도산대로 420 청담스퀘어 B동 4층,(지번) 청담동 3-2,"육류,고기"
321,STORE_GN00322,백마김씨네 도곡점,서울 강남구 남부순환로 2743,(지번) 도곡동 180-1,"육류,고기"
322,STORE_GN00323,중경마라탕 강남역점,서울 강남구 테헤란로1길 44 2층,(지번) 역삼동 619-17,중화요리
323,STORE_GN00324,마제스티타바론티라운지,서울 강남구 도산대로 327 16층,(지번) 신사동 652-16,양식
324,STORE_GN00325,아우어커피 강남점,서울 강남구 봉은사로4길 20 2층,(지번) 역삼동 810-14,커피전문점
325,STORE_GN00326,다로베 청담점,서울 강남구 선릉로 757 더채플엣청담 1층,(지번) 논현동 94-9,양식
326,STORE_GN00327,고반식당 삼성점,서울 강남구 테헤란로81길 16,(지번) 삼성동 157-23,"육류,고기"
327,STORE_GN00328,창고43 삼성점,서울 강남구 테헤란로 534 글라스타워 지하1층,(지번) 대치동 946-8,"육류,고기"
328,STORE_GN00329,비어룸,서울 강남구 강남대로98길 22,(지번) 역삼동 817-37,이탈리안
329,STORE_GN00330,스시키,서울 강남구 선릉로107길 3-4 운경빌딩 1층,(지번) 역삼동 683-2,"초밥,롤"
330,STORE_GN00331,개성집,서울 강남구 봉은사로1길 6,(지번) 논현동 201-1,삼겹살
331,STORE_GN00332,일치,서울 강남구 언주로149길 8,(지번) 논현동 62-24,이탈리안
332,STORE_GN00333,로로,"서울 강남구 언주로164길 35 1,2층",(지번) 신사동 646-7,양식
333,STORE_GN00334,무공돈까스,서울 강남구 강남대로110길 13 1층,(지번) 역삼동 601-13,"돈까스,우동"
334,STORE_GN00335,수라선 역삼점,서울 강남구 언주로 517 신라스테이역삼 1층,(지번) 역삼동 675-3,한정식
335,STORE_GN00336,도레도레 신사점,서울 강남구 도산대로15길 40,(지번) 신사동 544-4,디저트카페
336,STORE_GN00337,패티앤베지스,서울 강남구 압구정로4길 11 1층,(지번) 신사동 525-2,햄버거
337,STORE_GN00338,남도음식토말 본점,서울 강남구 선릉로121길 13,(지번) 논현동 254-23,한정식
338,STORE_GN00339,일일향 삼성점,서울 강남구 테헤란로83길 20,(지번) 삼성동 158-3,중화요리
339,STORE_GN00340,JS가든 압구정점,서울 강남구 언주로174길 13 미소빌딩 2층,(지번) 신사동 638-9,중화요리
340,STORE_GN00341,청담돈,서울 강남구 도산대로49길 11 2층,(지번) 신사동 648-13,일식
341,STORE_GN00342,라공방 가로수길본점,서울 강남구 도산대로11길 29 SM빌딩 1층,(지번) 신사동 517-27,중식
342,STORE_GN00343,바빌리안테이블,서울 강남구 압구정로46길 5-2 원일빌딩 2층,(지번) 신사동 660-18,이탈리안
343,STORE_GN00344,메리가든,서울 강남구 봉은사로 113 디자이너스호텔 13층,(지번) 논현동 201-11,양식
344,STORE_GN00345,카페인더핑크,서울 강남구 학동로53길 19 1층,(지번) 논현동 110-25,카페
345,STORE_GN00346,카페노티드 삼성,서울 강남구 테헤란로103길 9 1층,(지번) 삼성동 168-26,디저트카페
346,STORE_GN00347,큰물참치 강남점,서울 강남구 테헤란로2길 27 비젼타워 1층 102호,(지번) 역삼동 826-48,참치회
347,STORE_GN00348,카페키츠네 서울,서울 강남구 가로수길 23,(지번) 신사동 535-13,카페
348,STORE_GN00349,영동교집,서울 강남구 선릉로148길 11,(지번) 청담동 2-4,"육류,고기"
349,STORE_GN00350,권숙수,서울 강남구 압구정로80길 37 4층,(지번) 청담동 92-18,한식
350,STORE_GN00351,강남면옥 대치점,서울 강남구 도곡로 428,(지번) 대치동 1023-4,냉면
351,STORE_GN00352,르알래스카 가로수길점,서울 강남구 압구정로14길 15,(지번) 신사동 550-22,"제과,베이커리"
352,STORE_GN00353,아실라,서울 강남구 강남대로98길 16 파빌리온빌딩 지하1층,(지번) 역삼동 817-35,술집
353,STORE_GN00354,라비옥,서울 강남구 테헤란로25길 42,(지번) 역삼동 628-7,갈비
354,STORE_GN00355,대패서울,서울 강남구 선릉로86길 37 1층,(지번) 대치동 890-45,삼겹살
355,STORE_GN00356,한성양갈비양꼬치 강남점,서울 강남구 강남대로78길 25,(지번) 역삼동 827-22,양꼬치
356,STORE_GN00357,영동원삼겹살,서울 강남구 강남대로 520,(지번) 논현동 164-18,삼겹살
357,STORE_GN00358,타코벨 선릉점,서울 강남구 테헤란로 316 메트라이프타워 1층,(지번) 역삼동 707-6,"멕시칸,브라질"
358,STORE_GN00359,앤더슨씨,"서울 강남구 도산대로55길 7 헤이븐빌딩 1층, 지하1층",(지번) 청담동 86-5,양식
359,STORE_GN00360,제주은희네해장국 선릉직영점,서울 강남구 삼성로91길 28 씨에스빌딩 1층,(지번) 삼성동 143-30,해장국
360,STORE_GN00361,JS가든 청담,서울 강남구 도산대로 318 sb타워 c동 1층,(지번) 논현동 92-12,중식
361,STORE_GN00362,우텐더,서울 강남구 압구정로42길 25-10,(지번) 신사동 643-20,"육류,고기"
362,STORE_GN00363,버드나무집 역삼점,서울 강남구 언주로 522,(지번) 역삼동 689-12,갈비
363,STORE_GN00364,치카리셔스,서울 강남구 강남대로 556 논현빌딩 1층,(지번) 논현동 50-1,디저트카페
364,STORE_GN00365,진대감 논현점,서울 강남구 학동로38길 38,(지번) 논현동 217-47,"육류,고기"
365,STORE_GN00366,교대이층집 신사점,"서울 강남구 강남대로152길 17 1, 2층",(지번) 신사동 512-16,"육류,고기"
366,STORE_GN00367,고반식당 선릉점,서울 강남구 역삼로63길 21 1층,(지번) 대치동 899-4,"육류,고기"
367,STORE_GN00368,라페름 청담점,서울 강남구 도산대로54길 10,(지번) 논현동 95-8,양식
368,STORE_GN00369,쉼스토리,서울 강남구 역삼로3길 17 혜진빌딩 3층,(지번) 역삼동 831-35,테마카페
369,STORE_GN00370,감성타코앤그릴 신사점,서울 강남구 강남대로162길 31,(지번) 신사동 523-16,"멕시칸,브라질"
370,STORE_GN00371,웻커피 신사점,서울 강남구 강남대로162길 18,(지번) 신사동 507-3,카페
371,STORE_GN00372,삼정하누,서울 강남구 봉은사로26길 12,(지번) 역삼동 605-22,한정식
372,STORE_GN00373,할매재첩국,서울 강남구 삼성로 308,(지번) 대치동 988-2,"해물,생선"
373,STORE_GN00374,리북집 신사점,서울 강남구 도산대로 131,(지번) 신사동 537-11,"족발,보쌈"
374,STORE_GN00375,샤블리,서울 강남구 강남대로152길 35 2층,(지번) 신사동 515-9,샤브샤브
375,STORE_GN00376,보울룸,서울 강남구 압구정로42길 36 금광아크존1 1층 103호,(지번) 신사동 635-14,양식
376,STORE_GN00377,키이스케이프 강남점,서울 강남구 강남대로96길 17,(지번) 역삼동 817-21,테마카페
377,STORE_GN00378,갓포아키 도산공원점,서울 강남구 도산대로45길 8-3 2층,(지번) 신사동 651-5,일식집
378,STORE_GN00379,스시인,서울 강남구 압구정로42길 49 3층,(지번) 신사동 645-28,"초밥,롤"
379,STORE_GN00380,르브런쉭,서울 강남구 강남대로162길 41-22 1층 102호,(지번) 신사동 524,양식
380,STORE_GN00381,치즈룸,서울 강남구 논현로 854 안다즈호텔 지하1층 112~3호,(지번) 신사동 603-1,양식
381,STORE_GN00382,육갑식당 대치점,서울 강남구 도곡로 522 1층,(지번) 대치동 990-2,한식
382,STORE_GN00383,버터핑거팬케익스 청담점,서울 강남구 선릉로152길 11,(지번) 청담동 88-9,양식
383,STORE_GN00384,심양 청담본점,서울 강남구 도산대로 408,(지번) 청담동 2,양꼬치
384,STORE_GN00385,지아니스나폴리 가로수길점,서울 강남구 도산대로15길 15 2층,(지번) 신사동 541-6,이탈리안
385,STORE_GN00386,트라가,서울 강남구 테헤란로25길 46 1층,(지번) 역삼동 628-6,양식
386,STORE_GN00387,중경마라탕 강남2호점,서울 강남구 강남대로78길 27 2층,(지번) 역삼동 827-23,중식
387,STORE_GN00388,몽블리 강남역11번출구점,서울 강남구 강남대로96길 18 1층,(지번) 역삼동 818-4,고기뷔페
388,STORE_GN00389,루소랩 청담점,서울 강남구 선릉로158길 16 다현빌딩 1층,(지번) 청담동 88-22,카페
389,STORE_GN00390,아웃백스테이크하우스 강남점,서울 강남구 강남대로 502 에임하이타워 2층,(지번) 논현동 165,패밀리레스토랑
390,STORE_GN00391,압구정면옥,서울 강남구 압구정로30길 16 1층,(지번) 신사동 610-3,한식
391,STORE_GN00392,타코벨 역삼점,서울 강남구 논현로85길 11 1층,(지번) 역삼동 739-1,"멕시칸,브라질"
392,STORE_GN00393,양식당더램키친,서울 강남구 압구정로8길 5 2층,(지번) 신사동 529-6,"육류,고기"
393,STORE_GN00394,장서는날 본점,서울 강남구 강남대로78길 35,(지번) 역삼동 827-68,한식
394,STORE_GN00395,호남마을,서울 강남구 역삼로7길 2,(지번) 역삼동 829-13,"육류,고기"
395,STORE_GN00396,천사곱창 논현점,서울 강남구 학동로2길 56,(지번) 논현동 164-14,"곱창,막창"
396,STORE_GN00397,우미학,서울 강남구 압구정로30길 51 I.S.A빌딩 2층,(지번) 신사동 600-1,"육류,고기"
397,STORE_GN00398,더달달,"서울 강남구 강남대로102길 38-6 1층, 2층",(지번) 역삼동 618-7,카페
398,STORE_GN00399,수다 청담점,서울 강남구 도산대로57길 15,(지번) 청담동 88-31,일본식주점
399,STORE_GN00400,어로장,서울 강남구 테헤란로52길 15 1층 102호,(지번) 역삼동 708-20,"해물,생선"
400,STORE_GN00401,스시유,서울 강남구 영동대로 407,(지번) 대치동 949-1,일식집
401,STORE_GN00402,카브루브루펍,서울 강남구 압구정로79길 19 레인애비뉴 101호,(지번) 청담동 121-28,"호프,요리주점"
402,STORE_GN00403,고반식당 가로수길점,서울 강남구 강남대로156길 34 1층,(지번) 신사동 516-7,"육류,고기"
403,STORE_GN00404,개그맨정용국의용곱창,서울 강남구 언주로108길 8 1층,(지번) 역삼동 687,"곱창,막창"
404,STORE_GN00405,쉐이크쉑 강남점,서울 강남구 강남대로 452 대연빌딩 1층,(지번) 역삼동 809-13,패스트푸드
405,STORE_GN00406,지노스피자 압구정로데오점,서울 강남구 선릉로155길 15,(지번) 신사동 655-3,피자
406,STORE_GN00407,양파이 강남점,서울 강남구 강남대로94길 14 청담퍼스트타워 1층,(지번) 역삼동 819-1,양꼬치
407,STORE_GN00408,청담옥,서울 강남구 도곡로 228,(지번) 도곡동 542-6,"육류,고기"
408,STORE_GN00409,본태,서울 강남구 도산대로45길 14 1층,(지번) 신사동 650-16,아시아음식
409,STORE_GN00410,원조부안집 강남점,서울 강남구 강남대로96길 19 1층,(지번) 역삼동 817-22,"육류,고기"
410,STORE_GN00411,부자피자 신사4호점,서울 강남구 압구정로10길 35-2 1층,(지번) 신사동 534-12,피자
411,STORE_GN00412,사람사는고깃집 김일도 신논현점,서울 강남구 강남대로118길 26 1층,(지번) 논현동 183-8,"육류,고기"
