,store_code,ItemID,address,local,category
0,STORE_GR00001,광고서일순대국전문 구로점,서울 구로구 구로중앙로 6 1층,(지번) 구로동 142-77,순대
1,STORE_GR00002,광고우돈생고기,서울 구로구 개봉로2길 81,(지번) 개봉동 276-14,"육류,고기"
2,STORE_GR00003,월래순교자관,서울 구로구 디지털로19길 13,(지번) 가리봉동 127-5,중식
3,STORE_GR00004,평양냉면,서울 구로구 고척로10길 65,(지번) 오류동 13-55,냉면
4,STORE_GR00005,신림춘천집 구로디지털직영점,서울 구로구 디지털로32나길 17-23 우남산업 102호,(지번) 구로동 1124-69,닭요리
5,STORE_GR00006,강촌숯불닭갈비 본점,서울 구로구 공원로6나길 35-2,(지번) 구로동 29-22,닭요리
6,STORE_GR00007,갓파스시 구로점,서울 구로구 디지털로 288 대륭포스트타워1차 214호,(지번) 구로동 212-8,"초밥,롤"
7,STORE_GR00008,메이비,서울 구로구 디지털로32나길 51,(지번) 구로동 1124-49,카페
8,STORE_GR00009,스시메이진 구로점,서울 구로구 디지털로 300 지밸리몰 2층 6호,(지번) 구로동 188-25,"초밥,롤"
9,STORE_GR00010,신도림참족발,서울 구로구 경인로 661,(지번) 신도림동 337,"족발,보쌈"
10,STORE_GR00011,한판참숯소갈비 구로디지털점,서울 구로구 시흥대로163길 12,(지번) 구로동 1127-18,갈비
11,STORE_GR00012,오사카로,서울 구로구 경인로67길 23 대우푸르지오 206호,(지번) 신도림동 338,일본식주점
12,STORE_GR00013,최우영스시,서울 구로구 디지털로 288 대륭포스트타운 지하 1층,(지번) 구로동 212-8,"초밥,롤"
13,STORE_GR00014,라도맨션,서울 구로구 공원로6다길 20 혜성빌딩 3층,(지번) 구로동 31-2,삼겹살
14,STORE_GR00015,화양가옥 구로디지털단지점,서울 구로구 디지털로32나길 17-23,(지번) 구로동 1124-69,"호프,요리주점"
15,STORE_GR00016,송림가,서울 구로구 경인로 398,(지번) 고척동 69-34,갈비
16,STORE_GR00017,옛날마차 신관,서울 구로구 디지털로32길 97-13,(지번) 구로동 1124-14,회
17,STORE_GR00018,이도식당 신도림본점,서울 구로구 경인로 661 푸르지오1차 2층 243호,(지번) 신도림동 337,닭요리
18,STORE_GR00019,세광양대창 구로디지털점,서울 구로구 디지털로32나길 11,(지번) 구로동 1124-59,"곱창,막창"
19,STORE_GR00020,새벽집양곱창 신도림점,서울 구로구 경인로61길 21 크라운빌상가 108호,(지번) 신도림동 694,"곱창,막창"
20,STORE_GR00021,컴포,서울 구로구 경인로67길 23 1층 105호,(지번) 신도림동 338,베트남음식
21,STORE_GR00022,롤링파스타 구로디지털역점,서울 구로구 디지털로32길 79 2층,(지번) 구로동 1124-72,이탈리안
22,STORE_GR00023,라그릴리아 신도림디큐브시티점,서울 구로구 경인로 662 현대백화점 별관 2층,(지번) 신도림동 692,이탈리안
23,STORE_GR00024,초가집부뚜막청국장,서울 구로구 구로중앙로28길 24,(지번) 구로동 528-1,한식
24,STORE_GR00025,백년불고기 구로디지털점,서울 구로구 시흥대로163길 15 1층,(지번) 구로동 1130-1,"불고기,두루치기"
25,STORE_GR00026,오목집 신도림점,"서울 구로구 경인로 661 신도림1차푸르지오 1층 128,137호",(지번) 신도림동 337,"족발,보쌈"
26,STORE_GR00027,다원국수,서울 구로구 경인로 22 109호,(지번) 오류동 108-74,국수
27,STORE_GR00028,이춘복참치 신도림점,서울 구로구 경인로 662 3층,(지번) 신도림동 692,참치회
28,STORE_GR00029,진사향,서울 구로구 새말로 20 코코모호텔 지하1층,(지번) 구로동 569-18,중화요리
29,STORE_GR00030,속초붉은대게,서울 구로구 디지털로32다길 9 라이프플러스 1층 106호,(지번) 구로동 1126-10,"게,대게"
30,STORE_GR00031,맛찬들왕소금구이 구로점,서울 구로구 디지털로32나길 17-28,(지번) 구로동 1124-51,"육류,고기"
31,STORE_GR00032,서울안심축산 구로본점,서울 구로구 공원로 47,(지번) 구로동 110-4,"육류,고기"
32,STORE_GR00033,문어부인삼교비 신도림점,서울 구로구 신도림동 337 신도림 푸르지오아파트 1차 상가 2층 228호,,"육류,고기"
33,STORE_GR00034,데일리스위츠,서울 구로구 중앙로 9 1층,(지번) 고척동 76-28,디저트카페
34,STORE_GR00035,눈꽃한우서래갈비,서울 구로구 공원로 83 2층,(지번) 구로동 544,갈비
35,STORE_GR00036,오비스트로,서울 구로구 구로중앙로15길 12,(지번) 구로동 85-12,이탈리안
36,STORE_GR00037,봉고기 신도림본점,서울 구로구 경인로 619-3,(지번) 신도림동 435-10,"육류,고기"
37,STORE_GR00038,황제해물보쌈 구로본점,서울 구로구 디지털로32길 92 1층 115호,(지번) 구로동 1272,한식
38,STORE_GR00039,풍천참숯불즉석장어구이,서울 구로구 구로동로 184 효진빌딩 1층,(지번) 구로2동 420-4,장어
39,STORE_GR00040,밀리,서울 구로구 새말로 62 1층,(지번) 구로동 산 1-11,카페
40,STORE_GR00041,어다리횟집 구로점,서울 구로구 시흥대로 551,(지번) 구로동 1126-2,회
41,STORE_GR00042,원조부안집 신도림점,서울 구로구 공원로6나길 18 1층,(지번) 구로동 40,"육류,고기"
42,STORE_GR00043,쭉심 오류동점,서울 구로구 경인로23길 8,(지번) 오류동 38-1,"해물,생선"
43,STORE_GR00044,속초오징어어시장 구로디지털점,서울 구로구 디지털로32나길 26 1층,(지번) 구로동 1124-40,회
44,STORE_GR00045,뒤뜰,서울 구로구 안양천로539길 6,(지번) 고척동 60-2,장어
45,STORE_GR00046,말뚝곱창 루프탑점,서울 구로구 디지털로32나길 22 6층,(지번) 구로동 1124-38,"곱창,막창"
46,STORE_GR00047,밤새먹소,서울 구로구 경인로 572 스타팰리스 1층,(지번) 구로동 603-9,"육류,고기"
47,STORE_GR00048,옹기종기감자옹심이,서울 구로구 서해안로30길 13-8,(지번) 오류동 137-56,한식
48,STORE_GR00049,진심갈비,서울 구로구 경서로 11 1층,(지번) 개봉동 153-123,갈비
49,STORE_GR00050,고바우,서울 구로구 부일로1길 9,(지번) 온수동 57-14,"육류,고기"
50,STORE_GR00051,서일순대국전문 구로점,서울 구로구 구로중앙로 6 1층,(지번) 구로동 142-77,순대
51,STORE_GR00052,곱창대장,서울 구로구 공원로6나길 46,(지번) 구로동 41-7,"곱창,막창"
52,STORE_GR00053,김영태의이자카야마을,서울 구로구 디지털로32나길 17-12 2층,(지번) 구로동 1124-54,일본식주점
53,STORE_GR00054,말뚝곱창 구로디지털단지점,서울 구로구 시흥대로 571 부호빌딩 1층,(지번) 구로동 1125-1,"곱창,막창"
54,STORE_GR00055,이미커피로스터스,서울 구로구 디지털로27길 116 101호,(지번) 구로동 798-44,커피전문점
55,STORE_GR00056,실크로드,서울 구로구 경인로 398,(지번) 고척동 69-34,중화요리
56,STORE_GR00057,만복영양솥밥,서울 구로구 구로중앙로19길 13,(지번) 구로동 85-2,한식
57,STORE_GR00058,육장장이 구로디지털점,서울 구로구 디지털로32나길 17-8,(지번) 구로동 1124-55,"육류,고기"
58,STORE_GR00059,소담촌 고척점,서울 구로구 경인로 397 골든타워빌딩 2층,(지번) 고척동 76-160,샤브샤브
59,STORE_GR00060,할머니추어탕,서울 구로구 개봉로19길 39,(지번) 개봉동 403-22,추어
60,STORE_GR00061,스시웨이 신도림점,서울 구로구 경인로67길 23,(지번) 신도림동 338,"초밥,롤"
61,STORE_GR00062,택이네조개전골 구로디지털직영점,서울 구로구 디지털로34길 27 대륭포스트타워3차 1층 114호,(지번) 구로동 182-4,조개
62,STORE_GR00063,에버애프터,서울 구로구 새말로18길 36-10,(지번) 구로동 27-11,카페
63,STORE_GR00064,스시히라,서울 구로구 경인로 619-3,(지번) 신도림동 435-10,"초밥,롤"
64,STORE_GR00065,청담이상 신도림점,서울 구로구 경인로 661 신도림1차푸르지오 1층 122호,(지번) 신도림동 337,일본식주점
65,STORE_GR00066,소천지,서울 구로구 경인로43길 21,(지번) 고척동 85-15,갈비
66,STORE_GR00067,진참치,서울 구로구 공원로6다길 10,(지번) 구로동 33-3,참치회
67,STORE_GR00068,닥터로빈 고척점,서울 구로구 경인로46길 51 3층,(지번) 고척동 66-12,양식
68,STORE_GR00069,대두족발,서울 구로구 디지털로32길 97-6 1층,(지번) 구로동 1125-10,"족발,보쌈"
69,STORE_GR00070,춘자싸롱,서울 구로구 디지털로32나길 11,(지번) 구로동 1124-59,"호프,요리주점"
70,STORE_GR00071,서울안심축산정육식당 신도림점,서울 구로구 경인로 661 푸르지오1차오피스텔 2층 244호,(지번) 신도림동 337,"육류,고기"
71,STORE_GR00072,역전할머니맥주 구로디지털단지점,서울 구로구 디지털로32나길 29,(지번) 구로동 1124-47,"호프,요리주점"
72,STORE_GR00073,신선회수산 신도림점,서울 구로구 공원로6다길 14,(지번) 구로동 31,회
73,STORE_GR00074,스타벅스 구로호텔점,서울 구로구 디지털로32길 72 구로호텔 1층,(지번) 구로동 1128-1,커피전문점
74,STORE_GR00075,브라운핸즈 구로점,서울 구로구 디지털로32다길 52 1층,(지번) 구로동 1130-61,카페
75,STORE_GR00076,정정아식당 구로디지털단지점,서울 구로구 디지털로32나길 17-23 1층,(지번) 구로동 1124-69,한식
76,STORE_GR00077,니와참치,서울 구로구 디지털로32다길 13 1층,(지번) 구로동 1126-35,참치회
77,STORE_GR00078,다채 개봉점,서울 구로구 개봉로23길 38 동흥빌딩 1층,(지번) 개봉동 353-33,쌈밥
78,STORE_GR00079,맥도날드 고척DT점,서울 구로구 경인로 393,(지번) 고척동 277-12,패스트푸드
79,STORE_GR00080,라마노피자,서울 구로구 디지털로34길 55 코오롱싸이언스밸리2차 B119-1호,(지번) 구로동 811,피자
80,STORE_GR00081,하이드아웃,서울 구로구 개봉로20길 30 2층,(지번) 개봉동 403-219,커피전문점
81,STORE_GR00082,숙이네조개전골 신도림점,서울 구로구 새말로16길 29,(지번) 구로동 30-32,조개
82,STORE_GR00083,맥도날드 구로디지털점,서울 구로구 디지털로31길 12 태평양물산 1층,(지번) 구로동 197-21,패스트푸드
83,STORE_GR00084,손오공마라탕 구로디지털단지점,서울 구로구 디지털로32길 87 2층,(지번) 구로동 1124-23,중화요리
84,STORE_GR00085,역전할머니맥주 신도림점,서울 구로구 경인로67길 23,(지번) 신도림동 338,"호프,요리주점"
85,STORE_GR00086,갈비명가,서울 구로구 가마산로 260,(지번) 구로동 98-1,갈비
86,STORE_GR00087,라꾸긴,서울 구로구 가마산로 268,(지번) 구로동 98-4,일본식주점
87,STORE_GR00088,카페노아,서울 구로구 서해안로30길 12 2층,(지번) 오류동 135-86,카페
88,STORE_GR00089,칠공주떡볶이,서울 구로구 구로동로22길 22,(지번) 구로동 735-110,분식
89,STORE_GR00090,신호닭발 신도림본점,서울 구로구 공원로6나길 6 1층,(지번) 구로동 40-1,닭요리
90,STORE_GR00091,이천성모메존칼국수 본점,서울 구로구 경인로 18,(지번) 오류동 108-75,국수
91,STORE_GR00092,양대포 구로디지털점,서울 구로구 디지털로32나길 17-28,(지번) 구로동 1124-51,"곱창,막창"
92,STORE_GR00093,투썸플레이스 구로디지털역깔깔거리점,서울 구로구 디지털로32길 97-39 2층,(지번) 구로동 1124-1,커피전문점
93,STORE_GR00094,스시노칸도,서울 구로구 경인로 618 1층 102호,(지번) 신도림동 439-5,"초밥,롤"
94,STORE_GR00095,버거킹 개봉점,서울 구로구 개봉로 55,(지번) 개봉동 403-56,패스트푸드
95,STORE_GR00096,버거킹 구로점,서울 구로구 시흥대로 551,(지번) 구로동 1126-6,패스트푸드
96,STORE_GR00097,대왕곱창구이,서울 구로구 새말로16길 29,(지번) 구로동 30-33,"곱창,막창"
97,STORE_GR00098,백년고기,서울 구로구 디지털로27길 48 1층,(지번) 구로동 252-98,"육류,고기"
98,STORE_GR00099,리춘시장 구로디지털역점,서울 구로구 디지털로32나길 34,(지번) 구로동 1124-41,중화요리
99,STORE_GR00100,이화참숯갈비,서울 구로구 디지털로32다길 26,(지번) 구로동 1127-10,갈비
100,STORE_GR00101,원조전기마늘통닭 대림역본점,서울 구로구 도림천로 336,(지번) 구로동 73-10,치킨
101,STORE_GR00102,메이로드,"서울 구로구 오류로 37-2 1,2층",(지번) 오류동 172-27,디저트카페
102,STORE_GR00103,교대이층집 신도림점,서울 구로구 경인로 661 푸르지오1차상가 2층 242호,(지번) 신도림동 337,"육류,고기"
103,STORE_GR00104,헤비스테이크 구로디지털단지점,서울 구로구 디지털로26길 110 동일테크노타운 1층 104호,(지번) 구로동 826,"스테이크,립"
104,STORE_GR00105,그린바스켓 신도림점,서울 구로구 경인로67길 23 대우푸르지오2차 2층 201호,(지번) 신도림동 338,"스테이크,립"
105,STORE_GR00106,스타벅스 오류동역점,서울 구로구 경인로 216,(지번) 오류동 55-50,커피전문점
106,STORE_GR00107,베나레스 구로디지털점,서울 구로구 디지털로32길 79,(지번) 구로동 1124-72,인도음식
107,STORE_GR00108,카페큐브,서울 구로구 경인로 662 디큐브시티 15층,(지번) 신도림동 692,북카페
108,STORE_GR00109,단골손님 구로디지털점,서울 구로구 디지털로32나길 22 101호,(지번) 구로동 1124-38,"호프,요리주점"
109,STORE_GR00110,광영수산 구로점,서울 구로구 공원로8길 19,(지번) 구로동 40-13,"해물,생선"
110,STORE_GR00111,우방정육식당,서울 구로구 부일로1길 110,(지번) 온수동 75-4,"육류,고기"
111,STORE_GR00112,설빙 구로G벨리점,서울 구로구 디지털로 300 지밸리몰 107호,(지번) 구로동 188-25,디저트카페
112,STORE_GR00113,청담이상 구로디지털점,서울 구로구 디지털로32나길 34 케이제이빌딩 2층,(지번) 구로동 1124-41,일본식주점
113,STORE_GR00114,버거킹 구로구청점,서울 구로구 가마산로 250 1층,(지번) 구로동 83-4,패스트푸드
114,STORE_GR00115,히어로스터 신도림점,서울 구로구 경인로63길 21-8 1층,(지번) 신도림동 382-2,카페
115,STORE_GR00116,광명수산 테크노마트점,서울 구로구 공원로6다길 8,(지번) 구로동 33-2,"해물,생선"
116,STORE_GR00117,쉐라톤 서울디큐브시티호텔 피스트,서울 구로구 경인로 662 41층,(지번) 신도림동 692,뷔페
117,STORE_GR00118,속초붉은대게,서울 구로구 경인로 584 신도림팰러티움 1층 106호,(지번) 신도림동 412-3,"게,대게"
118,STORE_GR00119,김떡비 고척본점,서울 구로구 경인로47길 107,(지번) 고척동 51-18,한식
119,STORE_GR00120,동서네낙지 신도림점,서울 구로구 신도림로 29 신성빌딩 1층,(지번) 신도림동 396-227,"해물,생선"
120,STORE_GR00121,KFC 구로디지털2점,서울 구로구 디지털로 300 지밸리몰 1층,(지번) 구로동 188-25,패스트푸드
121,STORE_GR00122,홍중샤브샤브 신도림2호점,서울 구로구 새말로16길 29 2층,(지번) 구로동 30-32,중식
122,STORE_GR00123,적소,서울 구로구 개봉로16가길 10-28 1층,(지번) 개봉동 262-4,디저트카페
123,STORE_GR00124,내고향 소머리국밥순대국,서울 구로구 공원로6나길 43-15,(지번) 구로동 29-3,국밥
124,STORE_GR00125,힙스터커피,서울 구로구 경인로33길 15,(지번) 개봉동 139-17,커피전문점
125,STORE_GR00126,김명태 고척본점,서울 구로구 고척로 238 하이리빙아파트 1층 1호,(지번) 고척동 333,"해물,생선"
126,STORE_GR00127,송이족발 구로역점,서울 구로구 새말로 17 SJ빌딩 2층,(지번) 구로동 569-9,"족발,보쌈"
127,STORE_GR00128,사계진미숯불닭갈비 구로디지털점,서울 구로구 디지털로32나길 29 3층,(지번) 구로동 1124-47,닭요리
128,STORE_GR00129,스타벅스 구로디지털타워점,서울 구로구 디지털로32길 30,(지번) 구로동 222-7,커피전문점
129,STORE_GR00130,이실이네,서울 구로구 공원로6나길 29-21,(지번) 구로5동 30-1,"매운탕,해물탕"
130,STORE_GR00131,황가네함흥냉면,서울 구로구 개봉로 52-1,(지번) 개봉동 403-66,냉면
131,STORE_GR00132,다케롤&스시,서울 구로구 도림천로 446,(지번) 구로동 186-7,"초밥,롤"
132,STORE_GR00133,카페몽글,서울 구로구 공원로6나길 29-17 1층,(지번) 구로동 30-23,디저트카페
133,STORE_GR00134,이름없는가게,서울 구로구 개봉로1나길 52,(지번) 개봉동 363-8,카페
134,STORE_GR00135,수뿌레닭갈비 신도림점,서울 구로구 공원로6나길 12,(지번) 구로동 40-3,닭요리
135,STORE_GR00136,장터참숯무한리필 개봉점,서울 구로구 고척로30길 5,(지번) 개봉동 126-21,"육류,고기"
136,STORE_GR00137,VIPS DELIVERY 구로점,서울 구로구 공원로 34,(지번) 구로동 46-5,음식점
137,STORE_GR00138,신선도,서울 구로구 시흥대로 541,(지번) 구로동 1126-16,회
138,STORE_GR00139,버거킹 구로디지털점,서울 구로구 디지털로 288 대륭포스트타워 1층,(지번) 구로동 212-8,패스트푸드
139,STORE_GR00140,폴바셋 구로지밸리몰점,서울 구로구 디지털로 300 1층 1호,(지번) 구로동 188-25,커피전문점
140,STORE_GR00141,방앗간정육식당,서울 구로구 경인로67길 67-29,(지번) 신도림동 330-51,"육류,고기"
141,STORE_GR00142,영양센타능이버섯백숙,서울 구로구 디지털로26길 110 동일테크노타운 2차 1층,(지번) 구로동 826-1,삼계탕
142,STORE_GR00143,삿뽀로 디큐브점,서울 구로구 경인로 662 5층,(지번) 신도림동 692,일식
143,STORE_GR00144,대작 구로디지털점,서울 구로구 디지털로32나길 17-26 1층,(지번) 구로동 1124-52,일본식주점
144,STORE_GR00145,명가민물장어,서울 구로구 새말로 36 1층,(지번) 구로동 570-165,장어
145,STORE_GR00146,오대양참치 구로점,"서울 구로구 디지털로34길 55 코오롱싸이언스밸리2차 1층 118,119호",(지번) 구로동 811,참치회
146,STORE_GR00147,구씨네매운집 본점,서울 구로구 공원로6나길 17-2,(지번) 구로동 31-11,"호프,요리주점"
147,STORE_GR00148,개봉칼국수,서울 구로구 개봉로16길 41,(지번) 개봉2동 258-14,국수
148,STORE_GR00149,능이네능이버섯백숙 고척점,서울 구로구 중앙로 37 1층,(지번) 고척동 52-357,닭요리
149,STORE_GR00150,삼대족발 천왕역점,서울 구로구 오리로 1158,(지번) 오류동 182-22,"족발,보쌈"
150,STORE_GR00151,회한접시 본점,서울 구로구 서해안로 2328 1층,(지번) 오류동 135-57,회
151,STORE_GR00152,여기가전집,서울 구로구 디지털로32나길 8,(지번) 구로동 1124-34,한식
152,STORE_GR00153,한우가,서울 구로구 공원로 67,(지번) 구로동 546-3,"육류,고기"
153,STORE_GR00154,용범이네인계동껍데기 구로디지털점,서울 구로구 디지털로34길 55 코오롱싸이언스밸리2차 B107호,(지번) 구로동 811,"육류,고기"
154,STORE_GR00155,팔칠닭강정 오류동본점,서울 구로구 서해안로30길 12 1층,(지번) 오류동 135-86,닭강정
155,STORE_GR00156,그녀의커피 카페드엘르,서울 구로구 고척로3길 7,(지번) 오류동 6-140,커피전문점
156,STORE_GR00157,스타벅스 구로디지털로점,서울 구로구 디지털로33길 11 에이스테크노타워 8차 1층,(지번) 구로동 191-7,커피전문점
157,STORE_GR00158,스테이플버거,서울 구로구 서해안로26길 17,(지번) 오류동 136-36,햄버거
158,STORE_GR00159,바다쭈꾸미 개봉점,서울 구로구 개봉로16길 6 1층,(지번) 개봉동 263-22,"해물,생선"
159,STORE_GR00160,라마다호텔 카페라라,서울 구로구 경인로 624 1층,(지번) 신도림동 432-30,뷔페
160,STORE_GR00161,마포족발순대국,서울 구로구 경인로 661 신도림1차푸르지오 1층 143호,(지번) 신도림동 337,"족발,보쌈"
161,STORE_GR00162,맥도날드 신도림디큐브점,서울 구로구 경인로 662 지하2층,(지번) 신도림동 692,패스트푸드
162,STORE_GR00163,한우마당 늘푸른점,서울 구로구 디지털로26길 98 디지털탑프라자 2층,(지번) 구로동 830-1,"육류,고기"
163,STORE_GR00164,돈우네정육식당,서울 구로구 오리로 1154-15,(지번) 오류동 183-4,한식
164,STORE_GR00165,장어타운,서울 구로구 남부순환로95길 34 성한빌딩 1층,(지번) 개봉동 403-217,장어
165,STORE_GR00166,유일식당,서울 구로구 디지털로27길 115,(지번) 가리봉동 89-159,한식
166,STORE_GR00167,이조손칼국수,서울 구로구 공원로7길 22,(지번) 구로동 547-24,국수
167,STORE_GR00168,어사출또,서울 구로구 디지털로34길 55 코오롱싸이언스밸리2차 B139호,(지번) 구로동 811,"해물,생선"
168,STORE_GR00169,키친브로망스,서울 구로구 새말로16길 16 지하 1층,(지번) 구로동 31-3,양식
169,STORE_GR00170,교촌치킨 구로디지털점,서울 구로구 디지털로26길 110,(지번) 구로동 826-1,치킨
170,STORE_GR00171,홍주식당,서울 구로구 디지털로26길 110 1층 103호,(지번) 구로동 826,"돈까스,우동"
171,STORE_GR00172,미쓰족발 구로디지털단지점,서울 구로구 디지털로32나길 19,(지번) 구로동 1124-84,"족발,보쌈"
172,STORE_GR00173,생고기제작소 구로디지털단지역점,서울 구로구 디지털로34길 55,(지번) 구로동 811,"육류,고기"
173,STORE_GR00174,스시비쇼쿠,서울 구로구 디지털로34길 55 코오롱싸이언스밸리2차 1층,(지번) 구로동 811,"초밥,롤"
174,STORE_GR00175,하나미 오류점,서울 구로구 경인로20가길 68 행복주택 1층 101호,(지번) 오류동 64-28,"돈까스,우동"
175,STORE_GR00176,제주은희네해장국 신도림점,서울 구로구 공원로6나길 44 1층,(지번) 구로동 41-6,해장국
176,STORE_GR00177,거북솥삼겹살 체인본점,서울 구로구 디지털로32길 97-28,(지번) 구로동 1125-2,삼겹살
177,STORE_GR00178,육풍 구로디지털단지점,서울 구로구 디지털로32나길 20,(지번) 구로동 1124-80,"육류,고기"
178,STORE_GR00179,백백분식,서울 구로구 경인로33길 110 1층,(지번) 고척동 257-27,분식
179,STORE_GR00180,투썸플레이스 신도림디큐브시티점,서울 구로구 경인로 662 현대백화점 2층,(지번) 신도림동 692,커피전문점
180,STORE_GR00181,낭만부대찌개,서울 구로구 디지털로 288 지하 104호,(지번) 구로동 212-8,"찌개,전골"
181,STORE_GR00182,호우양꼬치 신도림점,서울 구로구 경인로67길 23 2층,(지번) 신도림동 338,실내포장마차
182,STORE_GR00183,황제꽃소 오류본점,서울 구로구 경인로25길 3 1층,(지번) 오류동 35-2,갈비
183,STORE_GR00184,복성루샤부샤부성,서울 구로구 디지털로32길 97-27,(지번) 구로동 1124-6,샤브샤브
184,STORE_GR00185,라로쫭,서울 구로구 구로동로42길 50 신성스카이뷰 2층,(지번) 구로동 508-7,샤브샤브
185,STORE_GR00186,올램양꼬치,"서울 구로구 신도림동 337 신도림1차푸르지오 126,136호",,양꼬치
186,STORE_GR00187,먹깨비김밥 구로점,서울 구로구 디지털로32길 87,(지번) 구로동 1124-23,분식
187,STORE_GR00188,요리비아구찜 본점,서울 구로구 중앙로 32 1층,(지번) 고척동 52-346,아구
188,STORE_GR00189,투썸플레이스 구로구청사거리점,서울 구로구 가마산로 250 광진빌딩,(지번) 구로동 83-4,커피전문점
189,STORE_GR00190,투썸플레이스 개봉역점,"서울 구로구 남부순환로97길 20-1 1,2층",(지번) 개봉동 202-13,커피전문점
190,STORE_GR00191,대연각,서울 구로구 경서로3길 1,(지번) 고척동 98-84,중화요리
191,STORE_GR00192,스타벅스 현대디큐브2F점,서울 구로구 경인로 662,(지번) 신도림동 692,커피전문점
192,STORE_GR00193,등촌샤브칼국수 구로점,서울 구로구 구로중앙로 57,(지번) 구로동 86-2,샤브샤브
193,STORE_GR00194,명가교동짬뽕 구로디지털점,서울 구로구 디지털로31길 53 이엔씨드림타워5차 103호,(지번) 구로동 197-13,중화요리
194,STORE_GR00195,라무진 신도림역점,서울 구로구 경인로67길 23 푸르지오2차 상가 101동 119호,(지번) 신도림동 338,"육류,고기"
195,STORE_GR00196,설빙 구로고척점,서울 구로구 경서로 81 리케이빌딩 1층,(지번) 고척동 172-35,디저트카페
196,STORE_GR00197,작업하는 카페에베르,서울 구로구 경인로3길 77 세건빌딩 2층,(지번) 온수동 52,카페
197,STORE_GR00198,홍두깨 손칼국수,서울 구로구 오류로8길 53,(지번) 오류동 136-16,국수
198,STORE_GR00199,해초랑,"서울 구로구 디지털로 288 대륭포스트타워1차 지하121,122호",(지번) 구로동 212-8,한정식
199,STORE_GR00200,광부고기,서울 구로구 공원로8길 53,(지번) 구로동 41,"육류,고기"
200,STORE_GR00201,최고당돈가스 고척돔점,서울 구로구 경인로47길 44-1 1층,(지번) 고척동 52-240,"돈까스,우동"
201,STORE_GR00202,동대문엽기떡볶이 구로점,서울 구로구 도림천로 338 2층,(지번) 구로동 73-11,떡볶이
202,STORE_GR00203,이스트바이게이트 신도림점,서울 구로구 경인로 662 현대백화점디큐브시티 별관 2층,(지번) 신도림동 692,태국음식
203,STORE_GR00204,호우양꼬치 구로디지털점,서울 구로구 디지털로32나길 17-6 2층,(지번) 구로동 1124-56,양꼬치
204,STORE_GR00205,옥상맥주,서울 구로구 디지털로32나길 16 춘자빌딩 4층,(지번) 구로동 1124-37,"호프,요리주점"
205,STORE_GR00206,돈구디,서울 구로구 디지털로32가길 25 1층,(지번) 구로동 1127-22,삼겹살
206,STORE_GR00207,석구네마포주먹고기,서울 구로구 경인로63길 21-10,(지번) 신도림동 383-3,"육류,고기"
207,STORE_GR00208,황비홍마라탕 구로본점,서울 구로구 시흥대로 577-11 B동 1층,(지번) 구로동 1123-3,중화요리
208,STORE_GR00209,무시칸 신도림역점,서울 구로구 새말로18길 36 1층,(지번) 구로동 27-8,갈비
209,STORE_GR00210,향원갈비,서울 구로구 개봉로20길 18,(지번) 개봉동 403-221,갈비
210,STORE_GR00211,투썸플레이스 오류역점,"서울 구로구 경인로 199-2 2,3층",(지번) 오류동 39-6,커피전문점
211,STORE_GR00212,우리들숯불갈비정육식당,서울 구로구 구로동 26,,갈비
212,STORE_GR00213,카페영,서울 구로구 고척로 127 2층,(지번) 개봉동 126-7,카페
213,STORE_GR00214,우리옛날통닭,서울 구로구 오류로8길 107,(지번) 오류동 142-43,치킨
214,STORE_GR00215,배떡 구디점,서울 구로구 디지털로31길 90 삼성래미안 상가동 1층,(지번) 구로동 256-1,떡볶이
215,STORE_GR00216,달빛한모금 신도림점,서울 구로구 공원로6나길 40 1층,(지번) 구로동 41-5,"호프,요리주점"
216,STORE_GR00217,이차돌 구로디지털역점,서울 구로구 디지털로32길 79 조영빌딩 1층,(지번) 구로동 1124-72,"육류,고기"
217,STORE_GR00218,품격사시미,서울 구로구 디지털로32나길 23 1층 2호,(지번) 구로동 1124-83,일식
218,STORE_GR00219,스타벅스 현대디큐브B2점,서울 구로구 경인로 662 지하2층,(지번) 신도림동 692,커피전문점
219,STORE_GR00220,바오밥 신도림점,서울 구로구 경인로 661 푸르지오 2층 246호,(지번) 신도림동 337,"호프,요리주점"
220,STORE_GR00221,하오탕마라탕,서울 구로구 디지털로26길 111 제이앤케이디지털타워 지하 1층 7호,(지번) 구로동 222-3,퓨전요리
221,STORE_GR00222,김가네곱창구이전문,서울 구로구 도림로 93,(지번) 구로동 148-10,"곱창,막창"
222,STORE_GR00223,김사부 본점,서울 구로구 서해안로 2334 1층,(지번) 오류동 135-74,"육류,고기"
223,STORE_GR00224,도원,서울 구로구 디지털로32길 30 코오롱디지탈빌란트 1층 108호,(지번) 구로동 222-7,중화요리
224,STORE_GR00225,꿀돼지솥뚜껑삼겹살,서울 구로구 경인로 193-25,(지번) 오류동 12-5,"육류,고기"
225,STORE_GR00226,개봉동장어,서울 구로구 개봉로15길 13,(지번) 개봉동 346-1,장어
226,STORE_GR00227,홍콩반점0410 구로디지털단지역점,서울 구로구 디지털로32길 97-6 2층,(지번) 구로동 1125-10,중화요리
227,STORE_GR00228,컴포 구로구청점,서울 구로구 가마산로 286 2층,(지번) 구로동 97-5,베트남음식
228,STORE_GR00229,한라산도새기,서울 구로구 경인로19가길 14-1,(지번) 오류동 38-7,"육류,고기"
229,STORE_GR00230,두메골닭갈비 신도림점,서울 구로구 공원로6나길 49-2,(지번) 구로동 28-10,닭요리
230,STORE_GR00231,장어명가,서울 구로구 중앙로 102 1층,(지번) 고척동 186-11,장어
231,STORE_GR00232,등나무집,서울 구로구 도림천로 380,(지번) 구로동 154-13,"사철탕,영양탕"
232,STORE_GR00233,푸짐한닭한마리,서울 구로구 디지털로32나길 19,(지번) 구로동 1124-84,닭요리
233,STORE_GR00234,아씨펍,서울 구로구 새말로 102 신도림포스빌 1층 147호,(지번) 구로동 26,"호프,요리주점"
234,STORE_GR00235,명륜진사갈비 구로점,서울 구로구 디지털로35길 37,(지번) 구로동 166-25,갈비
235,STORE_GR00236,신승반점 구로지밸리몰점,서울 구로구 디지털로 300 지밸리비즈플라자 지하1층 107호,(지번) 구로동 188-25,중화요리
236,STORE_GR00237,스타벅스 구로에이스점,서울 구로구 디지털로 285 에이스트윈타워1 103호,(지번) 구로동 212-1,커피전문점
237,STORE_GR00238,애슐리퀸즈 NC신구로점,서울 구로구 구로중앙로 152 NC신구로점 TWO관 7층,(지번) 구로동 573,패밀리레스토랑
238,STORE_GR00239,어울림,서울 구로구 공원로 41 지하 1층,(지번) 구로동 108,한정식
239,STORE_GR00240,백년갈비,서울 구로구 경인로47길 95-1 정형빌딩 1층,(지번) 고척동 50-50,갈비
240,STORE_GR00241,공간장어,서울 구로구 새말로18길 52,(지번) 구로동 41-9,한정식
241,STORE_GR00242,숙성의미껍데기 신도림점,서울 구로구 새말로16길 20 1~2층,(지번) 구로동 31-5,"육류,고기"
242,STORE_GR00243,콧수염포차,서울 구로구 디지털로32나길 34 3층,(지번) 구로동 1124-41,실내포장마차
243,STORE_GR00244,새로이 신도림점,서울 구로구 공원로6나길 29-1 1층,(지번) 구로동 30-30,"육류,고기"
244,STORE_GR00245,명륜진사갈비 서울개봉점,서울 구로구 개봉로 27,(지번) 개봉동 403-83,갈비
245,STORE_GR00246,엉베흐,서울 구로구 공원로8길 25 지하1층,(지번) 구로동 40-11,와인바
246,STORE_GR00247,홍춘천치즈닭갈비 고척점,서울 구로구 경인로47길 31,(지번) 고척동 76-88,닭요리
247,STORE_GR00248,은행나무칼국수,서울 구로구 디지털로27가길 3-3,(지번) 구로동 252-87,국수
248,STORE_GR00249,청해진수산,서울 구로구 새말로 36,(지번) 구로동 570-9,회
249,STORE_GR00250,할리스 구로역점,서울 구로구 새말로 18-29 지하 1층~3층,(지번) 구로동 570-116,커피전문점
250,STORE_GR00251,노랑통닭 구로디지털역점,서울 구로구 디지털로32나길 17-22,(지번) 구로동 1124-95,치킨
251,STORE_GR00252,뽕족 구로디지털점,서울 구로구 디지털로33길 12 우림이비지센타2차 104호,(지번) 구로동 184-1,"족발,보쌈"
252,STORE_GR00253,김돈이,서울 구로구 디지털로32다길 15 1층 102호,(지번) 구로동 1126-36,"육류,고기"
253,STORE_GR00254,스시쿠야,서울 구로구 서해안로 2330 1층,(지번) 오류동 135-28,"초밥,롤"
254,STORE_GR00255,병천순대,서울 구로구 오류로 41-1,(지번) 오류동 172-21,순대
255,STORE_GR00256,소담촌 구로역점,서울 구로구 구로중앙로 134 신구로자이나인스에비뉴 2층,(지번) 구로동 501,샤브샤브
256,STORE_GR00257,맥도날드 신도림테크노점,서울 구로구 새말로 97 1층,(지번) 구로동 3-25,패스트푸드
257,STORE_GR00258,마포집,서울 구로구 공원로6나길 43-1,(지번) 구로동 29-9,"곱창,막창"
258,STORE_GR00259,전티마이 베트남쌀국수 구로점,서울 구로구 공원로 27,(지번) 구로동 107-9,베트남음식
259,STORE_GR00260,마라나타,서울 구로구 부일로 969,(지번) 궁동 189-69,카페
260,STORE_GR00261,곱창역,서울 구로구 새말로18길 20-7,(지번) 구로동 27-2,"곱창,막창"
261,STORE_GR00262,알파고보드카페,서울 구로구 공원로6나길 12 2층,(지번) 구로동 40-3,보드카페
262,STORE_GR00263,경복궁 디큐브점,서울 구로구 경인로 662 현대백화점 디큐브시티 6층,(지번) 신도림동 692,한정식
263,STORE_GR00264,화통집 신도림점,서울 구로구 공원로6나길 35-16,(지번) 구로동 29,"육류,고기"
264,STORE_GR00265,생고기제작소 구로점,서울 구로구 공원로 40,(지번) 구로동 46-6,"육류,고기"
265,STORE_GR00266,더바른숯불구이,서울 구로구 부일로 953 1층,(지번) 궁동 204-11,"육류,고기"
266,STORE_GR00267,한라산도새기 오류점,서울 구로구 서해안로 2318 1층,(지번) 오류동 135-68,"육류,고기"
267,STORE_GR00268,카페민트,서울 구로구 경인로 572 스타팰리스 1층 107호,(지번) 구로동 603-9,카페
268,STORE_GR00269,명품청기와감자탕 개봉점,서울 구로구 고척로 130 1층,(지번) 개봉동 126-30,감자탕
269,STORE_GR00270,한돈보쌈 본점,서울 구로구 새말로 32 1층,(지번) 구로동 571-18,"족발,보쌈"
270,STORE_GR00271,손준초밥,서울 구로구 디지털로32다길 23,(지번) 구로동 1126-37,"초밥,롤"
271,STORE_GR00272,신선설농탕 고척점,서울 구로구 고척동 72-1,,설렁탕
272,STORE_GR00273,경성주막1929 구로디지털단지역점,서울 구로구 디지털로32나길 26 2층,(지번) 구로동 1124-40,일본식주점
273,STORE_GR00274,푸얼문7542,서울 구로구 새말로 102 신도림포스빌 별동 201호,(지번) 구로동 26,카페
274,STORE_GR00275,맷돌손두부,서울 구로구 경인로 19,(지번) 온수동 45-5,두부전문점
275,STORE_GR00276,라크라센타,서울 구로구 가마산로 242 희망재단 1층,(지번) 구로동 83,카페
276,STORE_GR00277,스시하루,서울 구로구 디지털로26길 98 디지털프라자 2층 202호,(지번) 구로동 830-1,일본식주점
277,STORE_GR00278,종가대박집 가리봉점,서울 구로구 남부순환로 1287,(지번) 가리봉동 137-8,"육류,고기"
278,STORE_GR00279,족발마을김족장 서울본점,서울 구로구 구로중앙로28길 16 1층,(지번) 구로동 530-23,"족발,보쌈"
279,STORE_GR00280,가마솥원조설렁탕,서울 구로구 고척로40길 33-4,(지번) 고척동 269-10,설렁탕
280,STORE_GR00281,교촌치킨 신도림1호점,서울 구로구 경인로59길 7 신도림6차대림아파트 상가 902동 111호,(지번) 신도림동 648,치킨
281,STORE_GR00282,조선화로집 오류천왕역점,서울 구로구 오류로 20,(지번) 천왕동 14-58,갈비
282,STORE_GR00283,천사곱창 신도림역점,서울 구로구 경인로67길 23 푸르지오상가2차 125호,(지번) 신도림동 338,"곱창,막창"
283,STORE_GR00284,정식당,"서울 구로구 디지털로26길 123 코오롱지플러스타워 1층 101,102호",(지번) 구로동 222-31,"육류,고기"
284,STORE_GR00285,골목길,서울 구로구 디지털로32나길 17-19,(지번) 구로동 1124-65,"육류,고기"
285,STORE_GR00286,린초밥,서울 구로구 디지털로32나길 17-45 2층,(지번) 구로동 810,"초밥,롤"
286,STORE_GR00287,도야미리숯불갈비,서울 구로구 신도림로 67,(지번) 신도림동 306-13,갈비
287,STORE_GR00288,싱싱회센타,서울 구로구 경인로35길 113 1층,(지번) 고척동 271-40,회
288,STORE_GR00289,고향마차,서울 구로구 새말로4길 24,(지번) 구로동 572-25,실내포장마차
289,STORE_GR00290,남경,서울 구로구 새말로18길 28,(지번) 구로동 27-4,중화요리
290,STORE_GR00291,배스킨라빈스 구로디지털단지역점,서울 구로구 시흥대로 577-11,(지번) 구로동 1123-3,아이스크림
291,STORE_GR00292,이찌방,서울 구로구 공원로6다길 20 2층,(지번) 구로동 31-2,"초밥,롤"
292,STORE_GR00293,헬로방방 신도림점,서울 구로구 경인로59길 8 태영프라자 713호,(지번) 신도림동 437-1,키즈카페
293,STORE_GR00294,써브웨이 동양미래대점,서울 구로구 경인로 445-8 동양미래대 8호관,(지번) 고척동 62-160,샌드위치
294,STORE_GR00295,상하이몽,서울 구로구 공원로 41 1층,(지번) 구로동 108,중화요리
295,STORE_GR00296,보은하다,서울 구로구 경인로67길 23 신도림2차푸르지오 상가동 101-127호,(지번) 신도림동 338,카페
296,STORE_GR00297,동대문엽기떡볶이 구로디지털단지역점,서울 구로구 시흥대로 563 2층,(지번) 구로동 1125-5,떡볶이
297,STORE_GR00298,해남식당 구로디지털단지점,서울 구로구 디지털로 300 지밸리비즈플라자 2층 207호,(지번) 구로동 188-25,한식
298,STORE_GR00299,두리하나다울카페,서울 구로구 개봉로23길 10,(지번) 개봉동 499,카페
299,STORE_GR00300,스시정,서울 구로구 경인로 556 성신빌딩,(지번) 구로동 600-14,"초밥,롤"
300,STORE_GR00301,남원가마솥추어탕,서울 구로구 새말로 81,(지번) 구로동 7-10,추어
301,STORE_GR00302,롯데시티호텔 구로 씨카페,서울 구로구 디지털로 300 3층,(지번) 구로동 188-25,뷔페
302,STORE_GR00303,영진네 바지락손칼국수,서울 구로구 구로중앙로34길 33-46,(지번) 구로동 570-95,국수
303,STORE_GR00304,커피빈 구로지밸리몰점,서울 구로구 디지털로 300 지밸리비즈플라자 2층,(지번) 구로동 188-25,커피전문점
304,STORE_GR00305,조선화로집 구로디지털점,서울 구로구 디지털로31길 41 1층,(지번) 구로동 197-28,"육류,고기"
305,STORE_GR00306,육쌈냉면 구로점,서울 구로구 시흥대로 569 202호,(지번) 구로동 1125-2,냉면
306,STORE_GR00307,스시쿠야 개봉점,서울 구로구 경인로 330 1층,(지번) 개봉동 353-1,"초밥,롤"
307,STORE_GR00308,장군주먹고기,서울 구로구 새말로 22,(지번) 구로동 569-16,"육류,고기"
308,STORE_GR00309,금수원,서울 구로구 가마산로 279 1층,(지번) 구로동 104-10,중화요리
309,STORE_GR00310,약초마을,서울 구로구 가마산로 280,(지번) 구로동 97-2,삼계탕
310,STORE_GR00311,포차천국 개봉점,서울 구로구 개봉로23가길 30 1층,(지번) 개봉동 416-146,"호프,요리주점"
311,STORE_GR00312,구영회참치&초밥 구로본점,서울 구로구 가마산로 229 성보빌딩 1층,(지번) 구로동 437-1,"초밥,롤"
312,STORE_GR00313,도미노피자 천왕점,서울 구로구 오리로 1160,(지번) 오류동 182-17,피자
313,STORE_GR00314,순이네황소곱창구이,서울 구로구 디지털로32길 97-22,(지번) 구로동 1125-3,"곱창,막창"
314,STORE_GR00315,본가설렁탕 구로점,서울 구로구 디지털로32길 97-39,(지번) 구로동 1124-1,설렁탕
315,STORE_GR00316,광희네칼국수,서울 구로구 구로동로26길 16,(지번) 구로동 731-11,국수
316,STORE_GR00317,진스시,서울 구로구 경인로47길 58 102호,(지번) 고척동 76-150,"초밥,롤"
317,STORE_GR00318,우촌가마솥설렁탕,서울 구로구 구로중앙로 55 1층,(지번) 구로동 86-3,설렁탕
318,STORE_GR00319,풍년숯불갈비,서울 구로구 구로중앙로 51,(지번) 구로동 86-5,갈비
319,STORE_GR00320,신도림김밥,서울 구로구 경인로67길 23,(지번) 신도림동 338,분식
320,STORE_GR00321,고앤고 구로디지털점,서울 구로구 디지털로32가길 13 1층,(지번) 구로동 1127-30,"육류,고기"
321,STORE_GR00322,전주맛집,서울 구로구 경인로47길 82-1,(지번) 고척동 52-81,한식
322,STORE_GR00323,청솔 칼국수,서울 구로구 경인로 193-31,(지번) 오류동 12-9,국수
323,STORE_GR00324,나살던고향,서울 구로구 디지털로32나길 12,(지번) 구로동 1124-36,실내포장마차
324,STORE_GR00325,통큰갈비 고척점,서울 구로구 경인로47길 22,(지번) 고척동 52-199,갈비
325,STORE_GR00326,열정찜닭,서울 구로구 경인로 619-56,(지번) 신도림동 433-12,닭요리
326,STORE_GR00327,정이가네아구 개봉점,서울 구로구 개봉로3길 69,(지번) 개봉동 361-7,아구
327,STORE_GR00328,고척짬뽕,서울 구로구 중앙로14가길 46 1층,(지번) 고척동 43-44,중화요리
328,STORE_GR00329,이스탄불케밥 구로3호점,서울 구로구 구로동 797-66,,터키음식
329,STORE_GR00330,우장창창 고척점,서울 구로구 중앙로6길 43,(지번) 고척동 76-201,"곱창,막창"
330,STORE_GR00331,핑거존 브런치카페,서울 구로구 천왕로2길 31,(지번) 천왕동 277-15,카페
331,STORE_GR00332,백채김치찌개 신도림점,서울 구로구 경인로 661 신도림1차푸르지오 1층 131호,(지번) 신도림동 337,"찌개,전골"
332,STORE_GR00333,만두빚는여자,서울 구로구 개봉로3길 70,(지번) 개봉동 357-37,분식
333,STORE_GR00334,우월소곱창,서울 구로구 경인로 631 1층,(지번) 신도림동 433-3,"곱창,막창"
334,STORE_GR00335,춘천골,서울 구로구 오류로8길 41,(지번) 오류동 136-33,닭요리
335,STORE_GR00336,목동포차 신도림점,"서울 구로구 경인로 661 푸르지오1차 170, 171-1호",(지번) 신도림동 337,실내포장마차
336,STORE_GR00337,강촌식당 구로디지털점,서울 구로구 디지털로33길 12,(지번) 구로동 184-1,닭요리
337,STORE_GR00338,누구나홀딱반한닭 구로디지털단지역점,서울 구로구 디지털로32나길 38,(지번) 구로동 1124-42,치킨
338,STORE_GR00339,시골집,서울 구로구 구로중앙로 19,(지번) 구로동 139-3,"사철탕,영양탕"
339,STORE_GR00340,이비가짬뽕,서울 구로구 디지털로33길 12 102호,(지번) 구로동 184-1,중화요리
340,STORE_GR00341,보쌈제복 구로디지털점,서울 구로구 디지털로 306 대륭포스트타워2차 1층 101-2호,(지번) 구로동 182-13,"족발,보쌈"
341,STORE_GR00342,60계 구로디지털단지점,서울 구로구 디지털로32나길 4 1층,(지번) 구로동 1124-30,치킨
342,STORE_GR00343,파리바게뜨 구로제일점,"서울 구로구 시흥대로 569 1,2층",(지번) 구로동 1125-2,"제과,베이커리"
343,STORE_GR00344,새벽집,서울 구로구 경인로 661,(지번) 신도림동 337,한식
344,STORE_GR00345,신도림왕코등갈비,서울 구로구 공원로6나길 11-1,(지번) 구로동 33-9,갈비
345,STORE_GR00346,훔친장어 구로본점,"서울 구로구 새말로18길 28-5 지하 1층, 1층",(지번) 구로동 27-5,장어
346,STORE_GR00347,두만강 양꼬치샤브샤브 개봉점,서울 구로구 개봉로 128 1층,(지번) 개봉동 353-42,양꼬치
347,STORE_GR00348,형제특수부위,서울 구로구 디지털로32나길 17-12 1층 101호,(지번) 구로동 1124-54,"육류,고기"
348,STORE_GR00349,태경소곱창,서울 구로구 새말로 102 포스빌 지하 1층,(지번) 구로동 26,"곱창,막창"
349,STORE_GR00350,피맥 3호점,서울 구로구 공원로6다길 10 지하 1층,(지번) 구로동 33-3,"호프,요리주점"
350,STORE_GR00351,개봉칡냉면 본점,서울 구로구 경인로35길 113-17,(지번) 고척동 273-3,냉면
351,STORE_GR00352,새마을정육점식당,서울 구로구 경인로 612,(지번) 신도림동 439-6,"육류,고기"
352,STORE_GR00353,걸작떡볶이치킨 서울구로디지털점,서울 구로구 디지털로31길 12 태평양물산별관 1층 108호,(지번) 구로동 197-21,분식
353,STORE_GR00354,금다원,서울 구로구 경서로 55,(지번) 고척동 136-6,중화요리
354,STORE_GR00355,중국성,서울 구로구 서해안로26길 12 1층,(지번) 오류동 136-41,중화요리
355,STORE_GR00356,오매네생면칼국수,서울 구로구 공원로6나길 29-20,(지번) 구로5동 30-21,국수
356,STORE_GR00357,카페126,서울 구로구 고척로30길 6,(지번) 개봉동 126-24,카페
357,STORE_GR00358,백년불고기 개봉점,서울 구로구 개봉로11길 13 1층,(지번) 개봉동 349-1,"육류,고기"
358,STORE_GR00359,종로곱창막창닭갈비,서울 구로구 남부순환로97길 20-10 1층,(지번) 개봉동 202-19,닭요리
359,STORE_GR00360,반포식스 구로점,서울 구로구 디지털로31길 20 에이스테크노타워 5차 1층 101~102호,(지번) 구로동 197-22,동남아음식
360,STORE_GR00361,토라,서울 구로구 도림천로 448 예성유토피아 201동 101호,(지번) 구로동 187-3,"육류,고기"
361,STORE_GR00362,곱창고 신도림역점,"서울 구로구 새말로 102 신도림포스빌 123,124호",(지번) 구로동 26,"곱창,막창"
362,STORE_GR00363,냅다청양집 신도림점,서울 구로구 경인로67길 23 신도림2차푸르지오 1층 118호,(지번) 신도림동 338,삼겹살
363,STORE_GR00364,하우마라탕,서울 구로구 새말로 97 신도림테크노마트 10층 3호,(지번) 구로동 3-25,중화요리
364,STORE_GR00365,이가참치,서울 구로구 경인로67길 23,(지번) 신도림동 338,참치회
365,STORE_GR00366,광명대창집 신도림점,서울 구로구 공원로6나길 26 1층 101호,(지번) 구로동 41,"곱창,막창"
366,STORE_GR00367,메가커피 신도림역점,서울 구로구 경인로 661 신도림1차푸르지오상가 1층 133호,(지번) 신도림동 337,커피전문점
367,STORE_GR00368,스타벅스 드림마크원점,서울 구로구 디지털로31길 61 드림마크원데이터센터 1층,(지번) 구로동 197-12,커피전문점
368,STORE_GR00369,생활맥주 오류점,서울 구로구 경인로20가길 68,(지번) 오류동 64-28,"호프,요리주점"
369,STORE_GR00370,좀비곱창,서울 구로구 개봉로23가길 76,(지번) 개봉동 182-11,"곱창,막창"
370,STORE_GR00371,맘스터치 구로신도림점,서울 구로구 경인로59길 8 태영프라자 2층 207호,(지번) 신도림동 437-1,패스트푸드
371,STORE_GR00372,하하네매운떡볶이 구로점,서울 구로구 구로동로 211,(지번) 구로동 486-44,떡볶이
372,STORE_GR00373,1988옛날통닭 오류점,서울 구로구 오류로8길 63,(지번) 오류동 137-6,치킨
373,STORE_GR00374,진미명가,서울 구로구 구로중앙로19나길 8,(지번) 구로동 85-24,한식
374,STORE_GR00375,원정숯불닭바베큐 본점,서울 구로구 경인로 196,(지번) 오류동 48-1,닭요리
375,STORE_GR00376,구로옥,서울 구로구 디지털로32나길 17-9 지하1층,(지번) 구로동 1124-61,"육류,고기"
376,STORE_GR00377,샤브향 구로점,서울 구로구 중앙로 13,(지번) 고척동 76-27,동남아음식
377,STORE_GR00378,연안식당 고척점,서울 구로구 목동남로 6 현준프라자 1층,(지번) 고척동 186-5,"해물,생선"
378,STORE_GR00379,사이야 신도림역점,서울 구로구 공원로6나길 49-16,(지번) 구로동 28-2,일본식주점
379,STORE_GR00380,바다어시장,서울 구로구 경인로35길 67,(지번) 개봉동 141-80,회
380,STORE_GR00381,롤링핀 신도림점,서울 구로구 경인로 661 111호,(지번) 신도림동 337,"제과,베이커리"
381,STORE_GR00382,탐앤탐스 신도림점,서울 구로구 경인로 661 신도림1차 푸르지오1층,(지번) 신도림동 337,커피전문점
382,STORE_GR00383,티엠 웨딩시티,서울 구로구 새말로 97,(지번) 구로동 3-25,뷔페
383,STORE_GR00384,진자루,서울 구로구 구로동로 226,(지번) 구로동 494-54,퓨전중식
384,STORE_GR00385,본죽 신도림역포스빌점,서울 구로구 새말로 102 신도림포스빌 1층 134호,(지번) 구로동 26,죽
385,STORE_GR00386,88수산,서울 구로구 구로동로 180,(지번) 구로동 417-2,회
386,STORE_GR00387,종로계림닭도리탕원조 구로디지털단지점,서울 구로구 디지털로34길 43 1층 103호,(지번) 구로동 187-10,닭요리
387,STORE_GR00388,설빙 오류동역점,서울 구로구 경인로20길 10 2층,(지번) 오류동 52-7,디저트카페
388,STORE_GR00389,노랑통닭 신도림점,서울 구로구 새말로18길 20-15,(지번) 구로동 28-3,치킨
389,STORE_GR00390,땅스부대찌개 구로시장,서울 구로구 도림로 65,(지번) 구로동 766-236,"찌개,전골"
390,STORE_GR00391,메가커피 오류남부점,서울 구로구 오류로8길 20,(지번) 오류동 155-11,커피전문점
391,STORE_GR00392,에그드랍 구로디지털단지점,서울 구로구 디지털로33길 12 1층,(지번) 구로동 184-1,샌드위치
392,STORE_GR00393,사월에보리밥과쭈꾸미 현대디큐브 신도림점,서울 구로구 경인로 662 6층,(지번) 신도림동 692,"해물,생선"
393,STORE_GR00394,카페동네 궁동점,서울 구로구 오리로 1303 1층,(지번) 궁동 278-6,카페
394,STORE_GR00395,미스사이공 신도림점,"서울 구로구 경인로 661 신도림푸르지오1차 상가동 176-1, 177호",(지번) 신도림동 337,베트남음식
395,STORE_GR00396,뽀끼살롱,서울 구로구 디지털로 288 대륭포스트1차 지하1층 104호,(지번) 구로동 212-8,떡볶이
396,STORE_GR00397,영호돈까스,서울 구로구 시흥대로163길 21 1층,(지번) 구로동 1130-15,"돈까스,우동"
397,STORE_GR00398,도미노피자 구로점,서울 구로구 구로동로 218,(지번) 구로동 486-7,피자
398,STORE_GR00399,도림식당,서울 구로구 공원로8길 45 1층,(지번) 구로동 41-16,삼겹살
399,STORE_GR00400,오만한쭈꾸미,서울 구로구 디지털로32길 96 2층,(지번) 구로동 1127-1,"해물,생선"
400,STORE_GR00401,파리바게뜨 구로항동점,서울 구로구 항동로3길 4 1층,(지번) 항동 128-14,"제과,베이커리"
401,STORE_GR00402,뉴욕야시장 신도림점,서울 구로구 공원로6나길 36 1층,(지번) 구로동 41-3,"호프,요리주점"
402,STORE_GR00403,우돈생고기,서울 구로구 개봉로2길 81,(지번) 개봉동 276-14,"육류,고기"
403,STORE_GR00404,어사출또 신도림점,서울 구로구 새말로 110,(지번) 구로동 26-2,회
404,STORE_GR00405,김종용누룽지통닭,서울 구로구 도림로 37-2 202호,(지번) 구로동 770-40,치킨
405,STORE_GR00406,바다회사랑,서울 구로구 디지털로31길 81,(지번) 구로동 1278-1,회
406,STORE_GR00407,서울안심축산,서울 구로구 새말로 89,(지번) 구로동 8-17,"육류,고기"
407,STORE_GR00408,던킨도너츠 구로개봉점,서울 구로구 개봉로 7 1층 101호,(지번) 개봉동 359-1,도넛
408,STORE_GR00409,신승반점 현대백화점 디큐브시티점,서울 구로구 경인로 662 지하 2층,(지번) 신도림동 692,중화요리
409,STORE_GR00410,스시윤,서울 구로구 고척로 121,(지번) 개봉동 92-10,"초밥,롤"
410,STORE_GR00411,카페단디,서울 구로구 중앙로6길 9,(지번) 고척동 52-383,디저트카페
411,STORE_GR00412,무시칸 구로역점,서울 구로구 새말로 18-49,(지번) 구로동 572-32,갈비
