﻿,store_code,ItemID,address,local,category
0,STORE_MP00001,광고바브로,서울 마포구 마포대로4다길 31 1층,(지번) 마포동 388-5,퓨전한식
1,STORE_MP00002,광고공덕삼교비,"서울 마포구 만리재로 3 1, 2층",(지번) 공덕동 255-9,삼겹살
2,STORE_MP00003,광고왕가밀 왕가본점,서울 마포구 도화길 24-1,(지번) 도화동 345-1,"육류,고기"
3,STORE_MP00004,프릳츠 도화점,서울 마포구 새창로2길 17,(지번) 도화동 179-9,디저트카페
4,STORE_MP00005,크레이지카츠,서울 마포구 포은로2나길 44,(지번) 합정동 391-5,"돈까스,우동"
5,STORE_MP00006,을밀대 본점,서울 마포구 숭문길 24,(지번) 염리동 147-6,냉면
6,STORE_MP00007,소금집델리 망원,서울 마포구 월드컵로19길 14 2층,(지번) 망원동 57-38,양식
7,STORE_MP00008,어글리베이커리,서울 마포구 월드컵로13길 73,(지번) 망원동 400-1,"제과,베이커리"
8,STORE_MP00009,땡스오트 연남점,서울 마포구 성미산로23길 68,(지번) 연남동 375-113,디저트카페
9,STORE_MP00010,어반플랜트,"서울 마포구 독막로4길 3 1,2층",(지번) 합정동 363-28,디저트카페
10,STORE_MP00011,미쁘동,서울 마포구 동교로38길 33-21 2층,(지번) 연남동 384-7,일식
11,STORE_MP00012,피오니 홍대점,서울 마포구 어울마당로 56 1층,(지번) 서교동 408-8,카페
12,STORE_MP00013,소이연남,서울 마포구 동교로 267,(지번) 연남동 229-67,동남아음식
13,STORE_MP00014,망원동즉석우동전문돈까스 본점,서울 마포구 동교로 83,(지번) 망원동 386-4,"돈까스,우동"
14,STORE_MP00015,연남토마 본점,서울 마포구 월드컵북로6길 61,(지번) 연남동 568-26,일식
15,STORE_MP00016,카와카츠,서울 마포구 동교로 126 1층 102호,(지번) 서교동 465-1,"돈까스,우동"
16,STORE_MP00017,역전회관,서울 마포구 토정로37길 47,(지번) 염리동 173-21,"불고기,두루치기"
17,STORE_MP00018,한강껍데기,서울 마포구 망원로 48-1,(지번) 망원동 416-33,"육류,고기"
18,STORE_MP00019,몽중헌 공덕점,서울 마포구 마포대로 92 공덕해링턴 스퀘어 A동 2층,(지번) 도화동 25-13,중화요리
19,STORE_MP00020,오레노라멘 합정본점,서울 마포구 독막로6길 14,(지번) 합정동 361-1,일본식라면
20,STORE_MP00021,경기떡집,서울 마포구 동교로9길 24,(지번) 망원동 378-7,"떡,한과"
21,STORE_MP00022,앤트러사이트 서교점,서울 마포구 월드컵로12길 11,(지번) 서교동 475-22,카페
22,STORE_MP00023,청어람 본점,서울 마포구 망원로 97 1층,(지번) 망원동 482-3,"곱창,막창"
23,STORE_MP00024,우와 1호점,서울 마포구 와우산로21길 21-16 202호,(지번) 서교동 364-10,철판요리
24,STORE_MP00025,진미식당,서울 마포구 마포대로 186-6,(지번) 공덕동 105-127,"게,대게"
25,STORE_MP00026,비파티세리 공덕점,서울 마포구 마포대로14길 4 1층,(지번) 공덕동 105-67,카페
26,STORE_MP00027,레이어드 연남점,서울 마포구 성미산로 161-4,(지번) 연남동 223-20,디저트카페
27,STORE_MP00028,이치젠,서울 마포구 포은로 109 1층 101호,(지번) 망원동 415-31,일식
28,STORE_MP00029,툭툭누들타이,서울 마포구 성미산로 161-8,(지번) 연남동 223-15,태국음식
29,STORE_MP00030,테이스티버거,서울 마포구 독막로 67-11 행운빌딩 1층,(지번) 상수동 317-2,햄버거
30,STORE_MP00031,연남서식당,서울 마포구 백범로2길 32,(지번) 노고산동 109-69,갈비
31,STORE_MP00032,최강금돈까스,서울 마포구 월드컵로3길 31-30,(지번) 합정동 388-15,"돈까스,우동"
32,STORE_MP00033,포비 합정점,서울 마포구 양화로3길 66,(지번) 합정동 426-18,카페
33,STORE_MP00034,정돈,서울 마포구 어울마당로 46 1층,(지번) 서교동 408-26,"돈까스,우동"
34,STORE_MP00035,앤트러사이트 합정점,서울 마포구 토정로5길 10,(지번) 합정동 357-6,커피전문점
35,STORE_MP00036,마포원조떡볶이,서울 마포구 도화2길 3 1층,(지번) 도화동 345-4,떡볶이
36,STORE_MP00037,도꼭지,서울 마포구 백범로10길 30 1층,(지번) 신수동 36-3,한식
37,STORE_MP00038,스케줄 합정점,서울 마포구 양화로6길 33,(지번) 서교동 394-17,이탈리안
38,STORE_MP00039,마포진짜원조최대포 본점,서울 마포구 마포대로 112,(지번) 공덕동 255-19,"육류,고기"
39,STORE_MP00040,진짜파스타,서울 마포구 와우산로 64 전원빌딩 2층 202호,(지번) 상수동 86-22,이탈리안
40,STORE_MP00041,진진 본관,서울 마포구 잔다리로 123,(지번) 서교동 469-67,중화요리
41,STORE_MP00042,황금콩밭,서울 마포구 마포대로16길 9,(지번) 아현동 424-11,두부전문점
42,STORE_MP00043,헤키,서울 마포구 월드컵로17길 38,(지번) 망원동 57-135,일식
43,STORE_MP00044,와이키키마켓,서울 마포구 마포나루길 332,(지번) 상암동 1537-2,"육류,고기"
44,STORE_MP00045,원조조박집 본관,서울 마포구 토정로 313-1,(지번) 용강동 40-1,"육류,고기"
45,STORE_MP00046,연남물갈비,서울 마포구 월드컵북로4길 13 2층,(지번) 동교동 203-18,갈비
46,STORE_MP00047,테일러커피 연남1호점,서울 마포구 성미산로 189 1층,(지번) 연남동 224-41,커피전문점
47,STORE_MP00048,1984,서울 마포구 동교로 194 혜원빌딩 1층,(지번) 동교동 158-24,북카페
48,STORE_MP00049,943킹스크로스,서울 마포구 양화로16길 24,(지번) 서교동 369-1,카페
49,STORE_MP00050,카쿠시타,서울 마포구 동교로38길 33-15 지하 1층,(지번) 연남동 390-30,일식집
50,STORE_MP00051,아소정,서울 마포구 백범로25길 9,(지번) 염리동 149-9,냉면
51,STORE_MP00052,곱 마포점,서울 마포구 도화길 31-1,(지번) 도화동 179-11,"곱창,막창"
52,STORE_MP00053,모연,서울 마포구 토정로 318 영우빌딩 1층,(지번) 용강동 51-5,"육류,고기"
53,STORE_MP00054,감성타코 홍대점,서울 마포구 와우산로21길 20-11 2층,(지번) 서교동 358-121,"멕시칸,브라질"
54,STORE_MP00055,당인리책발전소,서울 마포구 월드컵로14길 10-8 1층,(지번) 서교동 475-26,북카페
55,STORE_MP00056,바다회사랑,서울 마포구 동교로27길 60,(지번) 연남동 566-8,회
56,STORE_MP00057,중화복춘,서울 마포구 동교로 220-7 1층,(지번) 동교동 152-11,중화요리
57,STORE_MP00058,맛이차이나,서울 마포구 독막로 68 2층,(지번) 상수동 321-1,중화요리
58,STORE_MP00059,또보겠지떡볶이 해피토스점,서울 마포구 잔다리로6길 34-5 2층,(지번) 서교동 366-14,떡볶이
59,STORE_MP00060,슬로우캘리,서울 마포구 동교로38길 35,(지번) 연남동 390-42,양식
60,STORE_MP00061,마포양지설렁탕,서울 마포구 새창로 6,(지번) 도화동 181-39,설렁탕
61,STORE_MP00062,브런치가,서울 마포구 월드컵북로4길 39,(지번) 동교동 204-29,카페
62,STORE_MP00063,랑데자뷰 상수점,서울 마포구 와우산로13길 49,(지번) 상수동 316-1,디저트카페
63,STORE_MP00064,여우골 홍대점,서울 마포구 와우산로19길 9,(지번) 서교동 363-24,"초밥,롤"
64,STORE_MP00065,램랜드,서울 마포구 토정로 255,(지번) 용강동 494-32,"육류,고기"
65,STORE_MP00066,딩가케이크,서울 마포구 동교로29길 68,(지번) 연남동 252-18,디저트카페
66,STORE_MP00067,철인7호치킨 홍대점,서울 마포구 양화로6길 99-3 반지하,(지번) 서교동 402-4,치킨
67,STORE_MP00068,덕승재,서울 마포구 월드컵북로 361 DMC이안상암2단지 2층 221호,(지번) 상암동 1653,한정식
68,STORE_MP00069,커피가게동경,서울 마포구 망원로6길 21 지하,(지번) 망원동 410-1,커피전문점
69,STORE_MP00070,피자네버슬립스 합정점,"서울 마포구 양화로6길 73 4, 5층",(지번) 서교동 400-13,피자
70,STORE_MP00071,카페밤비,서울 마포구 동교로9길 36 1층,(지번) 망원동 378-17,디저트카페
71,STORE_MP00072,오랑지,서울 마포구 동교로38길 13 2층,(지번) 연남동 390-71,카페
72,STORE_MP00073,우동카덴 서교점,서울 마포구 양화로7안길 2-1,(지번) 서교동 391-5,"돈까스,우동"
73,STORE_MP00074,돈카츠윤석,서울 마포구 백범로10길 30 1층,(지번) 신수동 36-3,"돈까스,우동"
74,STORE_MP00075,작당모의,서울 마포구 동교로32길 19 1층,(지번) 연남동 381-15,카페
75,STORE_MP00076,어메이징농카이,서울 마포구 월드컵북로1길 42,(지번) 서교동 375-37,태국음식
76,STORE_MP00077,중화복춘 골드 동교점,서울 마포구 월드컵북로6길 42 태성빌딩 1층 101호,(지번) 동교동 204-54,중화요리
77,STORE_MP00078,하하,서울 마포구 동교로 263,(지번) 연남동 229-12,중화요리
78,STORE_MP00079,빈브라더스 합정점,서울 마포구 토정로 35-1,(지번) 합정동 368-3,커피전문점
79,STORE_MP00080,진대감 마포점,서울 마포구 마포대로12길 54,(지번) 공덕동 249-62,"육류,고기"
80,STORE_MP00081,이요이요스시 공덕1호점,서울 마포구 마포대로 167 공덕래미안5차아파트 상가 106호,(지번) 공덕동 469,"초밥,롤"
81,STORE_MP00082,코코로카라,서울 마포구 월드컵북로8길 17 1층,(지번) 연남동 564-31,"제과,베이커리"
82,STORE_MP00083,연남취향,서울 마포구 연희로1길 36 1층,(지번) 동교동 113-25,이탈리안
83,STORE_MP00084,옥동식 서교점,서울 마포구 양화로7길 44-10,(지번) 서교동 385-6,곰탕
84,STORE_MP00085,마녀주방 홍대점,서울 마포구 와우산로21길 36-10,(지번) 서교동 358-51,양식
85,STORE_MP00086,앤디스커피,서울 마포구 와우산로35길 75 2층,(지번) 서교동 330-19,카페
86,STORE_MP00087,연교,서울 마포구 연희로1길 65 1층,(지번) 연남동 383-95,중화요리
87,STORE_MP00088,동무밥상,서울 마포구 양화진길 10,(지번) 합정동 381-64,한식
88,STORE_MP00089,굴다리식당,서울 마포구 새창로 8-1,(지번) 도화동 181-45,한식
89,STORE_MP00090,테일러커피 서교점,서울 마포구 와우산로27길 7 2층,(지번) 서교동 338-1,커피전문점
90,STORE_MP00091,담택,서울 마포구 월드컵로8길 34,(지번) 서교동 381-22,일본식라면
91,STORE_MP00092,톤앤매너,서울 마포구 와우산로29가길 13 1층,(지번) 서교동 337-10,카페
92,STORE_MP00093,칸다소바 홍대점,서울 마포구 와우산로 51-6,(지번) 상수동 91-3,일본식라면
93,STORE_MP00094,모아새,서울 마포구 포은로 71 1층,(지번) 망원동 395-17,디저트카페
94,STORE_MP00095,일등식당,서울 마포구 방울내로 82,(지번) 망원동 476-1,해장국
95,STORE_MP00096,밤부베이커리&브루잉,서울 마포구 월드컵로5길 33-23,(지번) 합정동 386-11,디저트카페
96,STORE_MP00097,카페스콘,서울 마포구 성미산로 172,(지번) 연남동 239-4,카페
97,STORE_MP00098,또보겠지떡볶이집 붕붕허니비점,서울 마포구 양화로19길 22-25 2층,(지번) 동교동 153-3,떡볶이
98,STORE_MP00099,시루케이크,서울 마포구 와우산로1길 4,(지번) 상수동 341-1,떡카페
99,STORE_MP00100,포가,서울 마포구 성미산로 190-4 2층,(지번) 연남동 228-2,중화요리
100,STORE_MP00101,마포옥,서울 마포구 토정로 312 1층,(지번) 용강동 50-13,설렁탕
101,STORE_MP00102,신성각,서울 마포구 임정로 55-1,(지번) 신공덕동 2-463,중화요리
102,STORE_MP00103,연어롭다,서울 마포구 동교로38길 42 지하1층,(지번) 연남동 382-19,"해물,생선"
103,STORE_MP00104,마루심 마포점,서울 마포구 토정로 316 성진빌딩 1층,(지번) 용강동 51-3,장어
104,STORE_MP00105,난,서울 마포구 토정로3길 22 지층,(지번) 합정동 367-8,한식
105,STORE_MP00106,딥블루레이크 커피로스터스,서울 마포구 포은로6길 11,(지번) 망원동 411-12,커피전문점
106,STORE_MP00107,또보겠지떡볶이집 호호시스터점,서울 마포구 양화로6길 45 2층,(지번) 서교동 396-32,떡볶이
107,STORE_MP00108,카페공명,서울 마포구 연희로 11 한국특허정보원빌딩 1층,(지번) 동교동 146-8,"제과,베이커리"
108,STORE_MP00109,코끼리즉석떡볶이,서울 마포구 도화2길 3,(지번) 도화동 345-4,분식
109,STORE_MP00110,바다회사랑 2호점,서울 마포구 동교로 143,(지번) 서교동 461-25,회
110,STORE_MP00111,잇텐고,서울 마포구 포은로 11,(지번) 합정동 396-14,일본식라면
111,STORE_MP00112,경주식당,서울 마포구 와우산로13길 49-7,(지번) 상수동 314-10,"육류,고기"
112,STORE_MP00113,오츠에스프레소,서울 마포구 독막로14길 32 지하 1층,(지번) 상수동 328-2,커피전문점
113,STORE_MP00114,푸하하크림빵,서울 마포구 양화로19길 22-25,(지번) 동교동 153-3,"제과,베이커리"
114,STORE_MP00115,콩카페 연남점,서울 마포구 성미산로 161-14 1층,(지번) 연남동 223-114,카페
115,STORE_MP00116,프리모바치오바치 홍대본점,"서울 마포구 와우산로23길 44 2,3층",(지번) 서교동 346-47,이탈리안
116,STORE_MP00117,가미우동,서울 마포구 홍익로2길 23,(지번) 서교동 346-31,"돈까스,우동"
117,STORE_MP00118,부탄츄 홍대점,서울 마포구 와우산로35길 75 1층,(지번) 서교동 330-19,일본식라면
118,STORE_MP00119,뉴오더클럽,서울 마포구 동교로34길 3,(지번) 연남동 260-31,피자
119,STORE_MP00120,카페요호,서울 마포구 잔다리로 88 1층,(지번) 서교동 459-13,카페
120,STORE_MP00121,일미락 상암점,서울 마포구 성암로13길 40,(지번) 상암동 1493,"육류,고기"
121,STORE_MP00122,육장,서울 마포구 월드컵로19길 74 지하2층,(지번) 망원동 57-194,한식
122,STORE_MP00123,더피자보이즈 서교점,서울 마포구 와우산로29마길 24-1 1층,(지번) 서교동 332-33,피자
123,STORE_MP00124,혼가츠,서울 마포구 와우산로21길 36-6 102호,(지번) 서교동 358-49,"돈까스,우동"
124,STORE_MP00125,감성타코&그릴 합정점,서울 마포구 월드컵로3길 14 딜라이트스퀘어 B동 지하 1층 147~154호,(지번) 합정동 473,"멕시칸,브라질"
125,STORE_MP00126,이치류 홍대본점,서울 마포구 잔다리로3안길 44,(지번) 서교동 395-124,"육류,고기"
126,STORE_MP00127,월화고기 상암직영 1호점,서울 마포구 매봉산로2안길 12-6,(지번) 상암동 8-3,"육류,고기"
127,STORE_MP00128,구공탄곱창 본점,서울 마포구 양화로6길 77 1층,(지번) 서교동 400-12,"곱창,막창"
128,STORE_MP00129,빌리프커피로스터스,서울 마포구 양화로11길 50 1층,(지번) 서교동 384-3,커피전문점
129,STORE_MP00130,철길왕갈비살,서울 마포구 와우산로32길 24,(지번) 창전동 4-2,갈비
130,STORE_MP00131,코다차야 홍대점,서울 마포구 와우산로 48 로하스타워 1층,(지번) 상수동 93-45,실내포장마차
131,STORE_MP00132,산동만두,서울 마포구 도화길 22-10,(지번) 도화동 327-1,분식
132,STORE_MP00133,마포나루 도화본점,서울 마포구 삼개로 11,(지번) 도화동 201-39,한정식
133,STORE_MP00134,세상끝의라멘,서울 마포구 양화로7길 6-5 와와빌딩 2층,(지번) 서교동 391-18,일본식라면
134,STORE_MP00135,서강8경,서울 마포구 토정로 128 8층,(지번) 상수동 356-6,양식
135,STORE_MP00136,라멘트럭 상수점,서울 마포구 독막로14길 31 1층,(지번) 상수동 324-10,일본식라면
136,STORE_MP00137,더평양,서울 마포구 월드컵북로 127,(지번) 성산동 54-7,냉면
137,STORE_MP00138,미미램양꼬치,서울 마포구 성미산로 196 상암빌딩 1층,(지번) 연남동 227-20,양꼬치
138,STORE_MP00139,콜린,"서울 마포구 어울마당로 45 1, 2층",(지번) 서교동 403-13,테마카페
139,STORE_MP00140,각시보쌈,서울 마포구 성지길 25,(지번) 합정동 372-27,"족발,보쌈"
140,STORE_MP00141,은행골 홍대점,서울 마포구 와우산로15길 34,(지번) 서교동 409-14,"초밥,롤"
141,STORE_MP00142,행진,서울 마포구 월드컵로 49 1층,(지번) 합정동 427-5,삼겹살
142,STORE_MP00143,빠넬로,서울 마포구 어울마당로5길 29,(지번) 서교동 400-22,이탈리안
143,STORE_MP00144,몰토베네,서울 마포구 성지3길 67 1층,(지번) 합정동 361-20,이탈리안
144,STORE_MP00145,발리문,서울 마포구 동교로 248-1 2층,(지번) 연남동 228-48,동남아음식
145,STORE_MP00146,멕시칸식당베르데,서울 마포구 동교로 262-6 1층,(지번) 연남동 387-13,"멕시칸,브라질"
146,STORE_MP00147,키쉬미뇽,서울 마포구 양화로6길 35,(지번) 서교동 394-16,카페
147,STORE_MP00148,킨지 연남점,서울 마포구 동교로 227-11 2층,(지번) 연남동 373-10,일식
148,STORE_MP00149,갓잇 연남점,서울 마포구 성미산로 161-13 1층,(지번) 연남동 240-2,"멕시칸,브라질"
149,STORE_MP00150,소바식당 망원점,서울 마포구 동교로9길 28,(지번) 망원동 378-9,일식
150,STORE_MP00151,진진 가연,서울 마포구 월드컵북로1길 60,(지번) 서교동 375-35,중화요리
151,STORE_MP00152,오복수산 연남점,서울 마포구 성미산로 198,(지번) 연남동 227-15,일식
152,STORE_MP00153,페어,서울 마포구 잔다리로7안길 23 1층,(지번) 서교동 378-12,카페
153,STORE_MP00154,더페이머스버거 홍대점,서울 마포구 잔다리로3안길 24 1층,(지번) 서교동 395-113,햄버거
154,STORE_MP00155,당도,서울 마포구 포은로 106 1층,(지번) 망원동 414-16,아이스크림
155,STORE_MP00156,버터밀크,서울 마포구 와우산로 130 1층,(지번) 창전동 6-131,카페
156,STORE_MP00157,락희옥 마포본점,서울 마포구 백범로 170 공덕더샾 101동 1호,(지번) 공덕동 478,한식
157,STORE_MP00158,비스트로주라,서울 마포구 와우산로23길 18-7 1층,(지번) 서교동 342-16,양식
158,STORE_MP00159,야키토리묵,서울 마포구 성미산로 165-1 1층,(지번) 연남동 223-102,일본식주점
159,STORE_MP00160,피오니 연남점,서울 마포구 연남로 59-1,(지번) 연남동 366-19,"제과,베이커리"
160,STORE_MP00161,W카페,서울 마포구 동교로25길 16,(지번) 동교동 200-18,카페
161,STORE_MP00162,조선시대,서울 마포구 홍익로3길 44 지하 1층,(지번) 서교동 369-4,"호프,요리주점"
162,STORE_MP00163,하카타분코,서울 마포구 독막로19길 43 1층,(지번) 상수동 93-28,일본식라면
163,STORE_MP00164,미스터리브루잉컴퍼니,서울 마포구 독막로 311 재화스퀘어 1층,(지번) 염리동 168-9,"호프,요리주점"
164,STORE_MP00165,빠레뜨한남 연남점,서울 마포구 동교로 257 1층,(지번) 연남동 229-56,양식
165,STORE_MP00166,발리인망원,서울 마포구 포은로 67 1층,(지번) 망원동 394-86,동남아음식
166,STORE_MP00167,김영섭초밥,서울 마포구 월드컵북로 352-18,(지번) 상암동 42-20,"초밥,롤"
167,STORE_MP00168,감나무집기사식당,서울 마포구 연남로 23,(지번) 연남동 515-20,기사식당
168,STORE_MP00169,괴르츠,서울 마포구 토정로 136-13 우성빌딩 7F,(지번) 상수동 304-1,양식
169,STORE_MP00170,파네트,서울 마포구 마포대로11길 17,(지번) 공덕동 232-9,"제과,베이커리"
170,STORE_MP00171,미즈컨테이너 서교점,서울 마포구 와우산로18길 32,(지번) 서교동 360-13,이탈리안
171,STORE_MP00172,연남제비,서울 마포구 성미산로 186,(지번) 연남동 228-5,"육류,고기"
172,STORE_MP00173,이미커피,서울 마포구 동교로25길 7 1층,(지번) 동교동 201-10,카페
173,STORE_MP00174,만복기사식당,서울 마포구 희우정로 121,(지번) 망원동 455-1,기사식당
174,STORE_MP00175,또보겠지떡볶이집 깐따삐아점,서울 마포구 와우산로21길 28-12,(지번) 서교동 358-42,떡볶이
175,STORE_MP00176,봉피양 마포점,서울 마포구 토정로 308,(지번) 용강동 50-4,한식
176,STORE_MP00177,스시메이진 홍대점,서울 마포구 양화로18길 3 삼양빌딩 2층,(지번) 동교동 166-13,"초밥,롤"
177,STORE_MP00178,또보겠지떡볶이집 스마일보이점,서울 마포구 와우산로29길 14-8 2층,(지번) 서교동 327-20,떡볶이
178,STORE_MP00179,공상온도,서울 마포구 동교로23길 40 지하 1층,(지번) 동교동 203-11,카페
179,STORE_MP00180,랑데자뷰 서교점,서울 마포구 월드컵북로5길 53,(지번) 서교동 460-2,카페
180,STORE_MP00181,민트하임,서울 마포구 잔다리로6길 28,(지번) 서교동 366-28,디저트카페
181,STORE_MP00182,오늘그대와,서울 마포구 동교로 262-13 1층,(지번) 연남동 387-8,양식
182,STORE_MP00183,롤링파스타 홍대점,서울 마포구 홍익로 6 2층,(지번) 서교동 344-15,이탈리안
183,STORE_MP00184,성미골고기마을,서울 마포구 월드컵로 121,(지번) 망원동 481-8,"육류,고기"
184,STORE_MP00185,21세기 우리바다수산,서울 마포구 동교로 173,(지번) 동교동 206-5,회
185,STORE_MP00186,서울안심축산정육식당 마포직영점,서울 마포구 토정로35길 11 인우빌딩 1층,(지번) 용강동 67-1,"육류,고기"
186,STORE_MP00187,팔로피자,서울 마포구 양화로6길 9-20 1층,(지번) 서교동 394-65,피자
187,STORE_MP00188,블랑제리코팡,서울 마포구 희우정로 115 1층,(지번) 망원동 455-17,"제과,베이커리"
188,STORE_MP00189,장작집,서울 마포구 월드컵북로6길 19,(지번) 연남동 570-38,치킨
189,STORE_MP00190,시오,서울 마포구 독막로2길 30,(지번) 합정동 372-17,일식집
190,STORE_MP00191,영동감자탕,서울 마포구 월드컵북로5길 17,(지번) 서교동 448-2,감자탕
191,STORE_MP00192,디벙크,서울 마포구 성지1길 30 더보이드빌딩 지하1층,(지번) 합정동 366-1,카페
192,STORE_MP00193,엘비스텍,서울 마포구 연남로1길 26,(지번) 연남동 566-12,와인바
193,STORE_MP00194,투떰즈업,서울 마포구 월드컵로19길 71 1층,(지번) 망원동 57-278,"제과,베이커리"
194,STORE_MP00195,고향집,서울 마포구 포은로8길 28,(지번) 망원1동 414-20,국수
195,STORE_MP00196,제주은희네해장국 홍대점,서울 마포구 월드컵북로 43 1층,(지번) 서교동 449-6,해장국
196,STORE_MP00197,아이엠베이글 공덕점,서울 마포구 백범로 152 공덕파크자이 101동,(지번) 공덕동 476,디저트카페
197,STORE_MP00198,손오공마라탕,서울 마포구 양화로18길 15,(지번) 동교동 169-14,중식
198,STORE_MP00199,터틀힙,서울 마포구 양화로18안길 22 B&J빌딩 2층,(지번) 동교동 169-22,"제과,베이커리"
199,STORE_MP00200,바스버거 연남점,서울 마포구 양화로21길 21 2층,(지번) 동교동 154-1,햄버거
200,STORE_MP00201,뚜띠쿠치나 공덕점,서울 마포구 마포대로12길 58,(지번) 공덕동 249-36,이탈리안
201,STORE_MP00202,영광보쌈,서울 마포구 만리재로1길 14,(지번) 공덕동 256-20,"족발,보쌈"
202,STORE_MP00203,오마,서울 마포구 동교로 262-6 2층,(지번) 연남동 387-13,이탈리안
203,STORE_MP00204,신도세기 마포점,서울 마포구 토정로 271 1층 101호,(지번) 용강동 473-1,"육류,고기"
204,STORE_MP00205,무대륙,서울 마포구 토정로5길 12,(지번) 합정동 357-7,카페
205,STORE_MP00206,마포왕족발,서울 마포구 만리재로 19,(지번) 공덕동 256-43,"족발,보쌈"
206,STORE_MP00207,르쁘띠푸 홍대본점,서울 마포구 와우산로 62 삼애빌딩 2층,(지번) 상수동 86-37,디저트카페
207,STORE_MP00208,크라이치즈버거 상암점,"서울 마포구 매봉산로 75 지하1층 B109, B110호",(지번) 상암동 1610,햄버거
208,STORE_MP00209,연남방앗간,서울 마포구 동교로29길 34 1층,(지번) 연남동 257-22,카페
209,STORE_MP00210,테일러커피 연남2호점,"서울 마포구 성미산로 187 1층, 2층",(지번) 연남동 224-57,커피전문점
210,STORE_MP00211,김진환제과점,서울 마포구 와우산로32길 41,(지번) 동교동 186-22,"제과,베이커리"
211,STORE_MP00212,홍대조폭떡볶이,서울 마포구 어울마당로 60,(지번) 서교동 407-21,떡볶이
212,STORE_MP00213,그레이랩,서울 마포구 토정로3길 16,(지번) 합정동 367-9,카페
213,STORE_MP00214,현래장,서울 마포구 마포대로 20 다보빌딩 지하 1층,(지번) 마포동 140,중화요리
214,STORE_MP00215,원조양평신내서울해장국 마포직영점,서울 마포구 토정로31길 24 이편한세상상가 2층,(지번) 용강동 508,해장국
215,STORE_MP00216,펠른,서울 마포구 성미산로22길 18 A동 1층,(지번) 연남동 504-50,카페
216,STORE_MP00217,포멜로빈 공덕점,서울 마포구 백범로 170 1층,(지번) 공덕동 478,커피전문점
217,STORE_MP00218,유부,서울 마포구 망원로 70 1층,(지번) 망원동 414-82,"초밥,롤"
218,STORE_MP00219,트라토리아몰토,서울 마포구 월드컵북로 332-12 1층,(지번) 상암동 34-36,이탈리안
219,STORE_MP00220,비스트로사랑방,서울 마포구 와우산로15길 40,(지번) 서교동 408-25,이탈리안
220,STORE_MP00221,교대이층집 마포점,서울 마포구 도화4길 9 2층,(지번) 도화동 182-2,"육류,고기"
221,STORE_MP00222,홍마떡 홍대본점,서울 마포구 홍익로5안길 24 2층,(지번) 서교동 355-25,떡볶이
222,STORE_MP00223,색동저고리 마포점,서울 마포구 도화길 27 2층,(지번) 도화동 179-3,한정식
223,STORE_MP00224,어나더룸 연남,서울 마포구 성미산로29안길 19-4 1층,(지번) 연남동 241-88,카페
224,STORE_MP00225,멘야하나비 합정점,서울 마포구 잔다리로7안길 14 1층,(지번) 서교동 379-13,일본식라면
225,STORE_MP00226,강화통통생고기 본점,서울 마포구 동교로 90 1층,(지번) 서교동 444-2,"육류,고기"
226,STORE_MP00227,크래버대게나라 마포점,"서울 마포구 월드컵로 58 1,2층",(지번) 서교동 476-19,"게,대게"
227,STORE_MP00228,명인갈비,서울 마포구 연남로 85,(지번) 연남동 361-17,갈비
228,STORE_MP00229,황곱 홍대점,서울 마포구 어울마당로 149 1층,(지번) 동교동 170-23,"곱창,막창"
229,STORE_MP00230,복성각 마포본점,서울 마포구 마포대로 63-8 삼창프라자 지하 1층,(지번) 도화동 173,중화요리
230,STORE_MP00231,여우골 홍대서교점,서울 마포구 월드컵북로1길 20,(지번) 서교동 352-16,"초밥,롤"
231,STORE_MP00232,미분당 홍대점,서울 마포구 서강로9길 59,(지번) 창전동 5-73,베트남음식
232,STORE_MP00233,능라도 마포점,서울 마포구 마포대로 25,(지번) 마포동 33-1,냉면
233,STORE_MP00234,이춘복참치 공덕점,서울 마포구 마포대로 92 효성해링턴 스퀘어 B동 2층 1호,(지번) 도화동 25-66,참치회
234,STORE_MP00235,공감 홍대2호점,서울 마포구 와우산로17길 10 2층,(지번) 서교동 407-6,일본식주점
235,STORE_MP00236,주막,서울 마포구 월드컵북로6길 56 1층,(지번) 동교동 204-5,한식
236,STORE_MP00237,진저피그,서울 마포구 양화로 128,(지번) 서교동 354-6,"육류,고기"
237,STORE_MP00238,카페장쌤,서울 마포구 와우산로29마길 5,(지번) 서교동 333-30,카페
238,STORE_MP00239,비로소커피,서울 마포구 광성로6길 42 1층,(지번) 신수동 85-19,커피전문점
239,STORE_MP00240,카미야,서울 마포구 와우산로21길 28-6,(지번) 서교동 358-39,"돈까스,우동"
240,STORE_MP00241,오목집 마포점,서울 마포구 도화길 50-6 1층,(지번) 도화동 194-22,"족발,보쌈"
241,STORE_MP00242,상수동 카스티야,서울 마포구 와우산로 39-21,(지번) 상수동 310-11,"제과,베이커리"
242,STORE_MP00243,태양커피 홍대점,서울 마포구 어울마당로 100-12 1층,(지번) 서교동 358-106,커피전문점
243,STORE_MP00244,82년생김민경 X 카페르세,서울 마포구 매봉산로 80 1층 15호,(지번) 상암동 1615,카페
244,STORE_MP00245,독립카츠 성격양식 2호점,서울 마포구 연남로 19 1층,(지번) 연남동 566-56,"돈까스,우동"
245,STORE_MP00246,뭄알로이,서울 마포구 독막로15길 3-6 2층,(지번) 상수동 313-6,태국음식
246,STORE_MP00247,히츠지야4.5,서울 마포구 동교로 257-1 1층,(지번) 연남동 229-55,일식
247,STORE_MP00248,리틀파파포 합정본점,서울 마포구 독막로3길 7,(지번) 합정동 413-15,베트남음식
248,STORE_MP00249,카페클로이인패리스,서울 마포구 성미산로 190-3 1층,(지번) 연남동 227-24,디저트카페
249,STORE_MP00250,로쏘1924,서울 마포구 홍익로 29 1층,(지번) 서교동 354-2,피자
250,STORE_MP00251,멘지,서울 마포구 월드컵로11길 8,(지번) 망원동 378-6,일본식라면
251,STORE_MP00252,프롬하노이,서울 마포구 포은로8길 20 1층,(지번) 망원동 411-8,베트남음식
252,STORE_MP00253,하하&김종국의 401정육식당 홍대본점,서울 마포구 잔다리로 23 1층,(지번) 서교동 395-17,"육류,고기"
253,STORE_MP00254,짬뽕지존 홍대점,서울 마포구 어울마당로 44-1 보리수빌딩 1층,(지번) 서교동 408-27,중화요리
254,STORE_MP00255,소점,서울 마포구 성미산로17길 99,(지번) 연남동 487-278,"호프,요리주점"
255,STORE_MP00256,블랑,서울 마포구 양화로 192 대영빌딩 1층,(지번) 동교동 173-14,디저트카페
256,STORE_MP00257,오리지널시카고피자 홍대본점,"서울 마포구 독막로7길 51 3,4층",(지번) 서교동 395-78,피자
257,STORE_MP00258,남해바다,서울 마포구 토정로37길 46,(지번) 도화동 536,회
258,STORE_MP00259,산더미불고기,서울 마포구 어울마당로 47,(지번) 서교동 403-16,"불고기,두루치기"
259,STORE_MP00260,제비다방,서울 마포구 와우산로 24,(지번) 상수동 330-12,다방
260,STORE_MP00261,오스테리아오라,서울 마포구 잔다리로 105 1층,(지번) 서교동 468-17,이탈리안
261,STORE_MP00262,바삭마차,서울 마포구 월드컵로13길 64,(지번) 망원동 412-52,"돈까스,우동"
262,STORE_MP00263,모두막,서울 마포구 와우산로29바길 11-4 2층,(지번) 서교동 332-30,테마카페
263,STORE_MP00264,스시소라 마포점,서울 마포구 마포대로 68 마포아크로타워 지하1층 B07호,(지번) 도화동 563,"초밥,롤"
264,STORE_MP00265,멘야산다이메 홍대점,서울 마포구 홍익로5안길 24,(지번) 서교동 355-25,일본식라면
265,STORE_MP00266,요코쵸,서울 마포구 성미산로 161-15,(지번) 연남동 240-1,일본식주점
266,STORE_MP00267,평안도상원냉면,서울 마포구 양화로 156 LG팰리스빌딩 지하1층 134호,(지번) 동교동 165-8,냉면
267,STORE_MP00268,조선초가한끼,서울 마포구 독막로 288 세양아파트상가 1층,(지번) 대흥동 802,한식
268,STORE_MP00269,간코,서울 마포구 양화로3길 15,(지번) 합정동 387-21,"돈까스,우동"
269,STORE_MP00270,쿠이신보,서울 마포구 양화로6길 38 영광빌딩 2층,(지번) 합정동 413-16,일식
270,STORE_MP00271,아웃닭 홍대점,서울 마포구 와우산로17길 19,(지번) 서교동 409-17,치킨
271,STORE_MP00272,아이엠어버거 홍대본점,서울 마포구 와우산로30길 13 1층,(지번) 창전동 5-78,햄버거
272,STORE_MP00273,홍스쭈꾸미 홍대본점,서울 마포구 어울마당로 146,(지번) 서교동 331-21,"해물,생선"
273,STORE_MP00274,키움초밥,서울 마포구 잔다리로 77 1층,(지번) 서교동 466-5,"초밥,롤"
274,STORE_MP00275,카페 사운드웨이브,서울 마포구 독막로3길 24 3층,(지번) 서교동 396-29,카페
275,STORE_MP00276,8810리스트레토바,서울 마포구 월드컵북로6길 88-10,(지번) 동교동 197-31,커피전문점
276,STORE_MP00277,연남주막1987,서울 마포구 동교로 212-5 1층,(지번) 동교동 152-15,한식
277,STORE_MP00278,연남동잠깐 1호점,서울 마포구 동교로32길 3 3층,(지번) 연남동 260-52,"호프,요리주점"
278,STORE_MP00279,향미,서울 마포구 성미산로 193,(지번) 연남동 226-21,중화요리
279,STORE_MP00280,와인로그,"서울 마포구 와우산로21길 36-8 2,3층",(지번) 서교동 358-50,와인바
280,STORE_MP00281,델리인디아,서울 마포구 독막로9길 8 2층,(지번) 서교동 402-6,인도음식
281,STORE_MP00282,고쿠텐 홍대점,서울 마포구 월드컵북로4길 26 1층,(지번) 동교동 201-41,일식
282,STORE_MP00283,계고기집,서울 마포구 백범로24길 1,(지번) 염리동 157-8,닭요리
283,STORE_MP00284,금옥당,서울 마포구 어울마당로 39 1층,(지번) 서교동 402-18,디저트카페
284,STORE_MP00285,홍대파스타리코,서울 마포구 홍익로5안길 32 준빌라,(지번) 서교동 355-5,양식
285,STORE_MP00286,바비레드 홍대점,서울 마포구 독막로15길 25,(지번) 상수동 312-8,양식
286,STORE_MP00287,돈주는남자 본점,서울 마포구 잔다리로6길 34-9,(지번) 서교동 366-2,"육류,고기"
287,STORE_MP00288,허밍벨라,서울 마포구 독막로7길 57,(지번) 서교동 395-199,카페
288,STORE_MP00289,라그릴리아 공덕점,서울 마포구 마포대로 92 효성해링턴스퀘어 A동 2층,(지번) 도화동 25-13,이탈리안
289,STORE_MP00290,카레시,서울 마포구 독막로3길 28-17,(지번) 서교동 396-51,퓨전일식
290,STORE_MP00291,버바나,서울 마포구 월드컵북로6길 88 1층,(지번) 동교동 197-15,햄버거
291,STORE_MP00292,씨스루 홍대연남점,서울 마포구 동교로 266-6 1층,(지번) 연남동 387-3,디저트카페
292,STORE_MP00293,히어로보드게임카페 홍대1호점,서울 마포구 와우산로21길 31-10 2층,(지번) 서교동 364-22,보드카페
293,STORE_MP00294,블루쿠치나,서울 마포구 월드컵로19길 18,(지번) 망원동 57-41,이탈리안
294,STORE_MP00295,바나나하루키,서울 마포구 독막로19길 8-17,(지번) 상수동 72-43,디저트카페
295,STORE_MP00296,합정동 원조황소곱창구이전문,서울 마포구 월드컵로 91,(지번) 망원동 373-3,"곱창,막창"
296,STORE_MP00297,더페이머스램,서울 마포구 월드컵북로 19 1층,(지번) 서교동 447-7,카페
297,STORE_MP00298,로운샤브샤브 홍대점,서울 마포구 양화로 153 토로스쇼핑타워 지하 1층,(지번) 동교동 159-12,샤브샤브
298,STORE_MP00299,카에루,서울 마포구 양화로1길 31,(지번) 합정동 392-1,일본식주점
299,STORE_MP00300,사루카메,서울 마포구 연남로 15,(지번) 연남동 566-67,일본식라면
300,STORE_MP00301,더다이닝랩,서울 마포구 양화로23길 22-7,(지번) 동교동 148-7,양식
301,STORE_MP00302,스미비부타동,서울 마포구 와우산로13길 19 2층,(지번) 상수동 92-6,일식
302,STORE_MP00303,연주방,서울 마포구 동교로46길 7,(지번) 연남동 387-19,"호프,요리주점"
303,STORE_MP00304,홍대브로스버거,서울 마포구 홍익로 3-30 2층,(지번) 서교동 358-96,햄버거
304,STORE_MP00305,멕시코식당,서울 마포구 독막로2길 23 1층,(지번) 합정동 366-7,"멕시칸,브라질"
305,STORE_MP00306,서교밥집,서울 마포구 잔다리로 78,(지번) 서교동 465-11,"돈까스,우동"
306,STORE_MP00307,온돌,서울 마포구 양화로6길 65 1층,(지번) 서교동 399-23,한식
307,STORE_MP00308,밀면집,서울 마포구 포은로 90,(지번) 망원동 403-5,국수
308,STORE_MP00309,논탄토 로스터스 연남점,서울 마포구 동교로 212-16 1층,(지번) 동교동 153-14,카페
309,STORE_MP00310,커피냅로스터스 연남동,서울 마포구 성미산로27길 70,(지번) 연남동 453-32,카페
310,STORE_MP00311,정광수의돈까스가게,서울 마포구 희우정로5길 29,(지번) 합정동 457-3,"돈까스,우동"
311,STORE_MP00312,감칠,서울 마포구 동교로46길 27 2층,(지번) 연남동 385-3,퓨전요리
312,STORE_MP00313,백년토종삼계탕 본점,서울 마포구 양화로 118,(지번) 서교동 354-12,삼계탕
313,STORE_MP00314,서룡,서울 마포구 월드컵북로 361 DMC이안상암2단지 2층 201호~204호,(지번) 상암동 1653,중화요리
314,STORE_MP00315,멘야준,서울 마포구 동교로 128,(지번) 서교동 465-2,일본식라면
315,STORE_MP00316,서울편백찜 망원점,서울 마포구 성미산로2길 43 1층,(지번) 서교동 442-4,"육류,고기"
316,STORE_MP00317,다엔조,서울 마포구 연희로1길 59-2 1층,(지번) 연남동 383-99,이탈리안
317,STORE_MP00318,구공탄곱창 합정2호점,서울 마포구 성지길 18,(지번) 합정동 375-26,"곱창,막창"
318,STORE_MP00319,그로토,서울 마포구 새창로4길 9 지하1층,(지번) 도화동 184-22,카페
319,STORE_MP00320,불이아 본점,서울 마포구 동교로 182-6,(지번) 동교동 161-14,중화요리
320,STORE_MP00321,라오삐약,서울 마포구 희우정로10길 5 1층,(지번) 망원동 396-27,아시아음식
321,STORE_MP00322,보헤미안박이추커피공장 상암점,서울 마포구 성암로 267 MBC몰파크 2층 201호,(지번) 상암동 1603,커피전문점
322,STORE_MP00323,디에이프릴,서울 마포구 성미산로29안길 19 1층,(지번) 연남동 241-16,카페
323,STORE_MP00324,광합성카페,서울 마포구 월드컵로19길 8 1층,(지번) 망원동 57-36,카페
324,STORE_MP00325,질리,서울 마포구 동교로38길 23 지층,(지번) 연남동 390-24,이탈리안
325,STORE_MP00326,암튼,서울 마포구 월드컵로15길 37,(지번) 망원동 380-19,카페
326,STORE_MP00327,스시엔준,서울 마포구 동교로 198 태양빌딩 1층 102호,(지번) 동교동 158-25,"초밥,롤"
327,STORE_MP00328,카페시루모락,서울 마포구 양화로10길 20 1.5층 상가,(지번) 서교동 395-178,카페
328,STORE_MP00329,바스버거 상암DMC점,서울 마포구 월드컵북로56길 19 드림타워 2층,(지번) 상암동 1595-1,햄버거
329,STORE_MP00330,하이웨이스트,서울 마포구 성미산로 167-9,(지번) 연남동 223-80,카페
330,STORE_MP00331,듁스커피 쇼룸,서울 마포구 어울마당로2길 10 1층,(지번) 당인동 24-11,카페
331,STORE_MP00332,수퍼,서울 마포구 삼개로 20 근신빌딩 별관 103호,(지번) 도화동 251-1,양식
332,STORE_MP00333,루프트커피 망원점,"서울 마포구 망원로6길 65 1,2층",(지번) 망원동 399-10,커피전문점
333,STORE_MP00334,온미동,서울 마포구 월드컵북로4길 95,(지번) 동교동 197-40,일식집
334,STORE_MP00335,박용석스시 1호점,서울 마포구 잔다리로 78,(지번) 서교동 465-11,"초밥,롤"
335,STORE_MP00336,벌스가든&하우스,서울 마포구 성미산로23길 44,(지번) 연남동 246-22,테마카페
336,STORE_MP00337,부산갈매기,서울 마포구 도화길 48-3,(지번) 도화동 194-18,"육류,고기"
337,STORE_MP00338,모리츠플라츠,서울 마포구 와우산로 174 1층,(지번) 동교동 184-17,카페
338,STORE_MP00339,와우끝집,서울 마포구 와우산로 162,(지번) 서교동 325-1,회
339,STORE_MP00340,양화정숯불갈비,서울 마포구 월드컵로1길 17,(지번) 합정동 383-26,갈비
340,STORE_MP00341,꼬르소산도,서울 마포구 월드컵로 157 1층,(지번) 망원동 474-2,디저트카페
341,STORE_MP00342,당가원,서울 마포구 월드컵북로 173,(지번) 성산동 200-38,중화요리
342,STORE_MP00343,교대이층집 상암점,서울 마포구 월드컵북로48길 19 상암빌딩 2층,(지번) 상암동 15-29,"육류,고기"
343,STORE_MP00344,예티,서울 마포구 와우산로18길 10 2층,(지번) 서교동 360-22,인도음식
344,STORE_MP00345,훠궈나라 홍대점,서울 마포구 어울마당로 133,(지번) 동교동 164-33,중화요리
345,STORE_MP00346,도화아파트먼트,서울 마포구 도화2길 27,(지번) 도화동 346-2,디저트카페
346,STORE_MP00347,이도맨숀 공덕점,서울 마포구 백범로 170 101동 2호,(지번) 공덕동 445-1,"육류,고기"
347,STORE_MP00348,호맥 합정점,서울 마포구 독막로5길 5 1층,(지번) 합정동 412-8,"호프,요리주점"
348,STORE_MP00349,육시리 마포직영점,서울 마포구 토정로 310 한국카본빌딩 1층,(지번) 용강동 50-11,"육류,고기"
349,STORE_MP00350,초마 홍대본점,서울 마포구 와우산로 72 2층,(지번) 서교동 361-10,중화요리
350,STORE_MP00351,낙곱새미장원,서울 마포구 월드컵북로4길 13 1층,(지번) 동교동 203-18,"해물,생선"
351,STORE_MP00352,펠트커피 창전동점,서울 마포구 서강로11길 23,(지번) 창전동 2-47,카페
352,STORE_MP00353,히츠지야 한국본점,서울 마포구 독막로3길 21,(지번) 서교동 395-36,일식집
353,STORE_MP00354,츄이구이브레드,서울 마포구 동교로18길 13 세원빌딩 1층,(지번) 서교동 464-12,"제과,베이커리"
354,STORE_MP00355,배떼기곱창 홍대점,서울 마포구 양화로18안길 26-6,(지번) 동교동 169-2,"곱창,막창"
355,STORE_MP00356,문,서울 마포구 동교로46길 21 2층,(지번) 연남동 385-12,이탈리안
356,STORE_MP00357,부산집,서울 마포구 와우산로38길 4,(지번) 동교동 188-2,일본식주점
357,STORE_MP00358,우이락,서울 마포구 포은로8길 22,(지번) 망원동 411-21,한식
358,STORE_MP00359,네시사분,서울 마포구 성미산로 190-8 1층,(지번) 연남동 387-7,디저트카페
359,STORE_MP00360,땡스네이쳐,서울 마포구 홍익로 10 푸르지오상가 지하 121호,(지번) 서교동 486,테마카페
360,STORE_MP00361,무월식탁 홍대점,서울 마포구 어울마당로 44 1층,(지번) 서교동 408-29,한식
361,STORE_MP00362,씨푸드살롱마레스타,서울 마포구 월드컵북로4길 15 1층,(지번) 동교동 203-19,이탈리안
362,STORE_MP00363,루아르커피바,서울 마포구 독막로34길 32 1층,(지번) 신수동 42-10,카페
363,STORE_MP00364,베어스덴베이커리,서울 마포구 양화로23길 10-9,(지번) 동교동 147-59,"제과,베이커리"
364,STORE_MP00365,페이브 연남점,서울 마포구 동교로39길 4-13,(지번) 연남동 255-12,"제과,베이커리"
365,STORE_MP00366,왔쏘 홍대점,서울 마포구 독막로7길 20,(지번) 서교동 401-6,고기뷔페
366,STORE_MP00367,당인동국수공장,서울 마포구 와우산로3길 48-3,(지번) 당인동 25-9,국수
367,STORE_MP00368,곱창파는고기집,서울 마포구 마포대로 173-14 4층 401호,(지번) 아현동 618-19,삼겹살
368,STORE_MP00369,219,서울 마포구 잔다리로3안길 16,(지번) 서교동 395-115,이탈리안
369,STORE_MP00370,수저가,서울 마포구 광성로4길 10 1층,(지번) 신수동 89-10,중화요리
370,STORE_MP00371,앵춘,서울 마포구 독막로 81 1층,(지번) 상수동 310-4,술집
371,STORE_MP00372,미담진족,서울 마포구 잔다리로3안길 27 1.5층,(지번) 서교동 395-20,"족발,보쌈"
372,STORE_MP00373,쇼콜라윰,서울 마포구 와우산로21길 26,(지번) 서교동 358-125,카페
373,STORE_MP00374,하카타나카,서울 마포구 와우산로23길 50 2층,(지번) 서교동 346-36,일식
374,STORE_MP00375,꿀돼지집,서울 마포구 동교로 236 2층,(지번) 연남동 260-51,삼겹살
375,STORE_MP00376,훌리오 홍대점,서울 마포구 와우산로13길 40 1층,(지번) 서교동 411-18,"멕시칸,브라질"
376,STORE_MP00377,사람사는 고깃집 김일도 마포공덕점,서울 마포구 토정로37길 41 1층 102호,(지번) 염리동 173-32,"육류,고기"
377,STORE_MP00378,와줘서고마워,서울 마포구 양화로11길 22,(지번) 서교동 380-15,카페
378,STORE_MP00379,다섯가지일품구이 519,서울 마포구 독막로9길 19 1층,(지번) 서교동 404-24,삼겹살
379,STORE_MP00380,사계진미숮불닭갈비 홍대점,서울 마포구 와우산로29바길 5 2층,(지번) 서교동 332-22,닭요리
380,STORE_MP00381,홍익게장 홍대본점,서울 마포구 월드컵북로 59,(지번) 성산동 232-12,"게,대게"
381,STORE_MP00382,풍천장어 연남점,서울 마포구 동교로27길 39,(지번) 연남동 568-25,장어
382,STORE_MP00383,부부드꼼뜨와,서울 마포구 월드컵북로6길 82 신한빌딩 1층,(지번) 동교동 197-25,이탈리안
383,STORE_MP00384,아웃백스테이크하우스 합정점,서울 마포구 월드컵로3길 14 마포한강푸르지오2차 1층 110호,(지번) 합정동 473,패밀리레스토랑
384,STORE_MP00385,오우,서울 마포구 월드컵북로6길 26 1층,(지번) 동교동 203-56,퓨전한식
385,STORE_MP00386,긴자료코 본점,서울 마포구 홍익로2길 43 지하1층,(지번) 서교동 346-21,일식
386,STORE_MP00387,아틀리에크레타,서울 마포구 망원로2길 69 2층,(지번) 망원동 398-35,카페
387,STORE_MP00388,라뚜셩트,서울 마포구 잔다리로 30-32 1층,(지번) 서교동 368-34,디저트카페
388,STORE_MP00389,첸토페르첸토,서울 마포구 동교로12길 41-13 1층,(지번) 서교동 382-14,이탈리안
389,STORE_MP00390,진만두,서울 마포구 와우산로29길 4-42 지하1층,(지번) 서교동 327-22,중화요리
390,STORE_MP00391,럭키인디아,서울 마포구 양화로7길 6-5 와와빌딩 지하1층,(지번) 서교동 391-18,인도음식
391,STORE_MP00392,도시의어부 상암동DMC점,서울 마포구 월드컵북로44길 39 1층,(지번) 상암동 35-7,회
392,STORE_MP00393,신촌서서갈비,서울 마포구 서강로20길 10,(지번) 노고산동 106-8,갈비
393,STORE_MP00394,일쩜오플로어 연남,서울 마포구 동교로34길 21,(지번) 연남동 381-5,카페
394,STORE_MP00395,어라운드그린,서울 마포구 망원로 79 3층,(지번) 망원동 423-15,양식
395,STORE_MP00396,오라방,서울 마포구 포은로 68 1층,(지번) 망원동 338-1,국수
396,STORE_MP00397,마담티라미수,서울 마포구 양화로3길 55 지하 1층,(지번) 합정동 386-37,디저트카페
397,STORE_MP00398,탐스피자,서울 마포구 신촌로2안길 35 1층,(지번) 동교동 178-11,피자
398,STORE_MP00399,비스트로연남,서울 마포구 양화로23길 10-10 1.5층,(지번) 동교동 147-48,이탈리안
399,STORE_MP00400,쿠루미,서울 마포구 동교로 242-13 2층,(지번) 연남동 390-51,일본식주점
400,STORE_MP00401,돈워리비달리,서울 마포구 희우정로20길 36,(지번) 망원동 409-11,"제과,베이커리"
401,STORE_MP00402,만두란,서울 마포구 동교로 81 1층,(지번) 망원동 386-5,분식
402,STORE_MP00403,돼지대학교 합정점,"서울 마포구 독막로 15 1,2층",(지번) 합정동 413-26,삼겹살
403,STORE_MP00404,서울동,서울 마포구 독막로3길 52,(지번) 서교동 397-5,일식집
404,STORE_MP00405,옹달샘 본점,서울 마포구 양화로6길 99 1층,(지번) 서교동 402-3,한식
405,STORE_MP00406,랫댓,서울 마포구 동교로 243-4 2층,(지번) 연남동 258-5,피자
406,STORE_MP00407,후라토식당 상수직영점,서울 마포구 독막로15길 3-14,(지번) 상수동 313-2,"돈까스,우동"
407,STORE_MP00408,버터베이커리 (휴업중),서울 마포구 동교로 226,(지번) 동교동 152-1,"제과,베이커리"
408,STORE_MP00409,베니케이크,서울 마포구 와우산로29다길 11,(지번) 서교동 335-25,"제과,베이커리"
409,STORE_MP00410,만만코코로 홍대점,"서울 마포구 양화로16길 34 2, 3층",(지번) 서교동 369-41,"호프,요리주점"
410,STORE_MP00411,히메시야,서울 마포구 독막로15길 3-18,(지번) 상수동 313-1,일식
411,STORE_MP00412,스시올리지,서울 마포구 동교로 266-11,(지번) 연남동 228-3,"초밥,롤"
412,STORE_MP00413,소코아 홍대점,서울 마포구 와우산로15길 49 1층,(지번) 서교동 411-12,일식
