﻿,store_code,ItemID,address,local,category
0,STORE_SC00001,광고마산콧털네,서울 서초구 신반포로47길 118,(지번) 잠원동 20-1,"해물,생선"
1,STORE_SC00002,카페노티드 서래,서울 서초구 방배로32길 30-9 1층,(지번) 방배동 838-29,카페
2,STORE_SC00003,서관면옥,서울 서초구 서초대로56길 11 1층,(지번) 서초동 1675-6,냉면
3,STORE_SC00004,애플하우스,서울 서초구 신반포로 50,(지번) 반포동 978,떡볶이
4,STORE_SC00005,텍사스데브라질 센트럴시티점,서울 서초구 사평대로 205 BP 4-5 파미에가든 4층,(지번) 반포동 118-3,"스테이크,립"
5,STORE_SC00006,프릳츠 양재점,서울 서초구 강남대로37길 24-11 서림빌딩 1층,(지번) 서초동 1363-10,카페
6,STORE_SC00007,삼육가 사당역점,서울 서초구 방배천로 10,(지번) 방배동 450-16,"육류,고기"
7,STORE_SC00008,마루심 본점,서울 서초구 고무래로10길 10 청구빌딩 1층,(지번) 반포동 54-10,장어
8,STORE_SC00009,루엘드파리,서울 서초구 서초중앙로 18 112호,(지번) 서초동 1445-13,"제과,베이커리"
9,STORE_SC00010,공미학,서울 서초구 서초대로48길 101 1층,(지번) 서초동 1564-1,커피전문점
10,STORE_SC00011,세광양대창 교대본점 본관,"서울 서초구 반포대로28길 79 1,2층",(지번) 서초동 1571-19,"곱창,막창"
11,STORE_SC00012,백년옥 본관,서울 서초구 남부순환로 2407,(지번) 서초동 1450-6,두부전문점
12,STORE_SC00013,하이디라오 강남점,서울 서초구 서초대로77길 54 서초w타워 2층,(지번) 서초동 1303-37,샤브샤브
13,STORE_SC00014,설마중,서울 서초구 남부순환로 2648,(지번) 양재동 2-3,갈비
14,STORE_SC00015,3대삼계장인,서울 서초구 반포대로28길 56-3 1층,(지번) 서초동 1557-17,삼계탕
15,STORE_SC00016,낙원타코 강남역점,서울 서초구 서초대로73길 9 타임빌딩 3층,(지번) 서초동 1316-29,"멕시칸,브라질"
16,STORE_SC00017,교대이층집 본점,서울 서초구 서초대로50길 24 청화빌딩 2층,(지번) 서초동 1571-18,"육류,고기"
17,STORE_SC00018,봉산옥 서초동본점,서울 서초구 반포대로8길 5-6,(지번) 서초3동 1451-9,국수
18,STORE_SC00019,한소반 청계산점,서울 서초구 청계산로 249,(지번) 신원동 192-82,한식
19,STORE_SC00020,캐틀앤비 양재천점,서울 서초구 양재천로 131,(지번) 양재동 90-4,디저트카페
20,STORE_SC00021,이자카야나무 강남3호점,서울 서초구 서초대로75길 23,(지번) 서초동 1307-11,일본식주점
21,STORE_SC00022,쉐이크쉑 센트럴시티점,서울 서초구 신반포로 176 센트럴시티빌딩 1층 119호,(지번) 반포동 19-3,햄버거
22,STORE_SC00023,임병주산동칼국수,서울 서초구 강남대로37길 65,(지번) 서초동 1365,국수
23,STORE_SC00024,카페토다,서울 서초구 성촌6길 39,(지번) 우면동 176-5,카페
24,STORE_SC00025,태양커피,서울 서초구 서초대로25길 55 1층,(지번) 방배동 851-18,커피전문점
25,STORE_SC00026,크라이치즈버거 양재역점,서울 서초구 강남대로41길 8,(지번) 서초동 1358-8,햄버거
26,STORE_SC00027,영동족발 본점,서울 서초구 남부순환로358길 8,(지번) 양재동 1-4,"족발,보쌈"
27,STORE_SC00028,대도식당 강남대로점,서울 서초구 강남대로 567,(지번) 잠원동 36-13,"육류,고기"
28,STORE_SC00029,일일향 3호점,서울 서초구 서초대로78길 22 3층,(지번) 서초동 1327-2,중화요리
29,STORE_SC00030,설눈,서울 서초구 서초대로46길 20-7 영토빌딩 1층,(지번) 서초동 1551-9,냉면
30,STORE_SC00031,장꼬방묵은김치찌개전문,서울 서초구 효령로 364,(지번) 서초동 1438-8,"찌개,전골"
31,STORE_SC00032,진스시,서울 서초구 강남대로43길 22-2,(지번) 서초동 1357-60,"초밥,롤"
32,STORE_SC00033,크래버 대게나라 서초점,서울 서초구 남부순환로339길 72 1층,(지번) 서초동 1439-1,"게,대게"
33,STORE_SC00034,카몽,서울 서초구 서초대로42길 17 1층,(지번) 서초동 1552-2,디저트카페
34,STORE_SC00035,교대곱창,서울 서초구 서초중앙로 77,(지번) 서초동 1578-3,"곱창,막창"
35,STORE_SC00036,버드나무집 서초본점,서울 서초구 효령로 434,(지번) 서초2동 1340-5,"육류,고기"
36,STORE_SC00037,바른식 시골보쌈&감자옹심이 사당역별관점,서울 서초구 방배천로 12,(지번) 방배동 450-14,"족발,보쌈"
37,STORE_SC00038,미우야,서울 서초구 강남대로23길 90 기정빌딩 1층,(지번) 양재동 116-5,"돈까스,우동"
38,STORE_SC00039,이춘복참치&스시 강남점,서울 서초구 강남대로61길 13,(지번) 서초동 1317-1,참치회
39,STORE_SC00040,홍미단,서울 서초구 효령로31길 94,(지번) 방배동 925-19,분식
40,STORE_SC00041,사계진미숯불닭갈비 강남본점,서울 서초구 서초대로73길 30 2층,(지번) 서초동 1307,닭요리
41,STORE_SC00042,육품,서울 서초구 서초대로73길 30 1층,(지번) 서초동 1307,"육류,고기"
42,STORE_SC00043,조양관,"서울 서초구 서초대로74길 29 서초파라곤오피스텔 1층, 지하1층",(지번) 서초동 1327-29,한정식
43,STORE_SC00044,브루클린더버거조인트 서래본점,서울 서초구 서래로2길 27 1층,(지번) 반포동 78-12,햄버거
44,STORE_SC00045,두껍삼 강남직영점,서울 서초구 서초대로78길 44 서초나산스위트 1층,(지번) 서초동 1330-16,"육류,고기"
45,STORE_SC00046,은행골 강남역점,서울 서초구 서초대로75길 34 3층,(지번) 서초동 1308-14,"초밥,롤"
46,STORE_SC00047,라그릴리아 양재점,서울 서초구 남부순환로 2620 1층,(지번) 양재동 11-149,이탈리안
47,STORE_SC00048,타르타르 강남역점,서울 서초구 강남대로61길 13 1층,(지번) 서초동 1317-2,디저트카페
48,STORE_SC00049,꿉당,서울 서초구 강남대로 615,(지번) 잠원동 12-21,"육류,고기"
49,STORE_SC00050,구름떡,서울 서초구 방배로33길 21 1층,(지번) 방배동 815-1,"떡,한과"
50,STORE_SC00051,영동설렁탕,서울 서초구 강남대로101안길 24 2층,(지번) 잠원동 10-53,설렁탕
51,STORE_SC00052,일품진진수라 강남점,서울 서초구 서초대로 254 오퓨런스빌딩 지하 2층,(지번) 서초동 1553-5,한정식
52,STORE_SC00053,미즈컨테이너 강남웨스트점,"서울 서초구 서초대로73길 9 타임빌딩 1,2층",(지번) 서초동 1316-29,양식
53,STORE_SC00054,청류벽,서울 서초구 서초대로74길 29 1층 105호,(지번) 서초동 1327-29,국수
54,STORE_SC00055,한성돈까스 신사본점,서울 서초구 강남대로97길 10,(지번) 잠원동 21-5,"돈까스,우동"
55,STORE_SC00056,배나무골 양재 본점,서울 서초구 마방로2길 12 보성빌딩 지하 1층,(지번) 양재동 241-3,오리
56,STORE_SC00057,주,서울 서초구 동광로19길 16,(지번) 방배동 795-5,중화요리
57,STORE_SC00058,리에또,서울 서초구 방배천로4안길 20,(지번) 방배동 451-36,이탈리안
58,STORE_SC00059,탐라도야지,서울 서초구 서초대로50길 82,(지번) 서초3동 1566-8,"육류,고기"
59,STORE_SC00060,가츠오,서울 서초구 서초중앙로20길 21,(지번) 서초동 1658-17,"돈까스,우동"
60,STORE_SC00061,청계산 곤드레집,"서울 서초구 청룡마을1길 1 1, 2층",(지번) 신원동 195-16,한식
61,STORE_SC00062,요멘야고에몬 강남점,서울 서초구 서초대로77길 7 서초빌딩 1층,(지번) 서초동 1317-13,퓨전일식
62,STORE_SC00063,산들해 반포점,서울 서초구 반포대로 287 래미안퍼스티지 중심상가 지하1층,(지번) 반포동 18-3,한정식
63,STORE_SC00064,데블스도어 센트럴시티점,서울 서초구 사평대로 205,(지번) 반포동 118-3,"호프,요리주점"
64,STORE_SC00065,마얘,서울 서초구 사평대로22길 14 1층,(지번) 반포동 106-6,디저트카페
65,STORE_SC00066,모던눌랑 센트럴시티점,서울 서초구 사평대로 205,(지번) 반포동 118-3,중식
66,STORE_SC00067,밴건디스테이크하우스,서울 서초구 사평대로22길 5 1층,(지번) 반포동 94-14,"스테이크,립"
67,STORE_SC00068,JW메리어트호텔 서울 플레이버즈,서울 서초구 신반포로 176 JW메리어트서울 2층,(지번) 반포동 19-3,뷔페
68,STORE_SC00069,카페로비,서울 서초구 반포대로20길 53 1층,(지번) 서초동 1564-4,디저트카페
69,STORE_SC00070,서래향,서울 서초구 사평대로26길 48 미성빌딩 2층,(지번) 반포동 91-4,중화요리
70,STORE_SC00071,채미가,서울 서초구 법원로2길 15,(지번) 서초동 1713-6,한정식
71,STORE_SC00072,오프레,서울 서초구 반포대로4길 12 석탑빌딩 1층,(지번) 서초동 1451-86,양식
72,STORE_SC00073,차이797 서래마을점,"서울 서초구 동광로 78 방배빌딩 2,3층",(지번) 방배동 810-2,중식
73,STORE_SC00074,까르니브라질그릴,서울 서초구 방배로 83-9 동화빌딩 5층,(지번) 방배동 909-4,"멕시칸,브라질"
74,STORE_SC00075,진대감 신사점,서울 서초구 나루터로12길 18,(지번) 잠원동 23-8,"육류,고기"
75,STORE_SC00076,통영해물보쌈,서울 서초구 방배천로4길 26,(지번) 방배동 449-8,"해물,생선"
76,STORE_SC00077,대나무골,서울 서초구 법원로3길 15 영포빌딩 지하,(지번) 서초동 1709-4,한정식
77,STORE_SC00078,교대갈비집,서울 서초구 반포대로28길 91 대진빌딩 2층,(지번) 서초동 1574-6,갈비
78,STORE_SC00079,만원수산,서울 서초구 서초대로77길 37 서초동월드1308 상가 3층 302호,(지번) 서초동 1308-10,회
79,STORE_SC00080,아빠곰수제돈까스,서울 서초구 사평대로56길 7,(지번) 서초동 1303-10,"돈까스,우동"
80,STORE_SC00081,로리스더프라임립,서울 서초구 서초대로 411 GT타워 3층,(지번) 서초동 1317-28,"스테이크,립"
81,STORE_SC00082,서리풀식당,서울 서초구 서초대로50길 39 1층,(지번) 서초동 1575-11,"족발,보쌈"
82,STORE_SC00083,덕자네방앗간 강남본점,서울 서초구 사평대로56길 7 유앤아이빌딩 1층,(지번) 서초동 1303-10,분식
83,STORE_SC00084,제이에스가든 갓포로바 잠원점,서울 서초구 잠원로4길 33-2 스타빌딩 지하1층 101~110호,(지번) 잠원동 61-11,퓨전요리
84,STORE_SC00085,프리퍼커피로스터스,서울 서초구 반포대로5길 4 1층,(지번) 서초동 1475-5,커피전문점
85,STORE_SC00086,식감이야기 양재역점,서울 서초구 남부순환로350길 19-26 도담빌딩 2층,(지번) 양재동 11-47,일본식주점
86,STORE_SC00087,베트남이랑,서울 서초구 서초대로77길 15 대경빌딩 지하1층,(지번) 서초동 1317-6,베트남음식
87,STORE_SC00088,노랑저고리 강남점,서울 서초구 서초대로73길 9 타임빌딩 5층,(지번) 서초동 1316-29,한정식
88,STORE_SC00089,메르시,서울 서초구 논현로 23 1층,(지번) 양재동 393-1,양식
89,STORE_SC00090,댓짱돈까스 방배본점,서울 서초구 방배로6길 13 파크에비뉴빌딩 1층,(지번) 방배동 1021-14,"돈까스,우동"
90,STORE_SC00091,샘밭막국수 서초점,서울 서초구 서초중앙로24길 27 지파이브센트럴플라자 지하1층,(지번) 서초동 1685-8,국수
91,STORE_SC00092,테이블포포,서울 서초구 사평대로14길 11 2층,(지번) 반포동 110-1,양식
92,STORE_SC00093,이남장 서초점,서울 서초구 서초대로49길 4,(지번) 서초동 1715-1,설렁탕
93,STORE_SC00094,스시도우,서울 서초구 서초대로42길 66,(지번) 서초동 1544-10,"초밥,롤"
94,STORE_SC00095,볼라레,서울 서초구 사평대로20길 8,(지번) 반포동 107-2,이탈리안
95,STORE_SC00096,채빛퀴진,서울 서초구 올림픽대로 2085-14,(지번) 반포동 650,뷔페
96,STORE_SC00097,황재벌,서울 서초구 남부순환로347길 42-4,(지번) 서초동 1360-47,장어
97,STORE_SC00098,하오차이,서울 서초구 효령로 260 정풍빌딩 1층,(지번) 서초동 1459-8,중화요리
98,STORE_SC00099,헬무트커피로스터스,서울 서초구 방배천로6길 3-10,(지번) 방배동 453-22,카페
99,STORE_SC00100,소백산 양재별관,서울 서초구 강남대로8길 36,(지번) 양재동 346,"육류,고기"
100,STORE_SC00101,한양왕족발,서울 서초구 방배천로2안길 15,(지번) 방배동 450-23,"족발,보쌈"
101,STORE_SC00102,쉐라미,서울 서초구 마방로 44-1,(지번) 양재동 263,양식
102,STORE_SC00103,교대이층집 양재점,서울 서초구 강남대로 222-6 2층,(지번) 양재동 13-21,"육류,고기"
103,STORE_SC00104,온유월식당,서울 서초구 신반포로 177 반포쇼핑3동 지하 1층,(지번) 잠원동 75-18,"육류,고기"
104,STORE_SC00105,오우아,서울 서초구 도구로1길 73-1 1층,(지번) 방배동 474-7,카페
105,STORE_SC00106,레몬그라스타이,서울 서초구 효령로68길 67,(지번) 서초동 1442-9,태국음식
106,STORE_SC00107,쿤쏨차이,서울 서초구 서초대로53길 23 1층,(지번) 서초동 1698-7,태국음식
107,STORE_SC00108,송쉐프 르쁘띠,서울 서초구 반포대로24길 95 1층,(지번) 서초동 1577-6,중화요리
108,STORE_SC00109,백화네부엌,서울 서초구 바우뫼로41길 84 1층,(지번) 양재동 7-2,퓨전한식
109,STORE_SC00110,훈감동,서울 서초구 동광로7길 33 선명빌딩 1층 101호,(지번) 방배동 785-9,일식
110,STORE_SC00111,강남1943,서울 서초구 서초대로77길 35 3층,(지번) 서초동 1308-12,"호프,요리주점"
111,STORE_SC00112,할랄가이즈 강남역점,서울 서초구 강남대로69길 8,(지번) 서초동 1309-8,양식
112,STORE_SC00113,진동둔횟집,서울 서초구 강남대로91길 18,(지번) 잠원동 36-32,회
113,STORE_SC00114,서초면옥 서초본점,서울 서초구 반포대로28길 46 우진빌딩 1층,(지번) 서초동 1557-7,냉면
114,STORE_SC00115,악바리,서울 서초구 서초대로77길 41,(지번) 서초동 1308-6,"호프,요리주점"
115,STORE_SC00116,칼맞은삼겹살 강남본점,서울 서초구 서초대로75길 34,(지번) 서초동 1308-14,삼겹살
116,STORE_SC00117,방배족발,서울 서초구 효령로31길 48,(지번) 방배동 924-8,"족발,보쌈"
117,STORE_SC00118,진대감 강남역 교보타워점,서울 서초구 서초대로73길 54 디오빌강남오피스텔 101호,(지번) 서초동 1309-1,"육류,고기"
118,STORE_SC00119,로아스 갤러리카페,서울 서초구 고무래로 6-6 선경빌딩 지하 1층,(지번) 반포동 59-4,카페
119,STORE_SC00120,몬틸나잇,서울 서초구 서초중앙로18길 23 효암빌딩 1층,(지번) 서초동 1665-28,커피전문점
120,STORE_SC00121,일품헌,서울 서초구 남부순환로 2634-27,(지번) 양재동 1-28,샤브샤브
121,STORE_SC00122,팔팔민물장어,서울 서초구 사평대로 335,(지번) 반포동 745,장어
122,STORE_SC00123,라멘모토 본점,서울 서초구 신반포로 333,(지번) 잠원동 38-27,일본식라면
123,STORE_SC00124,도셰프,서울 서초구 강남대로89길 14,(지번) 반포동 707-8,이탈리안
124,STORE_SC00125,유타로 강남점,서울 서초구 서초대로74길 51 골드로즈 101호,(지번) 서초동 1330-6,일본식라면
125,STORE_SC00126,매뉴팩트커피 방배점,서울 서초구 서초대로27길 15 1층,(지번) 방배동 876-31,카페
126,STORE_SC00127,산들해 양재동점,서울 서초구 강남대로 213 엘타워 지하1층,(지번) 양재동 24,한정식
127,STORE_SC00128,멘야하나비 신사점,서울 서초구 강남대로101안길 18-1,(지번) 잠원동 10-44,일식
128,STORE_SC00129,한우라서더맛있는스테이크,서울 서초구 양재천로23길 10,(지번) 양재동 91-8,"스테이크,립"
129,STORE_SC00130,정석초밥,서울 서초구 강남대로12길 41,(지번) 양재동 322-2,"초밥,롤"
130,STORE_SC00131,거북곱창,서울 서초구 서초대로50길 94 1층,(지번) 서초동 1565-8,"곱창,막창"
131,STORE_SC00132,수향가 사당직영점,서울 서초구 남부순환로 2121-3,(지번) 방배동 446-5,한식
132,STORE_SC00133,르지우,서울 서초구 사평대로26길 40,(지번) 반포동 91-3,양식
133,STORE_SC00134,인기명 교대점,서울 서초구 서초대로53길 10 1층,(지번) 서초동 1696-11,조개
134,STORE_SC00135,한국순대 본점,서울 서초구 바우뫼로35길 4 원빌딩 1층,(지번) 양재동 5-22,순대
135,STORE_SC00136,육갑식당 방배본점,서울 서초구 방배중앙로 166 1층,(지번) 방배동 777-5,"육류,고기"
136,STORE_SC00137,샤브리샤브샤브 방배본점,서울 서초구 방배천로2길 21 성현빌딩 3층,(지번) 방배동 449-6,샤브샤브
137,STORE_SC00138,구뜰집,서울 서초구 도구로 125,(지번) 방배동 863-3,"육류,고기"
138,STORE_SC00139,라비드쿤,서울 서초구 마방로2길 15-5,(지번) 양재동 249-13,양식
139,STORE_SC00140,버터핑거팬케익스 강남점,서울 서초구 강남대로61길 13 1층,(지번) 서초동 1317-1,양식
140,STORE_SC00141,잠원떡볶이,서울 서초구 잠원로4길 45,(지번) 잠원동 61-17,떡볶이
141,STORE_SC00142,스시만,서울 서초구 동광로27길 3 폴라리스빌딩 1층,(지번) 방배동 1-3,일식
142,STORE_SC00143,굴뚝집 사당본점,서울 서초구 방배천로2안길 7 우정빌딩 1층,(지번) 방배동 450-26,"육류,고기"
143,STORE_SC00144,금수복국 서초점,서울 서초구 서초중앙로24길 22,(지번) 서초동 1691-5,복어
144,STORE_SC00145,올반프리미엄 센트럴시티점,서울 서초구 사평대로 205 파미에스테이션 1층,(지번) 반포동 118-3,한식뷔페
145,STORE_SC00146,스와니예,서울 서초구 반포대로39길 46 지하1층,(지번) 반포4동 549-17,양식
146,STORE_SC00147,사람사는고깃집 김일도 서초남부터미널점,서울 서초구 효령로55길 39 호텔센트로 1층,(지번) 서초동 1594-3,"육류,고기"
147,STORE_SC00148,닥터로빈 반포점,서울 서초구 고무래로 8,(지번) 반포동 58-8,양식
148,STORE_SC00149,일상,서울 서초구 마방로6길 7-27 다산빌딩 1층,(지번) 양재동 263-15,한식
149,STORE_SC00150,브루스리 양재점,서울 서초구 양재천로 147-1,(지번) 양재동 87-5,중화요리
150,STORE_SC00151,묘오또,서울 서초구 방배로28길 16,(지번) 방배동 850-1,"돈까스,우동"
151,STORE_SC00152,미국식,서울 서초구 동광로24길 50 지니빌 1층,(지번) 방배동 839-33,햄버거
152,STORE_SC00153,스시고,서울 서초구 사평대로22길 15 1층,(지번) 반포동 94-10,"초밥,롤"
153,STORE_SC00154,조개창고 방배점,서울 서초구 방배로 147 내방빌딩 3층,(지번) 방배동 936-10,조개
154,STORE_SC00155,테라로사 예술의전당점,서울 서초구 남부순환로 2406 비타민 스테이션 1층,(지번) 서초동 715,커피전문점
155,STORE_SC00156,이상한나라의미쓰윤,서울 서초구 양재천로17길 3 1층,(지번) 양재동 122-6,"호프,요리주점"
156,STORE_SC00157,도너츠윤 방배점,서울 서초구 동광로12가길 12 1층,(지번) 방배동 1507,디저트카페
157,STORE_SC00158,초선과여포 본점,서울 서초구 서초대로78길 44 2층,(지번) 서초동 1330-16,중화요리
158,STORE_SC00159,커피앳웍스 양재역점,"서울 서초구 강남대로 241 1,2층",(지번) 서초동 1366-5,커피전문점
159,STORE_SC00160,일번지육개장,서울 서초구 신반포로 195,(지번) 잠원동 69-5,"찌개,전골"
160,STORE_SC00161,이여곰탕,서울 서초구 서초대로46길 19-15,(지번) 서초동 1555-9,곰탕
161,STORE_SC00162,교대이층집 사당점,서울 서초구 방배천로 12-9 2층,(지번) 방배동 450-10,"육류,고기"
162,STORE_SC00163,속초어시장 방배점,서울 서초구 방배천로2길 7 1층,(지번) 방배동 450-17,"해물,생선"
163,STORE_SC00164,진대감 서초점,서울 서초구 효령로55길 39 센트로호텔 1층,(지번) 서초동 1594-3,"육류,고기"
164,STORE_SC00165,홀릭스,서울 서초구 서초대로77길 24 3층,(지번) 서초동 1306-4,"호프,요리주점"
165,STORE_SC00166,남도요리명가,서울 서초구 법원로4길 31,(지번) 서초동 1702-8,한정식
166,STORE_SC00167,길버트버거앤프라이즈 서초점,서울 서초구 서초대로42길 96 금강빌딩 1층,(지번) 서초동 1545-5,햄버거
167,STORE_SC00168,리숨두부,서울 서초구 원터4길 7,(지번) 원지동 374-1,두부전문점
168,STORE_SC00169,중국요리리향,서울 서초구 반포대로28길 15,(지번) 서초동 1552-7,중화요리
169,STORE_SC00170,강고집 사당본점,서울 서초구 방배천로4안길 6 1층,(지번) 방배동 451-7,"육류,고기"
170,STORE_SC00171,겁없는토끼부엌,서울 서초구 청두곶길 6-1 1층,(지번) 방배동 474-19,퓨전요리
171,STORE_SC00172,모범갈빗살 강남역본점,서울 서초구 서초대로73길 40 104호,(지번) 서초동 1308-25,"육류,고기"
172,STORE_SC00173,감격시대,서울 서초구 서초대로50길 104,(지번) 서초동 1579-4,"육류,고기"
173,STORE_SC00174,소이연남 파미에스테이션점,서울 서초구 사평대로 205 센트럴시티 파미에스테이션 2층 FP217호,(지번) 반포동 118-3,태국음식
174,STORE_SC00175,더플라잉팬 레드,서울 서초구 서초대로 411 지티타워 지하 1층,(지번) 서초동 1317-27,양식
175,STORE_SC00176,강남교자 강남본점,서울 서초구 강남대로69길 11 2층,(지번) 서초동 1308-1,국수
176,STORE_SC00177,우참판 서래본점,서울 서초구 서래로 23 몽마르뜨빌딩 3층,(지번) 반포동 96-7,"육류,고기"
177,STORE_SC00178,다리원,서울 서초구 효령로 105,(지번) 방배동 912-2,중화요리
178,STORE_SC00179,린참치,서울 서초구 강남대로43길 17,(지번) 서초동 1358-3,참치회
179,STORE_SC00180,대가향,서울 서초구 서초대로 339,(지번) 서초동 1689-5,중화요리
180,STORE_SC00181,시골야채된장전문점,서울 서초구 강남대로69길 11 삼미빌딩 1층,(지번) 서초동 1308-1,한식
181,STORE_SC00182,로우슬로우,서울 서초구 방배천로2안길 27 현성빌딩 2층,(지번) 방배동 451-24,카페
182,STORE_SC00183,우작설렁탕,서울 서초구 서초중앙로6길 7 홍빌딩 지하1층,(지번) 서초동 1621-5,설렁탕
183,STORE_SC00184,태양커피 사당점,서울 서초구 방배천로 32 송암빌딩 1층,(지번) 방배동 453-33,커피전문점
184,STORE_SC00185,양양메밀막국수,서울 서초구 동광로15길 10,(지번) 방배동 793-1,국수
185,STORE_SC00186,진대감 교대점,서울 서초구 서초대로50길 62-9 1층,(지번) 서초동 1567-5,"육류,고기"
186,STORE_SC00187,페이브 방배점,서울 서초구 서초대로25길 32 엠아이빌딩 1층,(지번) 방배동 850-34,디저트카페
187,STORE_SC00188,스타벅스 파미에파크R점,서울 서초구 사평대로 205 센트럴시티 파미에파크돔,(지번) 반포동 118-3,커피전문점
188,STORE_SC00189,성천막국수 논현점,서울 서초구 강남대로 545-12,(지번) 반포동 706-6,국수
189,STORE_SC00190,미소의집,서울 서초구 신반포로 27-6 한신종합상가 지하2층,(지번) 반포동 885,떡볶이
190,STORE_SC00191,더이퀼리브리엄커피,서울 서초구 양재천로3길 2 1층,(지번) 양재동 116-6,커피전문점
191,STORE_SC00192,신미경의정통춘천닭갈비,서울 서초구 방배로16길 11-3,(지번) 방배동 905-7,닭요리
192,STORE_SC00193,메이탄 강남점,서울 서초구 서초대로73길 54 210~214호,(지번) 서초동 1309-1,중화요리
193,STORE_SC00194,인덕원비빔국수,서울 서초구 남부순환로 2656,(지번) 양재동 2-41,국수
194,STORE_SC00195,크리스탈제이드 상하이팰리스 잠원점,서울 서초구 신반포로33길 27 파스텔플라자 1층,(지번) 잠원동 66-2,중화요리
195,STORE_SC00196,아낙 잠원점,서울 서초구 신반포로45길 55 1층,(지번) 잠원동 34-20,"호프,요리주점"
196,STORE_SC00197,차알 반포점,서울 서초구 사평대로 205 파미에스테이션 2층,(지번) 반포동 118-3,중화요리
197,STORE_SC00198,박고볼래,서울 서초구 강남대로30길 12 1층,(지번) 양재동 15-22,실내포장마차
198,STORE_SC00199,진가와 서초점,서울 서초구 서초대로48길 13 소망빌딩 1층,(지번) 서초동 1571-1,일식집
199,STORE_SC00200,한성양꼬치 교대점,서울 서초구 반포대로28길 71-18,(지번) 서초동 1571-29,양꼬치
200,STORE_SC00201,스시진수,서울 서초구 서초중앙로24길 27 G5센트럴프라자 1층 4호,(지번) 서초동 1685-8,"초밥,롤"
201,STORE_SC00202,이자카야열,서울 서초구 강남대로 345 2층,(지번) 서초동 1329-6,일본식주점
202,STORE_SC00203,37.5 서래마을점,서울 서초구 서래로7길 16 민트빌딩 2층,(지번) 반포동 106-8,카페
203,STORE_SC00204,이수통닭 본점,"서울 서초구 방배천로 92 세앙아르비체 102동 107,108호",(지번) 방배동 425-1,치킨
204,STORE_SC00205,세컨브레스,서울 서초구 양재천로 95-2 태영빌딩 1층,(지번) 양재동 98-4,카페
205,STORE_SC00206,소울브레드,서울 서초구 바우뫼로7길 27,(지번) 우면동 59,"제과,베이커리"
206,STORE_SC00207,델리쎄106,서울 서초구 동광로 106 원방빌딩 1층,(지번) 방배동 807-9,이탈리안
207,STORE_SC00208,진대감 양재점,서울 서초구 강남대로6길 24,(지번) 양재동 351-10,"육류,고기"
208,STORE_SC00209,목천집,서울 서초구 효령로52길 69,(지번) 서초동 1451-94,국수
209,STORE_SC00210,더막창스 강남본점,서울 서초구 서초대로77길 37 월드상가 106호,(지번) 서초동 1308-10,"곱창,막창"
210,STORE_SC00211,이가네양꼬치 양재2호점,서울 서초구 마방로2길 68,(지번) 양재동 316-1,양꼬치
211,STORE_SC00212,정담은,서울 서초구 방배천로2길 15,(지번) 방배동 450-27,한정식
212,STORE_SC00213,애마오리 청계산점,서울 서초구 원터6길 8,(지번) 원지동 372-7,오리
213,STORE_SC00214,백화네부엌 교대점,서울 서초구 반포대로28길 76,(지번) 서초동 1570-6,퓨전한식
214,STORE_SC00215,로얄맨션,서울 서초구 사평대로22길 9 포레스트빌딩 2층,(지번) 반포동 94-13,이탈리안
215,STORE_SC00216,마장동육회포차 강남점,서울 서초구 서초대로77길 48 남경빌딩 1층,(지번) 서초동 1304-4,"육류,고기"
216,STORE_SC00217,바베큐랩,서울 서초구 마방로10길 18-13,(지번) 양재동 267-3,"육류,고기"
217,STORE_SC00218,타쿠미곤,서울 서초구 사평대로 98 한국회관 2층,(지번) 반포동 107-43,일식집
218,STORE_SC00219,비스트로누,서울 서초구 사평대로26길 26-6 3층,(지번) 반포동 92-7,이탈리안
219,STORE_SC00220,오선채,서울 서초구 남부순환로 2634-8,(지번) 양재동 1-23,한정식
220,STORE_SC00221,스시카이,서울 서초구 반포대로26길 29,(지번) 서초동 1557-3,"초밥,롤"
221,STORE_SC00222,수다 서래점,서울 서초구 서래로 50 1층,(지번) 반포동 93-7,일본식주점
222,STORE_SC00223,다피타,서울 서초구 효령로 202,(지번) 서초동 1487-3,이탈리안
223,STORE_SC00224,소나무집,서울 서초구 식유촌길 71,(지번) 우면동 604-5,닭요리
224,STORE_SC00225,육갑식당 서래마을직영점,서울 서초구 사평대로 130 1층,(지번) 반포동 93-2,"육류,고기"
225,STORE_SC00226,장수촌,서울 서초구 원터5길 14,(지번) 원지동 397-6,닭요리
226,STORE_SC00227,롱브레드 서래마을점,서울 서초구 사평대로22길 28,(지번) 반포4동 105-7,샌드위치
227,STORE_SC00228,도쿄하나 사당점,서울 서초구 방배천로 11 파스텔 시티 3층,(지번) 방배동 444-3,일식집
228,STORE_SC00229,쓰리버즈 센트럴시티점,서울 서초구 사평대로 205,(지번) 반포동 118-3,이탈리안
229,STORE_SC00230,인더비엣 신논현역점,서울 서초구 사평대로52길 13,(지번) 서초동 1302-35,베트남음식
230,STORE_SC00231,피제리아호키포키,서울 서초구 반포대로9길 28 J하모니빌딩 1층,(지번) 서초동 1485-12,피자
231,STORE_SC00232,신사 고집,서울 서초구 강남대로99길 43 1층,(지번) 잠원동 23-7,"육류,고기"
232,STORE_SC00233,풍천가 서초점,서울 서초구 강남대로4길 4 1~2층,(지번) 양재동 352,장어
233,STORE_SC00234,레어마카롱 교대점,서울 서초구 반포대로24길 47 1층,(지번) 서초동 1561-8,디저트카페
234,STORE_SC00235,반포치킨,서울 서초구 신반포로 38 반포상가 J동 21호,(지번) 반포동 1050,치킨
235,STORE_SC00236,이누식당,서울 서초구 서초대로27길 33 1층,(지번) 방배동 850-31,이탈리안
236,STORE_SC00237,푸주옥,서울 서초구 서초중앙로26길 5 하림빌딩 1 1층,(지번) 서초동 1699-14,설렁탕
237,STORE_SC00238,딥다이브,서울 서초구 방배천로18길 36-5,(지번) 방배동 435-2,카페
238,STORE_SC00239,바른고기정육점 서래마을본점,"서울 서초구 동광로 80 정암빌딩 1,2층",(지번) 방배동 810-3,"육류,고기"
239,STORE_SC00240,의정부평양면옥,서울 서초구 강남대로93길 28,(지번) 잠원동 29-23,냉면
240,STORE_SC00241,굴림,서울 서초구 신반포로42길 11 1층,(지번) 반포동 703-19,카페
241,STORE_SC00242,바르미스시뷔페 사당점,서울 서초구 방배천로 11 파스텔씨티 5층,(지번) 방배동 444-3,"초밥,롤"
242,STORE_SC00243,송강,서울 서초구 명달로9길 5,(지번) 방배동 1002-1,장어
243,STORE_SC00244,비노바인,서울 서초구 반포대로23길 6 효진빌딩 지하 1층,(지번) 서초동 1540-5,와인바
244,STORE_SC00245,이수족발,서울 서초구 방배천로4길 42,(지번) 방배동 448-1,"족발,보쌈"
245,STORE_SC00246,됐소 강남점,서울 서초구 서초대로78길 46,(지번) 서초동 1330-15,"육류,고기"
246,STORE_SC00247,강남한우정육식당,서울 서초구 강남대로6길 5,(지번) 양재동 350-10,"육류,고기"
247,STORE_SC00248,그림나베 남부터미널점,"서울 서초구 서초중앙로 42 블루핀 타워 112,113호",(지번) 서초동 1603-2,일식
248,STORE_SC00249,톰볼라 서래점,"서울 서초구 서래로7길 16 1,3층",(지번) 반포동 106-8,이탈리안
249,STORE_SC00250,진도집,서울 서초구 서초대로51길 9,(지번) 서초동 1694-14,"해물,생선"
250,STORE_SC00251,중국성,"서울 서초구 잠원로3길 40 1층 101,104-2호",(지번) 잠원동 72-3,중화요리
251,STORE_SC00252,카페페라,서울 서초구 방배천로 11 1층,(지번) 방배동 444-3,카페
252,STORE_SC00253,고깃집열,서울 서초구 서초대로78길 48 2층,(지번) 서초동 1330-14,"육류,고기"
253,STORE_SC00254,육통령,서울 서초구 반포대로20길 69,(지번) 서초동 1564-13,"육류,고기"
254,STORE_SC00255,금홍,서울 서초구 방배로 167,(지번) 방배동 874-15,중화요리
255,STORE_SC00256,쿄베이커리 더인피닛카페,"서울 서초구 사평대로58길 6 1층 102,103호",(지번) 서초동 1303-9,디저트카페
256,STORE_SC00257,여진족,"서울 서초구 방배천로4안길 12 지하1층,1층",(지번) 방배동 451-5,"족발,보쌈"
257,STORE_SC00258,자매수산 본점,서울 서초구 서초대로77길 55 1층 107호,(지번) 서초동 1309-9,회
258,STORE_SC00259,일미옥,서울 서초구 서초대로19길 10-21,(지번) 방배동 873-18,한식
259,STORE_SC00260,파티오42 서초교대본점,서울 서초구 반포대로30길 44-5 파크뷰빌딩 2층,(지번) 서초동 1555-14,이탈리안
260,STORE_SC00261,크리에잇쿠키 방배점,서울 서초구 효령로 105 1층,(지번) 방배동 912-2,디저트카페
261,STORE_SC00262,천희양꼬치,서울 서초구 효령로31길 3 2층,(지번) 방배동 912-8,양꼬치
262,STORE_SC00263,시골집,서울 서초구 반포대로10길 7,(지번) 서초동 1459-11,쌈밥
263,STORE_SC00264,바세츠아이스크림 양재본점,서울 서초구 동산로 7 1층,(지번) 양재동 326-10,아이스크림
264,STORE_SC00265,서석대,서울 서초구 서초대로 346 동아빌라트1지구1층102호,(지번) 서초동 1678-1,한식
265,STORE_SC00266,친친,서울 서초구 서초중앙로 119,(지번) 서초동 1574-14,중화요리
266,STORE_SC00267,서래본갈비,서울 서초구 사평대로 126,(지번) 반포동 93-1,"육류,고기"
267,STORE_SC00268,장수원,서울 서초구 방배중앙로 153,(지번) 방배동 778-27,"육류,고기"
268,STORE_SC00269,사찰음식도반,서울 서초구 마방로6길 7-27,(지번) 양재동 263-15,한식
269,STORE_SC00270,커피나무 강남역점,서울 서초구 강남대로65길 1,(지번) 서초동 1306,커피전문점
270,STORE_SC00271,자인뭉티기,서울 서초구 강남대로37길 24-7 호원빌딩 1층,(지번) 서초동 1363-7,"육류,고기"
271,STORE_SC00272,하피덕,서울 서초구 양재천로 135-4,(지번) 양재동 89-6,"호프,요리주점"
272,STORE_SC00273,양재정육식당 역삼뱅뱅점,서울 서초구 효령로 426 1~2층,(지번) 서초동 1340-1,"육류,고기"
273,STORE_SC00274,딘타이펑 강남점,서울 서초구 서초대로73길 12 세계빌딩 2층,(지번) 서초동 1317-31,중화요리
274,STORE_SC00275,삼호복집 서초점,서울 서초구 강남대로51길 5 기우빌딩1층,(지번) 서초2동 1338-10,복어
275,STORE_SC00276,진구곱창,서울 서초구 서초대로75길 37,(지번) 서초동 1308-23,"곱창,막창"
276,STORE_SC00277,라파티세리킴,서울 서초구 방배로 16 주심빌딩 1층,(지번) 방배동 1015-1,"제과,베이커리"
277,STORE_SC00278,파리크라상 교대역점,서울 서초구 서초중앙로24길 27 G-five 플라자 1층,(지번) 서초동 1685-8,"제과,베이커리"
278,STORE_SC00279,고양이부엌 강남점,서울 서초구 강남대로61길 7 지하1층,(지번) 서초동 1317-3,떡볶이
279,STORE_SC00280,남도술상,서울 서초구 방배천로 12-11 지하1층,(지번) 방배동 450-9,"호프,요리주점"
280,STORE_SC00281,소담채,서울 서초구 원터6길 5,(지번) 원지동 419-1,한식
281,STORE_SC00282,평가옥 반포점,서울 서초구 사평대로 353,(지번) 반포동 746-5,한식
282,STORE_SC00283,신이주신선물 오리고기,서울 서초구 신반포로 334,(지번) 반포동 706-3,오리
283,STORE_SC00284,테루아,서울 서초구 강남대로95길 47-3 103호,(지번) 잠원동 30-4,양식
284,STORE_SC00285,도쿄하나 잠원점,서울 서초구 신반포로33길 27 파스텔프라자 2층,(지번) 잠원동 66-2,일식집
285,STORE_SC00286,비엔나커피하우스 이수역점,서울 서초구 동작대로 86 1층,(지번) 방배동 438-24,커피전문점
286,STORE_SC00287,라무진 교대점,서울 서초구 반포대로22길 77,(지번) 서초동 1569-4,"육류,고기"
287,STORE_SC00288,일도씨닭갈비 방배점,서울 서초구 방배로8길 4,(지번) 방배동 1022-1,닭요리
288,STORE_SC00289,팔러엠,서울 서초구 사평대로28길 77 1층,(지번) 반포동 551-33,카페
289,STORE_SC00290,스시마이우 강남역직영점,서울 서초구 서초대로77길 37 월드상가 1층 105호,(지번) 서초동 1308-10,"초밥,롤"
290,STORE_SC00291,마구로센 신사점,서울 서초구 강남대로99길 33,(지번) 잠원동 22-5,참치회
291,STORE_SC00292,규스홈 레스토랑,서울 서초구 방배천로 62 1층,(지번) 방배동 455-1,이탈리안
292,STORE_SC00293,비너스본사 건너편갈비살,서울 서초구 주흥길 82,(지번) 반포동 703-7,"육류,고기"
293,STORE_SC00294,유다 서래마을점,서울 서초구 동광로39길 50 1층,(지번) 반포4동 76-1,일본식주점
294,STORE_SC00295,우면산버드나무집,서울 서초구 남부순환로 2461,(지번) 서초동 1425-13,"육류,고기"
295,STORE_SC00296,청담동마녀김밥 강남역점,서울 서초구 사임당로 180 보원빌딩 1층 103호,(지번) 서초동 1337-17,분식
296,STORE_SC00297,문어세상 양재점,서울 서초구 강남대로 188 화승빌딩 1층,(지번) 양재동 15-3,"해물,생선"
297,STORE_SC00298,세컨클락,서울 서초구 청룡마을길 41,(지번) 신원동 263-6,커피전문점
298,STORE_SC00299,7%칠백식당 방배직영점,서울 서초구 방배로27길 12,(지번) 방배동 836-7,"육류,고기"
299,STORE_SC00300,파크루안 방배점,서울 서초구 방배중앙로 214 배원빌딩 지하1층,(지번) 방배본동 751-1,중식
300,STORE_SC00301,영주축협한우프라자 청계산역점,"서울 서초구 청계산로 197 4, 5층",(지번) 신원동 270-10,"육류,고기"
301,STORE_SC00302,카페더나인스퀘어,서울 서초구 서초대로77길 5 1~2층,(지번) 서초동 1317-14,디저트카페
302,STORE_SC00303,비노인빌라,서울 서초구 남부순환로319길 14 가남빌딩 1층,(지번) 서초동 1464-10,이탈리안
303,STORE_SC00304,나무이자카야 강남4호점,서울 서초구 서초대로78길 26,(지번) 서초동 1327-7,술집
304,STORE_SC00305,세광양대창 교대별관,서울 서초구 서초대로46길 99 2층,(지번) 서초동 1567-8,"곱창,막창"
305,STORE_SC00306,사푼사푼 강남역점,서울 서초구 강남대로 355 1층,(지번) 서초동 1329,카페
306,STORE_SC00307,4560디자인하우스,서울 서초구 매헌로 16 하이브랜드 3층,(지번) 양재동 215,갤러리카페
307,STORE_SC00308,빽다방 신사사거리점,서울 서초구 강남대로 605 휴먼타워 1층 102호,(지번) 잠원동 20-9,커피전문점
308,STORE_SC00309,파운드로컬,서울 서초구 나루터로 65 1층,(지번) 잠원동 15-8,카페
309,STORE_SC00310,서호김밥 본점,서울 서초구 방배중앙로 141-1,(지번) 방배동 790-13,분식
310,STORE_SC00311,더바른정육식당 잠원점,서울 서초구 신반포로47길 68 평화빌딩 1층 101호,(지번) 잠원동 29-10,"육류,고기"
311,STORE_SC00312,무월식탁 파미에스테이션점,서울 서초구 사평대로 205 2층,(지번) 반포동 118-3,한식
312,STORE_SC00313,무한쌈밥집,서울 서초구 강남대로93길 23-10,(지번) 잠원동 36-27,쌈밥
313,STORE_SC00314,한국회관,서울 서초구 사평대로18길 10,(지번) 반포4동 107-45,"육류,고기"
314,STORE_SC00315,행복찹쌀떡,서울 서초구 방배로 248 1층,(지번) 방배본동 773-1,"떡,한과"
315,STORE_SC00316,육갑식당 뱅뱅점,서울 서초구 강남대로47길 20 1층,(지번) 서초동 1340-14,"육류,고기"
316,STORE_SC00317,더가든키친,서울 서초구 강남대로107길 6 더리버사이드호텔 1층,(지번) 잠원동 6-1,뷔페
317,STORE_SC00318,만다린,"서울 서초구 방배로6길 10-15 1, 2층",(지번) 방배동 1020-2,중화요리
318,STORE_SC00319,오늘와인한잔 교대점,서울 서초구 반포대로26길 75 1층,(지번) 서초동 1570-13,와인바
319,STORE_SC00320,동달식당 강남본점,서울 서초구 서운로 133,(지번) 서초동 1322-12,"육류,고기"
320,STORE_SC00321,카페아뜰리에,서울 서초구 방배천로4길 48,(지번) 방배동 448-5,카페
321,STORE_SC00322,남우정 양재본점,서울 서초구 언남길 76,(지번) 양재2동 301,"육류,고기"
322,STORE_SC00323,오뗄두스 서래본점,서울 서초구 서래로10길 9,(지번) 반포동 93-5,디저트카페
323,STORE_SC00324,고반식당 강남교보타워점,서울 서초구 서초대로75길 45 1층,(지번) 서초동 1308-2,삼겹살
324,STORE_SC00325,비엔나커피하우스 방배점,서울 서초구 방배로 126 석하빌딩,(지번) 방배동 902-4,커피전문점
325,STORE_SC00326,브리오슈도레 사당역점,서울 서초구 동작대로 10 1~3층,(지번) 방배동 444-9,디저트카페
326,STORE_SC00327,꼼레떼,서울 서초구 방배천로4안길 26,(지번) 방배동 451-1,디저트카페
327,STORE_SC00328,육갑식당 잠원직영점,"서울 서초구 잠원로 46-3 지하1층, 1층",(지번) 잠원동 66-9,"육류,고기"
328,STORE_SC00329,치코,서울 서초구 남부순환로356길 121 지하1층,(지번) 양재동 16-32,"멕시칸,브라질"
329,STORE_SC00330,난랑 서초점,서울 서초구 서운로 32 우진빌딩 1층,(지번) 서초동 1356-2,중화요리
330,STORE_SC00331,이솔라,서울 서초구 올림픽대로 2085-14 가빛 1층,(지번) 반포동 650,이탈리안
331,STORE_SC00332,도마3,서울 서초구 서초대로78길 48 송림빌딩 1층 101호,(지번) 서초동 1330-14,"육류,고기"
332,STORE_SC00333,소울버킷,서울 서초구 서초중앙로 75 202호,(지번) 서초동 1578-4,햄버거
333,STORE_SC00334,미카도스시 교대점,서울 서초구 서초중앙로26길 11 1층 101호,(지번) 서초동 1698-15,"초밥,롤"
334,STORE_SC00335,남궁야,서울 서초구 방배천로4안길 10,(지번) 방배2동 451-6,오리
335,STORE_SC00336,마구로센 남부터미널점,서울 서초구 반포대로14길 58 2층,(지번) 서초동 1588-2,참치회
336,STORE_SC00337,다피타 2호점,서울 서초구 반포대로23길 32 1층,(지번) 서초동 1503-16,이탈리안
337,STORE_SC00338,제일곱창,서울 서초구 사평대로 362 1층 104호,(지번) 서초동 1302-52,"곱창,막창"
338,STORE_SC00339,청담동마녀김밥,서울 서초구 방배로 89 1층,(지번) 방배동 910-8,분식
339,STORE_SC00340,그릿918,서울 서초구 법원로2길 24,(지번) 서초동 1715-5,디저트카페
340,STORE_SC00341,카페마마스 강남역점,서울 서초구 서운로 138 동아타워 1층,(지번) 서초동 1321-6,카페
341,STORE_SC00342,초초베이크숍,서울 서초구 남부순환로 2419 아트빌딩 1층,(지번) 서초동 1449-1,디저트카페
342,STORE_SC00343,대찬횟집,서울 서초구 반포대로30길 72 지하1층,(지번) 서초동 1571-15,회
343,STORE_SC00344,맛집곱창구이,서울 서초구 방배천로2안길 23,(지번) 방배동 451-26,"곱창,막창"
344,STORE_SC00345,오리에,서울 서초구 서초대로32길 8,(지번) 방배동 894-20,디저트카페
345,STORE_SC00346,만리성,서울 서초구 서초대로42길 66,(지번) 서초동 1544-10,중화요리
346,STORE_SC00347,줄라이,서울 서초구 동광로 164 1층,(지번) 반포동 577-20,양식
347,STORE_SC00348,빕스 반포역점,서울 서초구 신반포로 257 3층,(지번) 잠원동 58-24,패밀리레스토랑
348,STORE_SC00349,라모라,서울 서초구 동광로39길 50 2층,(지번) 반포동 76-1,이탈리안
349,STORE_SC00350,카츠공방,서울 서초구 반포대로30길 53 1층,(지번) 서초동 1572-15,"돈까스,우동"
350,STORE_SC00351,군산 은모래해물탕아구찜 본점,서울 서초구 방배천로4길 8,(지번) 방배동 450-2,"매운탕,해물탕"
351,STORE_SC00352,우진가 교대점,서울 서초구 법원로4길 32 부민빌딩 지하1층,(지번) 서초동 1713-2,갈비
352,STORE_SC00353,마포네숯불돼지갈비,서울 서초구 강남대로 184,(지번) 양재동 15-5,갈비
353,STORE_SC00354,설봄 방배동본점,서울 서초구 방배중앙로 172 1층,(지번) 방배동 769-15,"떡,한과"
354,STORE_SC00355,갈릭&페퍼,서울 서초구 서초중앙로20길 40,(지번) 서초동 1665-5,이탈리안
355,STORE_SC00356,크리스탈제이드 파미에스테이션점,서울 서초구 사평대로 205 파미에스테이션 1층,(지번) 반포동 118-3,중화요리
356,STORE_SC00357,이가해장국,서울 서초구 사평대로57길 7 1층,(지번) 반포동 747-8,해장국
357,STORE_SC00358,오목집 강남역점,"서울 서초구 서초대로78길 32 2,3층",(지번) 서초동 1327-11,"족발,보쌈"
358,STORE_SC00359,소도둑,서울 서초구 마방로10길 30,(지번) 양재동 274-3,고기뷔페
359,STORE_SC00360,레스트로,서울 서초구 서래로6길 10,(지번) 반포동 90-3,이탈리안
360,STORE_SC00361,해우담 본점,서울 서초구 강남대로 349,(지번) 서초동 1329-4,한정식
361,STORE_SC00362,던킨도너츠 강남본점(2021년8월11일까지),서울 서초구 강남대로 373 홍우빌딩 1층,(지번) 서초동 1328-1,도넛
362,STORE_SC00363,금강바비큐치킨,서울 서초구 사평대로 349,(지번) 반포동 746-9,치킨
363,STORE_SC00364,성민양꼬치,서울 서초구 방배천로2길 27,(지번) 방배동 449-4,양꼬치
364,STORE_SC00365,기꾸,서울 서초구 동광로1길 112 롯데캐슬헤론 제1층 104호,(지번) 방배동 754-1,"초밥,롤"
365,STORE_SC00366,먹거리양곱창,서울 서초구 강남대로99길 35,(지번) 잠원동 22-1,"곱창,막창"
366,STORE_SC00367,봇타야산,서울 서초구 방배중앙로 214 배원빌딩 2층,(지번) 방배동 751-1,철판요리
367,STORE_SC00368,더진미평냉,서울 서초구 서초중앙로 58 피앤디 솔로빌 지하2층,(지번) 서초동 1623-3,냉면
368,STORE_SC00369,햇쌀마루,서울 서초구 서운로 22,(지번) 서초동 1364,디저트카페
369,STORE_SC00370,양재해장국,서울 서초구 강남대로10길 11,(지번) 양재2동 327-17,해장국
370,STORE_SC00371,보글이 생태탕왕코다리 서초구청점,서울 서초구 강남대로37길 56-18,(지번) 서초동 1364-29,"해물,생선"
371,STORE_SC00372,스푼더스트릿 강남역1호점,서울 서초구 서초대로73길 7 2층,(지번) 서초동 1316-28,샤브샤브
372,STORE_SC00373,라칼라스,서울 서초구 반포대로 8,(지번) 서초3동 1451-79,이탈리안
373,STORE_SC00374,순대실록 센트럴시티점,서울 서초구 신반포로 176 1.5층 8호,(지번) 반포동 19-3,순대
374,STORE_SC00375,소백관 한우가마솥곰탕,서울 서초구 청계산로 91,(지번) 신원동 500-4,곰탕
375,STORE_SC00376,김영모과자점 서초동성당점,서울 서초구 서초대로64길 41-4,(지번) 서초동 1635-1,"제과,베이커리"
376,STORE_SC00377,한우다이닝 울릉,서울 서초구 서운로 135,(지번) 서초동 1322-11,"육류,고기"
377,STORE_SC00378,서초갈비 서초본점,서울 서초구 반포대로 12 2층,(지번) 서초동 1451-77,"육류,고기"
378,STORE_SC00379,맥도날드 양재SK DT점,서울 서초구 바우뫼로 178,(지번) 양재동 81,패스트푸드
379,STORE_SC00380,스타벅스 서울웨이브아트센터점,서울 서초구 잠원동 149,,커피전문점
380,STORE_SC00381,선궁,서울 서초구 반포대로 22 서초평화빌딩 지하1층,(지번) 서초동 1451-34,중화요리
381,STORE_SC00382,하레,서울 서초구 서초중앙로28길 16 1층,(지번) 서초동 1697-11,일본식주점
382,STORE_SC00383,순남시래기 양재점,서울 서초구 강남대로39길 15-10,(지번) 서초동 1363-25,한식
383,STORE_SC00384,김부삼 사당역점,서울 서초구 방배천로4길 20 1~3층,(지번) 방배동 450-7,삼겹살
384,STORE_SC00385,우들목 서초점,서울 서초구 강남대로51길 1 511타워 지하1층,(지번) 서초동 1338-11,"육류,고기"
385,STORE_SC00386,밀갸또,서울 서초구 서초대로58길 37,(지번) 서초동 1668-16,"제과,베이커리"
386,STORE_SC00387,초동집 본점,서울 서초구 방배천로 22,(지번) 방배동 452-5,"육류,고기"
387,STORE_SC00388,영덕집,서울 서초구 강남대로43길 8-3,(지번) 서초2동 1357-64,"해물,생선"
388,STORE_SC00389,푸드더즈매터,서울 서초구 서래로1길 10 1층,(지번) 반포동 97-5,양식
389,STORE_SC00390,돼지대첩,서울 서초구 동산로 13,(지번) 양재동 324-4,"육류,고기"
390,STORE_SC00391,올리앤 양재점,서울 서초구 양재천로15길 1 1층,(지번) 양재동 121-7,패밀리레스토랑
391,STORE_SC00392,어랑생선밥상,서울 서초구 사평대로55길 21-2 1층,(지번) 반포동 739-19,"해물,생선"
392,STORE_SC00393,해물과차돌박이 양재점,서울 서초구 강남대로12길 50 1층,(지번) 양재동 323,한식
393,STORE_SC00394,함평원 서초점,서울 서초구 서초대로 287 석정빌딩 지하1층,(지번) 서초동 1715-9,"육류,고기"
394,STORE_SC00395,우리황소곱창,서울 서초구 방배천로2길 41,(지번) 방배동 448-13,"곱창,막창"
395,STORE_SC00396,경복궁 서초점,"서울 서초구 서초중앙로 195 경복궁빌딩 3,4층",(지번) 반포동 44-5,한정식
396,STORE_SC00397,스마일포장마차,서울 서초구 신반포로 49 반포상가 M동 1층 13호,(지번) 반포동 1166,실내포장마차
397,STORE_SC00398,서래말면옥집,"서울 서초구 사평대로26길 47 1,2층",(지번) 반포동 72-10,냉면
398,STORE_SC00399,스타벅스 강남삼성타운점,서울 서초구 서초대로78길 24,(지번) 서초동 1327-5,커피전문점
399,STORE_SC00400,카페희다,서울 서초구 주흥15길 16-4 1층,(지번) 반포동 701-52,커피전문점
400,STORE_SC00401,대판수사,서울 서초구 방배로10길 10-4,(지번) 방배동 983-3,일식집
401,STORE_SC00402,디저트39 강남역점,서울 서초구 서초대로74길 23 서초타운트라팰리스 108호,(지번) 서초동 1327,디저트카페
402,STORE_SC00403,산도,서울 서초구 서초대로56길 38,(지번) 서초동 1666-12,샌드위치
403,STORE_SC00404,퀸즈가든,서울 서초구 강남대로53길 7 애니타워 지하1층,(지번) 서초동 1330-20,샤브샤브
404,STORE_SC00405,박경자식당,서울 서초구 신반포로47길 9-15 1층,(지번) 잠원동 40-2,술집
405,STORE_SC00406,그림나베 교대역점,서울 서초구 서초대로51길 14,(지번) 서초동 1695-5,일식
406,STORE_SC00407,대촌,서울 서초구 방배중앙로25길 6,(지번) 방배동 768-19,"육류,고기"
407,STORE_SC00408,시골보쌈&감자옹심이 교대점,서울 서초구 서초대로52길 17 창성빌딩 1층,(지번) 서초동 1658-1,"족발,보쌈"
408,STORE_SC00409,육목원,서울 서초구 서초대로78길 46 1층,(지번) 서초동 1330-15,"육류,고기"
409,STORE_SC00410,폴바셋 강남삼성타운점,서울 서초구 서초대로78길 22 홍우제2빌딩 1층,(지번) 서초동 1327-1,커피전문점
410,STORE_SC00411,우와정,서울 서초구 사평대로26길 8 1층,(지번) 반포동 93-3,"육류,고기"
