,store_code,ItemID,address,local,category
0,STORE_GS00001,광고양송곱창,서울 강서구 공항대로46길 56,(지번) 화곡동 1116,"곱창,막창"
1,STORE_GS00002,광고1983영웅고기,서울 강서구 마곡중앙5로1길 20,(지번) 마곡동 365-15,"육류,고기"
2,STORE_GS00003,광고풍천황토민물장어,서울 강서구 양천로 410 108호,(지번) 가양동 54-5,장어
3,STORE_GS00004,고양이정원,서울 강서구 개화동로19길 18 1층,(지번) 개화동 559-49,고양이카페
4,STORE_GS00005,영양족발순대국,서울 강서구 초록마을로2길 48 화곡본동시장 가-3호,(지번) 화곡동 98-154,순대
5,STORE_GS00006,금고깃집 마곡본점,"서울 강서구 마곡동로 61 에이스프라자 109호, 203~205호",(지번) 마곡동 727-595,"육류,고기"
6,STORE_GS00007,유림 가양본점,서울 강서구 양천로61길 90,(지번) 염창동 5-17,닭요리
7,STORE_GS00008,키누카누 발산점,"서울 강서구 공항대로 247 퀸즈파크나인 지하1층 103,104호",(지번) 마곡동 797-1,뷔페
8,STORE_GS00009,조연탄,서울 강서구 곰달래로60길 29,(지번) 화곡동 782-12,"육류,고기"
9,STORE_GS00010,강원도고성막국수,서울 강서구 방화대로49길 6-7,(지번) 방화동 323-6,국수
10,STORE_GS00011,공항칼국수,서울 강서구 공항대로 18-1,(지번) 공항동 49-2,국수
11,STORE_GS00012,무한야끼,서울 강서구 마곡중앙6로 42 사이언스타 212호,(지번) 마곡동 727-1062,"육류,고기"
12,STORE_GS00013,타르데마베이커리,서울 강서구 강서로46길 9 1층,(지번) 내발산동 702-22,"제과,베이커리"
13,STORE_GS00014,백제원 등촌점,서울 강서구 공항대로 367 3층,(지번) 등촌동 661-12,한정식
14,STORE_GS00015,도일처,서울 강서구 개화동로 567,(지번) 방화동 621-19,중화요리
15,STORE_GS00016,꾸이꾸이돼지촌쭈꾸미,서울 강서구 초원로 77,(지번) 방화동 247-10,"육류,고기"
16,STORE_GS00017,등촌칼국수,서울 강서구 화곡로64길 68 1~3층,(지번) 등촌동 654-95,국수
17,STORE_GS00018,옥소반 마곡본점,서울 강서구 마곡중앙6로 45 리더스퀘어 1층 119호,(지번) 마곡동 727-593,일식집
18,STORE_GS00019,마부자생삼겹살김치찌개,서울 강서구 마곡중앙5로 6 마곡나루역보타닉푸르지오시티 1층 119~124호,(지번) 마곡동 367-3,삼겹살
19,STORE_GS00020,발산삼계탕,서울 강서구 강서로 344,(지번) 내발산동 657-1,삼계탕
20,STORE_GS00021,띠아낭,서울 강서구 화곡로64길 72,(지번) 등촌동 654-5,베트남음식
21,STORE_GS00022,봉이밥,서울 강서구 마곡중앙로 171 안강프라이빗2차 1층 103호,(지번) 마곡동 287-1,한식
22,STORE_GS00023,목동분식,서울 강서구 강서로45라길 36,(지번) 내발산동 720,분식
23,STORE_GS00024,뚜스뚜스 등촌점,서울 강서구 공항대로45길 92 1층,(지번) 등촌동 629-7,카페
24,STORE_GS00025,원조수구레,서울 강서구 양천로26길 10-6,(지번) 방화동 179-14,한식
25,STORE_GS00026,긴꼬리초밥,서울 강서구 공항대로 269-15 2층 201호,(지번) 마곡동 727-1206,"초밥,롤"
26,STORE_GS00027,삼정집,서울 강서구 강서로56길 92 1층,(지번) 등촌동 667-1,"육류,고기"
27,STORE_GS00028,카페우드진,서울 강서구 마곡중앙6로 45 리더스퀘어 1층 113호,(지번) 마곡동 727-593,카페
28,STORE_GS00029,강남면옥 마곡점,서울 강서구 마곡동로 55 103호,(지번) 마곡동 774-12,냉면
29,STORE_GS00030,원조나주곰탕,서울 강서구 양천로14길 10 1층,(지번) 방화동 559-1,곰탕
30,STORE_GS00031,냐항바바바,서울 강서구 화곡로64길 16,(지번) 등촌동 656-29,베트남음식
31,STORE_GS00032,이조면옥,서울 강서구 양천로 353,(지번) 가양동 138-11,냉면
32,STORE_GS00033,청산별곡 발산점,서울 강서구 공항대로 290 순봉빌딩 2층 207호,(지번) 내발산동 646-1,한정식
33,STORE_GS00034,닥터로빈 강서점,서울 강서구 공항대로 396,(지번) 화곡동 1094-1,양식
34,STORE_GS00035,원조동글갈비,서울 강서구 화곡로 194-15,(지번) 화곡동 98-238,갈비
35,STORE_GS00036,광주똑순이아구찜,서울 강서구 강서로 375-8 정호빌딩 1층,(지번) 마곡동 722-3,아구
36,STORE_GS00037,다채우렁돌솥쌈밥,서울 강서구 화곡로20길 12,(지번) 화곡동 1072-10,쌈밥
37,STORE_GS00038,코끼리만두,서울 강서구 공항대로51길 27,(지번) 등촌동 654-78,한식
38,STORE_GS00039,고양이똥 3호점,서울 강서구 공항대로45길 30 1층,(지번) 등촌동 655,카페
39,STORE_GS00040,능라도 마곡점,"서울 강서구 마곡동로 56 건와빌딩 2층 202,203호",(지번) 마곡동 797-6,냉면
40,STORE_GS00041,도쿄하나 등촌점,서울 강서구 공항대로 367 2층,(지번) 등촌동 661-12,일식집
41,STORE_GS00042,원조부안집 강서구청점,서울 강서구 화곡로58길 19-5 1층,(지번) 화곡동 1115-4,"육류,고기"
42,STORE_GS00043,백소정 발산역점,서울 강서구 마곡중앙6로 66 퀸즈파크텐 A동 2층 203호,(지번) 마곡동 727-599,"돈까스,우동"
43,STORE_GS00044,원조 양평신내서울해장국 강서양천직영점,서울 강서구 국회대로7길 213,(지번) 화곡동 888-9,해장국
44,STORE_GS00045,갈비생각 발산점,서울 강서구 강서로54길 42 1층,(지번) 등촌동 672,갈비
45,STORE_GS00046,칼스토랑,서울 강서구 방화대로6라길 2 1층,(지번) 공항동 1356-11,국수
46,STORE_GS00047,브루클린커피,서울 강서구 강서로52길 16 1층,(지번) 내발산동 652-1,커피전문점
47,STORE_GS00048,마곡오리,서울 강서구 양천로30길 11,(지번) 마곡동 326-7,오리
48,STORE_GS00049,충북식당,서울 강서구 강서로45가길 9,(지번) 화곡동 1006-5,한식
49,STORE_GS00050,명가냉면,서울 강서구 화곡로 277,(지번) 화곡동 986-16,냉면
50,STORE_GS00051,조선갈비,서울 강서구 공항대로 341,(지번) 등촌동 664-7,갈비
51,STORE_GS00052,샤브20 발산역점,서울 강서구 공항대로 261 2층,(지번) 마곡동 727-1213,샤브샤브
52,STORE_GS00053,강릉엄지네꼬막집 발산점,"서울 강서구 공항대로 291 성원오피스텔 210,211호",(지번) 등촌동 673-6,"해물,생선"
53,STORE_GS00054,도라무통,서울 강서구 곰달래로 163,(지번) 화곡동 159-38,떡볶이
54,STORE_GS00055,도화림,서울 강서구 강서로 391 문영비지웍스 2층 206호,(지번) 마곡동 727-1271,중화요리
55,STORE_GS00056,진미집,서울 강서구 양천로 714,(지번) 염창동 263-5,한식
56,STORE_GS00057,소장식물전,서울 강서구 공항대로2길 36,(지번) 공항동 66-60,카페
57,STORE_GS00058,선식당,서울 강서구 우현로 5,(지번) 화곡동 90-3,양식
58,STORE_GS00059,송쭈집 마곡나루점,서울 강서구 마곡서로 158 마곡센트럴타워2차 2층,(지번) 마곡동 759,"해물,생선"
59,STORE_GS00060,아웃백스테이크하우스 공항점,서울 강서구 마곡중앙6로 16 3층,(지번) 마곡동 727-1087,패밀리레스토랑
60,STORE_GS00061,브런치팩토리,서울 강서구 마곡중앙로 36 마곡엠밸리15단지상가 102호,(지번) 마곡동 721-9,디저트카페
61,STORE_GS00062,우학면옥 마곡점,서울 강서구 공항대로 261 발산파크프라자 2층,(지번) 마곡동 797-4,냉면
62,STORE_GS00063,풍천황토민물장어,서울 강서구 양천로 410 108호,(지번) 가양동 54-5,장어
63,STORE_GS00064,나오키,서울 강서구 강서로56가길 45 르네상스빌딩 1층,(지번) 등촌동 678-1,"초밥,롤"
64,STORE_GS00065,대가원 본점,서울 강서구 공항대로 209 4층 401~405호,(지번) 마곡동 727-1128,"육류,고기"
65,STORE_GS00066,홍춘천치즈닭갈비 마곡지구점,서울 강서구 마곡중앙6로 42 사이언스타 2층 203호,(지번) 마곡동 774-9,닭요리
66,STORE_GS00067,이춘복참치 발산역점,서울 강서구 공항대로 287 화인빌딩 1층,(지번) 등촌동 673-5,참치회
67,STORE_GS00068,인기명 마곡점,서울 강서구 강서로 429 오드카운티1차오피스텔 1층 114호,(지번) 마곡동 727-1234,조개
68,STORE_GS00069,화덕고깃간 마곡발산점,서울 강서구 마곡중앙6로 63 마곡테크노타워 1층 105호,(지번) 마곡동 796-5,"육류,고기"
69,STORE_GS00070,속초그바람에 발산점,서울 강서구 강서로54길 11,(지번) 등촌동 674-2,"해물,생선"
70,STORE_GS00071,숙달돼지 마곡발산점,서울 강서구 강서로 415 갤럭시인텔리젼스 1층 101호,(지번) 마곡동 793-2,"육류,고기"
71,STORE_GS00072,해성식당,서울 강서구 까치산로 193-13 1층,(지번) 화곡동 1114-25,삼겹살
72,STORE_GS00073,어리랑 발산점,서울 강서구 강서로 330 동아빌딩 1층 5~6호,(지번) 내발산동 666-4,회
73,STORE_GS00074,참치왕양승호,"서울 강서구 마곡동로4길 15 엠팰리체 1동 2층 202,203호",(지번) 마곡동 727-1180,참치회
74,STORE_GS00075,르뺑블랑,서울 강서구 강서로47가길 33 덕산빌딩 103호,(지번) 내발산동 701-15,"제과,베이커리"
75,STORE_GS00076,홍린,서울 강서구 우장산로15길 25,(지번) 화곡동 1096-17,중화요리
76,STORE_GS00077,이가바지락손칼국수,서울 강서구 양천로 460 송원빌딩,(지번) 등촌동 65-20,국수
77,STORE_GS00078,발산회관,서울 강서구 강서로 402 재영빌딩 1층,(지번) 등촌동 678-10,"곱창,막창"
78,STORE_GS00079,발산한우진곱창,서울 강서구 강서로 395,(지번) 마곡동 727-1263,"곱창,막창"
79,STORE_GS00080,구도커피,"서울 강서구 등촌로35길 121 1,2층",(지번) 등촌동 565-18,커피전문점
80,STORE_GS00081,선식당,서울 강서구 방화대로34길 96 낙원빌딩 1층,(지번) 방화동 193-3,양식
81,STORE_GS00082,신경섭의인생참치,서울 강서구 마곡동로4길 23 2층,(지번) 마곡동 727-1205,참치회
82,STORE_GS00083,메이필드호텔 봉래헌,서울 강서구 방화대로 94 별관 1층,(지번) 외발산동 426,한정식
83,STORE_GS00084,중식이맛있는집 메이탄 강서점,서울 강서구 강서로 242 강서힐스테이트상가 215호,(지번) 화곡동 1165-1,중화요리
84,STORE_GS00085,블레스롤 마곡나루점,서울 강서구 마곡중앙로 165,(지번) 마곡동 757,디저트카페
85,STORE_GS00086,호우양꼬치 마곡점,서울 강서구 마곡중앙6로 93 열린프라자 2층,(지번) 마곡동 795-7,양꼬치
86,STORE_GS00087,화로상회 가양점,서울 강서구 양천로57길 9-13 가양휴먼빌 1층,(지번) 가양동 1479-9,"육류,고기"
87,STORE_GS00088,오복순대국 등촌직영점,서울 강서구 공항대로45길 5,(지번) 등촌동 656-50,순대
88,STORE_GS00089,사모님짬뽕,서울 강서구 금낭화로18길 10,(지번) 방화동 453-27,중화요리
89,STORE_GS00090,서초면옥 방화점,서울 강서구 양천로 75 1층,(지번) 방화동 450-1,냉면
90,STORE_GS00091,푸주옥,서울 강서구 까치산로 183,(지번) 화곡동 1114-7,설렁탕
91,STORE_GS00092,이층창가,서울 강서구 까치산로 46 2층,(지번) 화곡동 61-28,디저트카페
92,STORE_GS00093,상생삼겹살,"서울 강서구 마곡중앙로 161-8 두산더랜드파크 B동 1층 113, 114호",(지번) 마곡동 757,삼겹살
93,STORE_GS00094,개화산장,서울 강서구 개화동로19길 6-53,(지번) 방화동 503-29,오리
94,STORE_GS00095,천천향화곡양꼬치집,"서울 강서구 강서로7길 28 해태드림타운 1층 101,102호",(지번) 화곡동 900-14,양꼬치
95,STORE_GS00096,광화문살롱,"서울 강서구 공항대로45길 63 1층 105,106호",(지번) 등촌동 639-23,카페
96,STORE_GS00097,스타벅스 화곡DT점,서울 강서구 등촌로 57,(지번) 화곡동 772-67,커피전문점
97,STORE_GS00098,접시고기 본점,서울 강서구 공항대로46길 25-8 1층,(지번) 화곡동 1112-19,"육류,고기"
98,STORE_GS00099,원조소금구이,서울 강서구 곰달래로60길 5 1층,(지번) 화곡동 781-12,"육류,고기"
99,STORE_GS00100,빕스 프리미어 등촌점,서울 강서구 공항대로 311,(지번) 등촌동 669,패밀리레스토랑
100,STORE_GS00101,그랑한우 마곡,서울 강서구 마곡중앙6로 66 퀸즈파크텐 2층 220호,(지번) 마곡동 727-599,"육류,고기"
101,STORE_GS00102,하롱하롱,서울 강서구 마곡서로 152,(지번) 마곡동 365-20,카페
102,STORE_GS00103,일번지생고기 본점,서울 강서구 화곡로 194-5,(지번) 화곡동 98-55,"육류,고기"
103,STORE_GS00104,신촌감자탕해물뼈찜,서울 강서구 강서로 375,(지번) 마곡동 723-1,감자탕
104,STORE_GS00105,라오제카스테라 방화점,서울 강서구 금낭화로 60-3 수진타워 103동 101호,(지번) 방화동 564-85,"제과,베이커리"
105,STORE_GS00106,해바라기정육식당,서울 강서구 화곡로 218,(지번) 화곡동 24-583,"육류,고기"
106,STORE_GS00107,헤리스헤이스,서울 강서구 마곡동로3길 26 103호,(지번) 마곡동 774-5,카페
107,STORE_GS00108,익스큐즈미,서울 강서구 마곡동로 56 건와빌딩 1층,(지번) 마곡동 727-596,카페
108,STORE_GS00109,백순대본가새맛 까치산직영점,서울 강서구 강서로 27 1층,(지번) 화곡동 898-1,순대
109,STORE_GS00110,푸른농장해바라기 화곡점,서울 강서구 곰달래로 141,(지번) 화곡8동 342-49,"육류,고기"
110,STORE_GS00111,화곡미담분식,서울 강서구 강서로7길 15 1층,(지번) 화곡동 902-11,분식
111,STORE_GS00112,차돌집,서울 강서구 방화대로21길 85,(지번) 방화동 611-35,"육류,고기"
112,STORE_GS00113,바스버거 마곡점,서울 강서구 마곡동로 62 마곡 사이언스타워 1층,(지번) 마곡동 727-500,햄버거
113,STORE_GS00114,장어촌민물장어,서울 강서구 강서로52길 34,(지번) 내발산동 652-4,장어
114,STORE_GS00115,땡순이아구찜 마곡본점,서울 강서구 마곡중앙로 161-22 2층 201~207호,(지번) 마곡동 365-25,아구
115,STORE_GS00116,카메야라멘,서울 강서구 강서로 489-4 2층,(지번) 가양동 154-14,일본식라면
116,STORE_GS00117,맥도날드 등촌DT점,서울 강서구 양천로 546,(지번) 등촌동 630,패스트푸드
117,STORE_GS00118,훈장골,서울 강서구 공항대로36길 9,(지번) 내발산동 644-1,갈비
118,STORE_GS00119,스타벅스 마곡사이언스타워R점,서울 강서구 마곡동로 62,(지번) 마곡동 727-500,커피전문점
119,STORE_GS00120,방화동교동짬뽕,서울 강서구 금낭화로24나길 21,(지번) 방화동 323-33,중화요리
120,STORE_GS00121,쭉심 목동사거리점,서울 강서구 등촌로3길 14,(지번) 화곡동 780-27,"해물,생선"
121,STORE_GS00122,설화랑 발산역점,서울 강서구 강서로 381-7 예원빌딩 2층,(지번) 마곡동 722,"육류,고기"
122,STORE_GS00123,마실 발산점,서울 강서구 공항대로 290 2층,(지번) 내발산동 646-1,퓨전한식
123,STORE_GS00124,김희라 한국식왕돈까스,서울 강서구 강서로 201,(지번) 화곡동 1032-25,"돈까스,우동"
124,STORE_GS00125,배진수스시,서울 강서구 마곡중앙6로 76-3,(지번) 마곡동 727-1182,"초밥,롤"
125,STORE_GS00126,스타벅스 방화DT점,서울 강서구 방화대로 375,(지번) 방화동 293-4,커피전문점
126,STORE_GS00127,자이온,"서울 강서구 공항대로61길 10-11 1,2층",(지번) 염창동 273-30,햄버거
127,STORE_GS00128,하영족발과보쌈,서울 강서구 까치산로 163 1층,(지번) 화곡동 1121-11,"족발,보쌈"
128,STORE_GS00129,황소곱창,서울 강서구 공항대로46길 78,(지번) 화곡동 1117-1,"곱창,막창"
129,STORE_GS00130,구구향훠궈 마곡나루역점,서울 강서구 마곡중앙로 171 마곡나루역프라이빗타워2 1층,(지번) 마곡동 288-4,샤브샤브
130,STORE_GS00131,소담촌 화곡점,서울 강서구 화곡로 117 1층,(지번) 화곡동 1068-25,샤브샤브
131,STORE_GS00132,웜테이블,서울 강서구 공항대로49길 5-17,(지번) 등촌동 654-17,이탈리안
132,STORE_GS00133,김종용누룽지통닭 화곡본점,서울 강서구 화곡로 113 1층,(지번) 화곡동 1068-31,닭요리
133,STORE_GS00134,서울미트볼 가양점,서울 강서구 화곡로68길 15 아벨테크노 1층,(지번) 등촌동 628-7,양식
134,STORE_GS00135,신촌기사식당,서울 강서구 방화대로 408 세원빌딩 1층,(지번) 방화동 314-5,기사식당
135,STORE_GS00136,등촌샤브칼국수 등촌점,서울 강서구 강서로56가길 65,(지번) 등촌동 679-1,샤브샤브
136,STORE_GS00137,똑순이막국수,서울 강서구 강서로47길 19,(지번) 내발산동 700,국수
137,STORE_GS00138,카페움플레이트,서울 강서구 마곡중앙1로 72 마곡엠밸리10단지 1014동 상가1층 101호,(지번) 마곡동 747,커피전문점
138,STORE_GS00139,고요베이크샵,서울 강서구 강서로12길 32 상가 101호,(지번) 화곡동 342-107,"제과,베이커리"
139,STORE_GS00140,사쿠라테이엔 마곡나루점,서울 강서구 마곡중앙로 161-8 두산더랜드파크 B동 1층 115호,(지번) 마곡동 289-1,일본식주점
140,STORE_GS00141,스타벅스 마곡나루역점,서울 강서구 마곡중앙로 161-17,(지번) 마곡동 759-3,커피전문점
141,STORE_GS00142,예향정 마곡점,"서울 강서구 마곡중앙로 161-11 힐스테이트에코 2층 A-202, 203호",(지번) 마곡동 365-13,"찌개,전골"
142,STORE_GS00143,탕화쿵푸마라탕 마곡점,서울 강서구 마곡중앙6로 63 마곡테크노타워 1층 103호,(지번) 마곡동 727-498,중화요리
143,STORE_GS00144,착한낙지 등촌점,서울 강서구 공항대로 353,(지번) 등촌동 661-2,"해물,생선"
144,STORE_GS00145,대왕곱창구이,서울 강서구 강서로 22,(지번) 화곡동 894-17,"곱창,막창"
145,STORE_GS00146,긴자스시,서울 강서구 화곡로 142 1층 115호,(지번) 화곡동 1073-10,"초밥,롤"
146,STORE_GS00147,명량간장게장,서울 강서구 마곡중앙6로 21 이너매스마곡 2층 213호,(지번) 마곡동 727-1036,"게,대게"
147,STORE_GS00148,임진강 민물장어,서울 강서구 양천로 723,(지번) 염창동 252-5,장어
148,STORE_GS00149,수초밥,서울 강서구 마곡중앙5로 87,(지번) 마곡동 731-125,"초밥,롤"
149,STORE_GS00150,마곡삼계탕,서울 강서구 공항대로 247 퀸즈파크나인 B동 2층,(지번) 마곡동 727-1176,삼계탕
150,STORE_GS00151,고기원칙 강서구청점,서울 강서구 까치산로27길 23 1층,(지번) 화곡동 1118-4,"육류,고기"
151,STORE_GS00152,버거킹 마곡점,서울 강서구 마곡동로 56,(지번) 마곡동 727-596,패스트푸드
152,STORE_GS00153,교대이층집 발산점,서울 강서구 강서로 381 수창빌딩 2층,(지번) 마곡동 722-1,"육류,고기"
153,STORE_GS00154,개성손만두,서울 강서구 강서로47길 113 성호빌딩 2층 201호,(지번) 내발산동 691,"찌개,전골"
154,STORE_GS00155,명품양꼬치,서울 강서구 화곡로 119 2층 202호,(지번) 화곡동 1068-23,양꼬치
155,STORE_GS00156,열린지혜의맛,서울 강서구 곰달래로 164,(지번) 화곡8동 877-15,이탈리안
156,STORE_GS00157,스타벅스 화곡동점,서울 강서구 화곡로 142,(지번) 화곡동 1073-10,커피전문점
157,STORE_GS00158,오즈테이블 마곡점,서울 강서구 마곡중앙로 56 사이언스타워2 지하1층 104호,(지번) 마곡동 728-233,이탈리안
158,STORE_GS00159,배진수어시장,서울 강서구 마곡중앙6로 66 지하1층,(지번) 마곡동 727-599,회
159,STORE_GS00160,이현우스시,서울 강서구 강서로33길 26 1층,(지번) 화곡동 1050-37,"초밥,롤"
160,STORE_GS00161,빌리엔젤 마곡역점,서울 강서구 마곡중앙로 56,(지번) 마곡동 799-5,카페
161,STORE_GS00162,노브랜드버거 마곡점,서울 강서구 마곡중앙6로 21,(지번) 마곡동 727-1036,패스트푸드
162,STORE_GS00163,마므레크로와상,서울 강서구 공항대로 269-15,(지번) 마곡동 727-1199,"제과,베이커리"
163,STORE_GS00164,안135,서울 강서구 마곡중앙5로 6,(지번) 마곡동 282-3,회
164,STORE_GS00165,리얼파스타 염창점,서울 강서구 공항대로65길 65 1층,(지번) 염창동 266-14,이탈리안
165,STORE_GS00166,스타벅스 발산역점,서울 강서구 강서로 388 1층,(지번) 등촌동 678-14,커피전문점
166,STORE_GS00167,쿠우쿠우 발산점,서울 강서구 마곡중앙6로 93 열린프라자 9층,(지번) 마곡동 727-1264,해산물뷔페
167,STORE_GS00168,다원레스토랑,서울 강서구 공항대로65길 1-5,(지번) 염창동 272-8,양식
168,STORE_GS00169,타이투고 마곡점,서울 강서구 마곡중앙6로 45 리더스퀘어마곡 1층 115호,(지번) 마곡동 727-593,태국음식
169,STORE_GS00170,어다리횟집 발산점,서울 강서구 강서로54길 14,(지번) 등촌동 673-3,일식집
170,STORE_GS00171,신선설농탕 발산역점,서울 강서구 공항대로 323,(지번) 등촌동 668-11,설렁탕
171,STORE_GS00172,쉐드커피,서울 강서구 마곡중앙6로 16 마곡지엠지타워 1층 114호,(지번) 마곡동 727-1078,디저트카페
172,STORE_GS00173,햇빛촌,서울 강서구 강서로54길 102,(지번) 등촌동 668-5,순대
173,STORE_GS00174,월정소나타,서울 강서구 화곡로68길 82 강서아이티밸리 115호,(지번) 등촌동 638-3,"육류,고기"
174,STORE_GS00175,어촌어시장 화곡점,서울 강서구 화곡로 133,(지번) 화곡동 1067-20,회
175,STORE_GS00176,나루터,서울 강서구 공항대로 227 마곡센트럴타워1차 112호,(지번) 마곡동 727-1164,회
176,STORE_GS00177,스타우스,서울 강서구 화곡로58길 22-11,(지번) 화곡동 1120-12,이탈리안
177,STORE_GS00178,오페라하우소,서울 강서구 마곡중앙6로 21 이너매스마곡 2층 214~216호,(지번) 마곡동 727-1036,"육류,고기"
178,STORE_GS00179,군자대한곱창 마곡나루점,서울 강서구 마곡중앙로 161-8 B동 109~110호,(지번) 마곡동 289-1,"곱창,막창"
179,STORE_GS00180,태문네,서울 강서구 양천로28길 40,(지번) 방화동 189-59,한식
180,STORE_GS00181,인라이크,서울 강서구 양천로30길 103,(지번) 마곡동 348-3,디저트카페
181,STORE_GS00182,맥도날드 염창DT점,서울 강서구 공항대로71길 3,(지번) 염창동 280-11,패스트푸드
182,STORE_GS00183,레스트747,서울 강서구 마곡중앙1로 72 1층 104호,(지번) 마곡동 747,이탈리안
183,STORE_GS00184,황금오리농장,서울 강서구 까치산로 136,(지번) 화곡동 958-13,오리
184,STORE_GS00185,여가반상,서울 강서구 마곡중앙6로 85 마곡사이언스파크뷰 2층,(지번) 마곡동 727-1201,한식
185,STORE_GS00186,써브웨이 발산역점,서울 강서구 마곡중앙6로 93,(지번) 마곡동 727-1265,샌드위치
186,STORE_GS00187,쭈퐁 등촌본점,서울 강서구 공항대로45길 44 1층,(지번) 등촌동 641-11,"해물,생선"
187,STORE_GS00188,eert 마곡점,서울 강서구 마곡동로 55 2층,(지번) 마곡동 727-1144,카페
188,STORE_GS00189,라라코스트 화곡메가스퀘어점,서울 강서구 화곡로 142 3층,(지번) 화곡동 1073-10,패밀리레스토랑
189,STORE_GS00190,할매칼국수,서울 강서구 월정로 108 해창위너스빌 1층,(지번) 화곡동 936-12,국수
190,STORE_GS00191,벌툰 까치산역점,서울 강서구 강서로 43 2층 201호,(지번) 화곡동 343-52,만화카페
191,STORE_GS00192,본가왕해물찜 강서점,서울 강서구 강서로5나길 82,(지번) 화곡동 913-9,"해물,생선"
192,STORE_GS00193,조개를탐하다,"서울 강서구 강서로 419 유림트윈파크 1층 115,116호",(지번) 마곡동 727-1241,조개
193,STORE_GS00194,나라구한닭 정통닭갈비,서울 강서구 곰달래로24길 18 1층,(지번) 화곡동 899-6,닭요리
194,STORE_GS00195,방화동쭈꾸미마을 방화본점,서울 강서구 금낭화로15길 12,(지번) 방화동 451-8,"해물,생선"
195,STORE_GS00196,모락우동,서울 강서구 공항대로59가길 23 1층,(지번) 등촌동 647-74,"돈까스,우동"
196,STORE_GS00197,김가네설렁탕,서울 강서구 방화동로 52,(지번) 방화동 609-201,설렁탕
197,STORE_GS00198,특별하면돼지 2호점,서울 강서구 곰달래로60길 33 1층,(지번) 화곡동 782-11,"육류,고기"
198,STORE_GS00199,진화쿵푸마라탕 발산역점,서울 강서구 강서로 385 105호,(지번) 마곡동 727-1274,중화요리
199,STORE_GS00200,팥장군,서울 강서구 곰달래로 155-1,(지번) 화곡동 391-55,한식
200,STORE_GS00201,전설의 스테이크갈비,서울 강서구 마곡중앙6로 45 리더스퀘어마곡 1층 130~132호,(지번) 마곡동 727-593,갈비
201,STORE_GS00202,스시쇼쿠닌,서울 강서구 강서로17길 36 1층 102호,(지번) 화곡동 353-36,"초밥,롤"
202,STORE_GS00203,오백년장어,서울 강서구 공항대로 367,(지번) 등촌동 661-12,장어
203,STORE_GS00204,맛찬들왕소금구이 발산역점,서울 강서구 강서로 375-7,(지번) 마곡동 723,"육류,고기"
204,STORE_GS00205,오재영스시,서울 강서구 까치산로2길 4,(지번) 화곡동 105-373,"초밥,롤"
205,STORE_GS00206,돼지래스토랑 셋째,서울 강서구 마곡서로 152 두산더랜드타워 B동 3층 301~303호,(지번) 마곡동 759-1,"육류,고기"
206,STORE_GS00207,스타벅스 마곡역점,서울 강서구 공항대로 168 101~105호,(지번) 마곡동 728-234,커피전문점
207,STORE_GS00208,수한무닭칼국수 화곡직영점,서울 강서구 화곡로21길 21 1층,(지번) 화곡동 1047-29,국수
208,STORE_GS00209,황금코다리 마곡점,서울 강서구 마곡동로 62 2층,(지번) 마곡동 727-500,"해물,생선"
209,STORE_GS00210,미전옥,서울 강서구 공항대로45나길 41 1층,(지번) 등촌동 655-21,일식
210,STORE_GS00211,백두한우곱창전문,서울 강서구 공항대로 291 등촌동성원상떼뷰오피스텔 1층,(지번) 등촌동 673-6,"곱창,막창"
211,STORE_GS00212,강서복집,서울 강서구 공항대로59길 8 1층 2층,(지번) 등촌1동 648,복어
212,STORE_GS00213,화로구이,서울 강서구 강서로 374,(지번) 등촌동 673,"육류,고기"
213,STORE_GS00214,신고집해물찜 화곡점,서울 강서구 강서로 188,(지번) 화곡동 1052,"해물,생선"
214,STORE_GS00215,달인대보손칼국수,서울 강서구 마곡중앙5로 6 마곡나루역보타닉푸르지오시티 2층 211호,(지번) 마곡동 282-1,국수
215,STORE_GS00216,야끼화로 발산점,서울 강서구 강서로56길 24,(지번) 등촌동 674-6,"육류,고기"
216,STORE_GS00217,의성식당,서울 강서구 공항대로59가길 25-6,(지번) 등촌동 647-84,국수
217,STORE_GS00218,벌툰 마곡발산점,"서울 강서구 공항대로 247 퀸즈파크나인 A동 401, 402호",(지번) 마곡동 727-1176,만화카페
218,STORE_GS00219,이태리부대찌개 발산점,서울 강서구 마곡중앙6로 66 퀸즈파크텐 B동 B103호,(지번) 마곡동 797-7,"찌개,전골"
219,STORE_GS00220,펠어커피초코 마곡점,서울 강서구 강서로 399 마곡하이마루 1층 108호,(지번) 마곡동 727-1263,카페
220,STORE_GS00221,소담촌 마곡점,서울 강서구 마곡중앙6로 93 열린프라자 4층 403호,(지번) 마곡동 795-7,샤브샤브
221,STORE_GS00222,생고기제작소 내발산점,서울 강서구 강서로45길 174 2층,(지번) 내발산동 689-1,"육류,고기"
222,STORE_GS00223,삼국지종합어시장,서울 강서구 강서로54길 17,(지번) 등촌동 674-4,회
223,STORE_GS00224,모락우동,서울 강서구 화곡로64길 58,(지번) 등촌동 655-20,"돈까스,우동"
224,STORE_GS00225,스타벅스 가양역점,서울 강서구 양천로 476,(지번) 등촌동 73-1,커피전문점
225,STORE_GS00226,매드포갈릭 발산점,서울 강서구 공항대로 300,(지번) 내발산동 647-1,패밀리레스토랑
226,STORE_GS00227,애월식당 마곡점,서울 강서구 공항대로 227 마곡센트럴타워 1층,(지번) 마곡동 774-4,"육류,고기"
227,STORE_GS00228,맥도날드 송정역점,서울 강서구 공항대로 21,(지번) 공항동 45-38,패스트푸드
228,STORE_GS00229,더뻘,서울 강서구 공항대로45길 68-6,(지번) 등촌동 638,조개
229,STORE_GS00230,진주꼬리곰탕,서울 강서구 화곡로68길 15,(지번) 등촌동 628-7,곰탕
230,STORE_GS00231,명가원설농탕 화곡점,서울 강서구 강서로 195,(지번) 화곡동 1032-19,설렁탕
231,STORE_GS00232,등초마라탕 마곡발산점,서울 강서구 공항대로 237 1층,(지번) 마곡동 727-1166,중식
232,STORE_GS00233,김종용누룽지통닭 등촌점,서울 강서구 공항대로61길 21,(지번) 등촌동 647-86,치킨
233,STORE_GS00234,대게나라 발산점,서울 강서구 공항대로 290 1층,(지번) 내발산동 646-1,"게,대게"
234,STORE_GS00235,카페비쥬,서울 강서구 강서로47다길 17,(지번) 내발산동 699-9,카페
235,STORE_GS00236,단골손님 강서구청점,서울 강서구 공항대로46길 65 2층,(지번) 화곡동 1115-10,"호프,요리주점"
236,STORE_GS00237,카이조쿠 마곡점,서울 강서구 마곡중앙6로 16 마곡지엠지타워,(지번) 마곡동 773-2,일본식라면
237,STORE_GS00238,런던스테이크,서울 강서구 공항대로 269-15 힐스테이트에코마곡 202호,(지번) 마곡동 727-1206,"스테이크,립"
238,STORE_GS00239,빵쌤 마곡점,서울 강서구 마곡중앙로 59-5 1층,(지번) 마곡동 728-238,"제과,베이커리"
239,STORE_GS00240,개성집,서울 강서구 화곡로58길 30,(지번) 화곡동 1120-1,갈비
240,STORE_GS00241,KFC 목동사거리점,서울 강서구 등촌로 19,(지번) 화곡동 781-4,패스트푸드
241,STORE_GS00242,더족발 가양점,서울 강서구 양천로57길 10-20 이스타빌 1차,(지번) 가양동 1480-5,"족발,보쌈"
242,STORE_GS00243,스타벅스 마곡GMG점,서울 강서구 마곡중앙6로 16 117~120호,(지번) 마곡동 773-2,커피전문점
243,STORE_GS00244,우리콩짬뽕순두부,서울 강서구 마곡중앙6로 40,(지번) 마곡동 774,두부전문점
244,STORE_GS00245,도쿄파스타,서울 강서구 강서로 385 우성에스비타워 2층 203호,(지번) 마곡동 794-1,이탈리안
245,STORE_GS00246,신선설농탕 화곡역점,서울 강서구 화곡로 148,(지번) 화곡동 1074,설렁탕
246,STORE_GS00247,삼순이게장,서울 강서구 방화동로 56,(지번) 방화동 609-30,"게,대게"
247,STORE_GS00248,다케,서울 강서구 초록마을로2길 50 풍전빌라,(지번) 화곡동 98-155,일본식주점
248,STORE_GS00249,김용기과자점 본점,서울 강서구 송정로 65,(지번) 공항동 53-51,"제과,베이커리"
249,STORE_GS00250,소심당,서울 강서구 화곡로23길 32 102호,(지번) 화곡동 1033-12,"제과,베이커리"
250,STORE_GS00251,어사출또 강서구청점,"서울 강서구 공항대로46길 51 1, 2층",(지번) 화곡동 1112-12,회
251,STORE_GS00252,양송곱창,서울 강서구 공항대로46길 56,(지번) 화곡동 1116,"곱창,막창"
252,STORE_GS00253,만년닭강정 화곡점,서울 강서구 곰달래로51길 23 1층,(지번) 화곡동 831-9,닭강정
253,STORE_GS00254,동양식당 마곡점,서울 강서구 마곡중앙5로1길 20 2층,(지번) 마곡동 365-15,퓨전요리
254,STORE_GS00255,김순옥들내음 본점,서울 강서구 금낭화로24길 29-13 1층,(지번) 방화동 350,수제비
255,STORE_GS00256,오늘와인한잔 발산역점,서울 강서구 마곡동로4길 15 1층 112호,(지번) 마곡동 727-1180,와인바
256,STORE_GS00257,금고깃집 발산직영점,서울 강서구 마곡중앙8로 90,(지번) 마곡동 727-1199,"육류,고기"
257,STORE_GS00258,가랑삼계탕 마곡점,서울 강서구 마곡동로 62 마곡사이언스타워 3층,(지번) 마곡동 727-500,삼계탕
258,STORE_GS00259,해물과차돌박이,"서울 강서구 마곡중앙8로 90 마곡아이파크 1층 121,122호",(지번) 마곡동 795-2,"육류,고기"
259,STORE_GS00260,참치예담,서울 강서구 마곡중앙5로1길 20 보타닉비즈타워 2층 201~202호,(지번) 마곡동 757-3,참치회
260,STORE_GS00261,쓰부,서울 강서구 강서로56가길 63 상원빌딩 1층,(지번) 등촌동 679-2,중식
261,STORE_GS00262,봉봉키즈 강서점,서울 강서구 마곡중앙6로 65 지투프라자 5층 504~506호,(지번) 마곡동 796-6,키즈카페
262,STORE_GS00263,배꼽집 발산점,서울 강서구 강서로 385 우성에스비타워 2층,(지번) 마곡동 727-1274,"육류,고기"
263,STORE_GS00264,신당동즉석떡볶이,서울 강서구 공항대로 423,(지번) 등촌동 655-37,떡볶이
264,STORE_GS00265,랑월,서울 강서구 마곡중앙6로 66 퀸즈파크텐 2층 206호,(지번) 마곡동 797-8,중화요리
265,STORE_GS00266,이치방라멘,서울 강서구 강서로 271 1층,(지번) 내발산동 719-5,일본식라면
266,STORE_GS00267,은수네초밥,서울 강서구 등촌로 225-1 1층,(지번) 등촌동 507-5,"초밥,롤"
267,STORE_GS00268,초애삼계탕 마곡점,서울 강서구 공항대로 205 SH빌딩 3층,(지번) 마곡동 727-1123,삼계탕
268,STORE_GS00269,80년전통원조순대국,서울 강서구 방화대로6가길 34,(지번) 공항동 1364-6,순대
269,STORE_GS00270,라까사,서울 강서구 마곡중앙8로 90 마곡아이파크 201호,(지번) 마곡동 795-2,이탈리안
270,STORE_GS00271,더블랙,서울 강서구 공항대로 269-15 2층 214호,(지번) 마곡동 797-14,"육류,고기"
271,STORE_GS00272,도쿄화로,서울 강서구 까치산로 180,(지번) 화곡동 1129-22,일식
272,STORE_GS00273,매화양꼬치 강서구청점,서울 강서구 화곡로60길 20,(지번) 화곡동 1115,양꼬치
273,STORE_GS00274,하루,서울 강서구 월정로 114-1,(지번) 화곡동 937-15,회
274,STORE_GS00275,역전할머니맥주 강서구청점,서울 강서구 화곡로58길 22-3 1층,(지번) 화곡동 1120-13,"호프,요리주점"
275,STORE_GS00276,디저트39 마곡나루역점,서울 강서구 마곡중앙로 161-11 힐스테이트에코마곡나루역라마다앙코르서울 A동 1층 126호,(지번) 마곡동 760-1,디저트카페
276,STORE_GS00277,홍차이 발산본점,서울 강서구 마곡중앙8로 90 마곡아이파크 2층,(지번) 마곡동 727-1199,중화요리
277,STORE_GS00278,형제돈부리,서울 강서구 마곡중앙로 161-8 A동 221호,(지번) 마곡동 365-15,"돈까스,우동"
278,STORE_GS00279,세광양대창 발산마곡점,서울 강서구 마곡중앙6로 89 뉴골든타워 1동 1층,(지번) 마곡동 727-1198,"곱창,막창"
279,STORE_GS00280,이가네양갈비양꼬치,서울 강서구 마곡동로 62 마곡사이언스타워 2층 209호,(지번) 마곡동 796-3,양꼬치
280,STORE_GS00281,소백양샤브샤브전문점 21호점,서울 강서구 강서로5나길 74 1층,(지번) 화곡동 913-3,샤브샤브
281,STORE_GS00282,나우니스,서울 강서구 마곡중앙로 161-11 라마다앙코르 서울마곡호텔 2층 201호,(지번) 마곡동 365-14,햄버거
282,STORE_GS00283,왕장군주먹고기 방화점,서울 강서구 방화대로 337,(지번) 방화1동 259-3,"육류,고기"
283,STORE_GS00284,아프리카커피,서울 강서구 공항대로46길 89,(지번) 화곡동 1119-13,커피전문점
284,STORE_GS00285,와카츠,서울 강서구 강서로17길 16 1층,(지번) 화곡동 349-25,"돈까스,우동"
285,STORE_GS00286,조연탄함흥냉면,서울 강서구 곰달래로60길 27 1층,(지번) 화곡동 782-13,냉면
286,STORE_GS00287,닭한마리칼국수 본점,서울 강서구 강서로17길 125,(지번) 화곡동 358-7,닭요리
287,STORE_GS00288,미스터힐링 마곡발산역점,서울 강서구 마곡중앙6로 93 열린프라자 4층,(지번) 마곡동 795-7,테마카페
288,STORE_GS00289,카페소금다방,서울 강서구 공항대로61길 42,(지번) 염창동 271,카페
289,STORE_GS00290,RD42,서울 강서구 마곡중앙6로 42 사이언스타 3층 303호,(지번) 마곡동 727-1062,와인바
290,STORE_GS00291,장성양갈비 송정점,서울 강서구 공항대로 46,(지번) 공항동 34-83,양꼬치
291,STORE_GS00292,센다이참치,서울 강서구 강서로5나길 15,(지번) 화곡동 908-19,참치회
292,STORE_GS00293,코끼리한상 강서직영점,서울 강서구 화곡로64길 50,(지번) 등촌동 655-46,"육류,고기"
293,STORE_GS00294,신선,서울 강서구 마곡동로 62 마곡사이언스타워 208호,(지번) 마곡동 796-3,중화요리
294,STORE_GS00295,맥켄지커피 까치산역점,서울 강서구 강서로 47-6,(지번) 화곡동 343-3,카페
295,STORE_GS00296,해누리,서울 강서구 공항대로59가길 17 1층,(지번) 등촌동 647-64,"육류,고기"
296,STORE_GS00297,후라토식당 발산역점,서울 강서구 공항대로 269-15,(지번) 마곡동 797-14,일식
297,STORE_GS00298,카카오독애견카페 목동점,서울 강서구 곰달래로60길 33,(지번) 화곡동 782-11,애견카페
298,STORE_GS00299,방화동족발,서울 강서구 금낭화로15길 16 새로나음 1층 102호,(지번) 방화동 899,"족발,보쌈"
299,STORE_GS00300,삐삐,서울 강서구 강서로54길 93 1층,(지번) 등촌동 667-15,디저트카페
300,STORE_GS00301,오봉집,서울 강서구 마곡동로4길 15 2층,(지번) 마곡동 727-1180,한식
301,STORE_GS00302,일층집의정부부대찌개,서울 강서구 화곡로26가길 32,(지번) 화곡동 1074-2,"찌개,전골"
302,STORE_GS00303,은행골 마곡1호점,서울 강서구 마곡동로 62 마곡사이언스타워 1층 105호,(지번) 마곡동 727-500,"초밥,롤"
303,STORE_GS00304,한우등촌골,서울 강서구 등촌로 201,(지번) 등촌동 511-1,"육류,고기"
304,STORE_GS00305,고기싸롱 화곡역점,서울 강서구 화곡로 117-1,(지번) 화곡동 1068-24,"육류,고기"
305,STORE_GS00306,설빙 서울화곡역점,서울 강서구 화곡로 161 대성빌딩 2층,(지번) 화곡동 1065-17,디저트카페
306,STORE_GS00307,조선화로집 마곡센트럴점,서울 강서구 공항대로 227 1층,(지번) 마곡동 727-1164,"육류,고기"
307,STORE_GS00308,이케맨,서울 강서구 양천로71길 38 월드메르디앙아파트상가 1층 101호,(지번) 염창동 297,일본식주점
308,STORE_GS00309,짬뽕타임 가양점,서울 강서구 양천로 410,(지번) 가양동 54-5,중화요리
309,STORE_GS00310,갑오곱창,서울 강서구 강서로74길 8 1층,(지번) 가양동 161-3,"곱창,막창"
310,STORE_GS00311,투썸플레이스 발산역점,서울 강서구 마곡중앙6로 93 열린프라자 1층,(지번) 마곡동 727-1265,커피전문점
311,STORE_GS00312,스타벅스 양천향교역점,서울 강서구 강서로 463,(지번) 마곡동 727-26,커피전문점
312,STORE_GS00313,헬로비에트,서울 강서구 화곡로25길 25 1층,(지번) 화곡동 1049-37,베트남음식
313,STORE_GS00314,마늘 막창구이가 떴다,서울 강서구 강서로17길 140,(지번) 화곡동 359-65,"곱창,막창"
314,STORE_GS00315,투썸플레이스 등촌역점,서울 강서구 공항대로 519 1층,(지번) 등촌동 648-4,커피전문점
315,STORE_GS00316,떼헤브,서울 강서구 마곡서로 175 마곡엠밸리4단지상가동 102호,(지번) 마곡동 337-11,카페
316,STORE_GS00317,서울정육점,서울 강서구 마곡중앙8로 90 마곡아이파크 1층 119호,(지번) 마곡동 727-1199,"육류,고기"
317,STORE_GS00318,비행기탄꼬꼬 누룽지통닭 송정역점,서울 강서구 공항대로 14-1 1층,(지번) 공항동 72-30,닭요리
318,STORE_GS00319,꽃향기,서울 강서구 화곡로 142 KS프리미어 3층,(지번) 화곡동 1073-10,샤브샤브
319,STORE_GS00320,푸라닭치킨 화곡역점,서울 강서구 화곡로 139,(지번) 화곡동 1066-2,치킨
320,STORE_GS00321,대문안감자탕&설렁탕 발산직영점,서울 강서구 강서로 303,(지번) 내발산동 678-8,감자탕
321,STORE_GS00322,도야지,서울 강서구 마곡중앙6로 45 리더스퀘어마곡 120호,(지번) 마곡동 727-593,"육류,고기"
322,STORE_GS00323,명륜진사갈비 서울화곡본점,서울 강서구 곰달래로 258,(지번) 화곡동 796-17,갈비
323,STORE_GS00324,매운양푼왕갈비,서울 강서구 강서로7길 20,(지번) 화곡동 899-10,갈비
324,STORE_GS00325,비엔나커피하우스 마곡나루역점,서울 강서구 마곡중앙5로1길 20 219호,(지번) 마곡동 365-15,커피전문점
325,STORE_GS00326,곱창시대,서울 강서구 마곡동로4길 15 엠팰리체 1층 108호,(지번) 마곡동 797-10,"곱창,막창"
326,STORE_GS00327,풍천숯불민물장어,서울 강서구 초록마을로 6,(지번) 화곡동 70-20,장어
327,STORE_GS00328,정동필참치 화곡본점,서울 강서구 화곡로58길 30 2층,(지번) 화곡동 1120-1,참치회
328,STORE_GS00329,카페드도서관,서울 강서구 강서로 385 우성에스비타워 10층,(지번) 마곡동 794-1,만화카페
329,STORE_GS00330,송원참치,서울 강서구 공항대로59가길 7-1 1층,(지번) 등촌동 647-53,참치회
330,STORE_GS00331,마반장 화곡본점,서울 강서구 강서로45길 19,(지번) 화곡동 1007,한식
331,STORE_GS00332,골목집,서울 강서구 공항대로 643 1층,(지번) 염창동 282-11,"찌개,전골"
332,STORE_GS00333,투썸플레이스 마곡나루역점,"서울 강서구 마곡중앙5로 6 157,158, 239, 240호",(지번) 마곡동 280-3,커피전문점
333,STORE_GS00334,제일식당,서울 강서구 양천로 443-36,(지번) 가양동 1479-3,한식
334,STORE_GS00335,차영자천년묵은지닭볶음탕 본점,서울 강서구 화곡로21길 17 1층,(지번) 화곡동 1047-35,닭요리
335,STORE_GS00336,천사곱창 마곡점,서울 강서구 공항대로 195 132호,(지번) 마곡동 727-1082,"곱창,막창"
336,STORE_GS00337,연희김밥 마곡나루점,서울 강서구 마곡중앙5로1길 20,(지번) 마곡동 757-3,분식
337,STORE_GS00338,막푸줏간 마곡점,서울 강서구 공항대로 269-15 1층 125호,(지번) 마곡동 727-1206,"육류,고기"
338,STORE_GS00339,교촌치킨 등촌점,"서울 강서구 공항대로 509 우림보보카운티뷰 1동 1층 108-1,2호",(지번) 등촌동 649-14,치킨
339,STORE_GS00340,봉스시 마곡점,서울 강서구 공항대로 195 힐스테이트 에코동익 101동 2층 220호,(지번) 마곡동 727-1073,"초밥,롤"
340,STORE_GS00341,굴천지&초계국수 화곡직영점,서울 강서구 강서로33길 24 해피빌딩 1층,(지번) 화곡동 1050-36,국수
341,STORE_GS00342,이름없는파스타 우장산역점,서울 강서구 강서로45가길 19,(지번) 화곡동 1006-13,이탈리안
342,STORE_GS00343,커피볶는곤이네집,서울 강서구 곰달래로 116-1,(지번) 화곡1동 899-29,커피전문점
343,STORE_GS00344,투썸플레이스 까치산역점,서울 강서구 강서로 43 도양라비앙타워,(지번) 화곡동 343-52,커피전문점
344,STORE_GS00345,황소곱창 강서구청점,서울 강서구 화곡로60길 30 1층,(지번) 화곡동 1115-22,"곱창,막창"
345,STORE_GS00346,화곡손돈까스,서울 강서구 화곡로 194-52,(지번) 화곡동 98-235,"돈까스,우동"
346,STORE_GS00347,다래정연탄불생고기,서울 강서구 강서로74길 17,(지번) 가양동 131-5,"육류,고기"
347,STORE_GS00348,약속의땅 생고기전문점,서울 강서구 강서로5나길 11,(지번) 화곡동 908-32,"육류,고기"
348,STORE_GS00349,캐시아커피하우스,서울 강서구 강서로56가길 141 KM빌딩 1층,(지번) 등촌동 683-2,카페
349,STORE_GS00350,동아풍천민물장어,서울 강서구 양천로 731 염창동아3차아파트 303동상가,(지번) 염창동 258-1,장어
350,STORE_GS00351,눈꽃한우,서울 강서구 공항대로 290 1층,(지번) 내발산동 646-1,"육류,고기"
351,STORE_GS00352,청북경오리,서울 강서구 마곡동로4길 15 엠팰리체 3층 302~304호,(지번) 마곡동 797-10,오리
352,STORE_GS00353,서가앤쿡 서울마곡점,서울 강서구 마곡동로 55 마커스빌딩 2층,(지번) 마곡동 774-12,양식
353,STORE_GS00354,투뿔소 마곡점,"서울 강서구 강서로 395 플레이스에이치 305,306호",(지번) 마곡동 793-9,"육류,고기"
354,STORE_GS00355,피쉬앤스시 염창점,서울 강서구 양천로 690 1층,(지번) 염창동 264-6,회
355,STORE_GS00356,스타벅스 염창역점,서울 강서구 공항대로 627 대신빌딩 1층,(지번) 염창동 282-23,커피전문점
356,STORE_GS00357,명동김밥,서울 강서구 강서로12길 5-6,(지번) 화곡동 341-57,분식
357,STORE_GS00358,남춘네숯불닭갈비,서울 강서구 등촌로 47-1 1층,(지번) 화곡동 775-2,닭요리
358,STORE_GS00359,명태어장 곰달래점,서울 강서구 곰달래로 244,(지번) 화곡동 793-1,"해물,생선"
359,STORE_GS00360,송화강명품양꼬치 마곡점,"서울 강서구 마곡중앙로 161-1 마곡나루역캐슬파크 1층 105,106호",(지번) 마곡동 282-1,양꼬치
360,STORE_GS00361,이치류양심 마곡점,서울 강서구 마곡중앙6로 45 1층 101호,(지번) 마곡동 727-593,일식
361,STORE_GS00362,춘천무쇠닭갈비 까치산역점,서울 강서구 곰달래로 147-1,(지번) 화곡동 391-61,닭요리
362,STORE_GS00363,홍성원 마곡점,서울 강서구 공항대로 206,(지번) 마곡동 728-159,중화요리
363,STORE_GS00364,짚신매운갈비찜 강서구청점,서울 강서구 화곡로58길 25-5,(지번) 화곡동 1115-25,갈비
364,STORE_GS00365,용대리황태세상,서울 강서구 양천로49길 20 닛시빌딩 B동 1층,(지번) 가양동 154-5,"해물,생선"
365,STORE_GS00366,올리앤 서울마곡점,서울 강서구 수명로 68-35 2층 202호,(지번) 내발산동 750-10,이탈리안
366,STORE_GS00367,저스트텐동 마곡점,서울 강서구 마곡중앙6로 42,(지번) 마곡동 727-1144,일식
367,STORE_GS00368,순흥골 등촌직영점,서울 강서구 양천로 608,(지번) 등촌동 632-10,갈비
368,STORE_GS00369,매향,서울 강서구 화곡로56길 29,(지번) 화곡동 1118-14,중화요리
369,STORE_GS00370,커피쿡 발산점,서울 강서구 강서로56가길 35 에이치투아이앤티 빌딩 1층,(지번) 등촌동 678-5,커피전문점
370,STORE_GS00371,써브웨이 화곡역점,서울 강서구 강서로 159-1,(지번) 화곡동 1075-13,샌드위치
371,STORE_GS00372,갓덴스시 롯데몰김포공항점,서울 강서구 하늘길 38 GF층,(지번) 방화동 886,"초밥,롤"
372,STORE_GS00373,이모네돼지갈비,서울 강서구 화곡로60길 26 1층,(지번) 화곡동 1115-23,갈비
373,STORE_GS00374,밀회관 마곡나루점,서울 강서구 마곡중앙로 161-11 1층,(지번) 마곡동 365-13,"호프,요리주점"
374,STORE_GS00375,다루마,서울 강서구 마곡중앙5로1길 21 럭스나인오피스텔 N동 2층 201호,(지번) 마곡동 365-24,일식
375,STORE_GS00376,와밀,서울 강서구 마곡동로10길 23 마곡파크뷰대방디엠시티오피스텔 1층 105호,(지번) 마곡동 727-112,카페
376,STORE_GS00377,해촌칼국수,서울 강서구 강서로 348 우장산힐스테이트상가 2동 102호,(지번) 내발산동 657,국수
377,STORE_GS00378,염소본가,서울 강서구 공항대로65길 10,(지번) 염창동 275-16,"육류,고기"
378,STORE_GS00379,명태명가 강서직영점,서울 강서구 강서로56길 96,(지번) 등촌동 667-2,"해물,생선"
379,STORE_GS00380,미분당 마곡점,서울 강서구 마곡중앙6로 21 이너매스마곡1차 1층 119호,(지번) 마곡동 727-1036,베트남음식
380,STORE_GS00381,박가네소금구이,서울 강서구 강서로5나길 124 1동 1층,(지번) 화곡동 928-7,"육류,고기"
381,STORE_GS00382,제이미피자,서울 강서구 화곡로 198 2층,(지번) 화곡본동 109-33,피자
382,STORE_GS00383,호현돈까스,서울 강서구 강서로 416 호서프라자 1층 110호,(지번) 등촌동 680-3,"돈까스,우동"
383,STORE_GS00384,원당곱창,서울 강서구 강서로 379 1층,(지번) 마곡동 722-2,"곱창,막창"
384,STORE_GS00385,피셔바 화곡점,서울 강서구 강서로5나길 16 1층,(지번) 화곡동 904-12,회
385,STORE_GS00386,보승회관 마곡점,"서울 강서구 마곡중앙6로 16 마곡GMG타워 1층 104,105호",(지번) 마곡동 773-2,국밥
386,STORE_GS00387,등촌정육식당,서울 강서구 공항대로59길 75 나동 1~2층,(지번) 등촌동 635-9,"육류,고기"
387,STORE_GS00388,예진닭한마리산낙지 서울본점,서울 강서구 화곡로58길 33,(지번) 화곡동 1115-18,닭요리
388,STORE_GS00389,꿀팟만화보드카페,서울 강서구 마곡중앙로 161-17 보타닉파크타워1 지하1층 B112호,(지번) 마곡동 365-19,만화카페
389,STORE_GS00390,79파운야드 마곡점,서울 강서구 마곡중앙6로 66 퀸즈파크텐 1층 107호,(지번) 마곡동 727-599,디저트카페
390,STORE_GS00391,KFC 화곡역점,서울 강서구 강서로 162 다온빌딩 1층,(지번) 화곡동 1076-19,패스트푸드
391,STORE_GS00392,위드키즈 강서점,서울 강서구 양천로67길 99 5층,(지번) 염창동 75-8,키즈카페
392,STORE_GS00393,설빙 서울가양점,서울 강서구 양천로 504 청산빌딩 2층,(지번) 등촌동 628-11,디저트카페
393,STORE_GS00394,양촌리,서울 강서구 화곡로 109,(지번) 화곡동 1069-3,갈비
394,STORE_GS00395,OMW애견카페,서울 강서구 화곡로 194-26 1층,(지번) 화곡동 107-13,애견카페
395,STORE_GS00396,한우한마리 장어나라,"서울 강서구 강서로5나길 65 1,2층",(지번) 화곡동 910-23,"육류,고기"
396,STORE_GS00397,미남대게 발산점,서울 강서구 강서로 395 플레이스에이치 2층 206호,(지번) 마곡동 793-9,"게,대게"
397,STORE_GS00398,선주가 본점,서울 강서구 마곡중앙로 161-1 1층 111호,(지번) 마곡동 282-1,"호프,요리주점"
398,STORE_GS00399,로얄스퀘어호텔 서울 로얄스테이크하우스&피자,서울 강서구 공항대로 30 1층,(지번) 공항동 1375,이탈리안
399,STORE_GS00400,빅소이 등촌본점,서울 강서구 화곡로68길 82 강서아이티밸리 1층 114호,(지번) 등촌동 638-3,태국음식
400,STORE_GS00401,늘상식당 강서구청점,서울 강서구 화곡로58길 22-14,(지번) 화곡동 1119-7,"육류,고기"
401,STORE_GS00402,미스터피자 발산점,서울 강서구 강서로 281,(지번) 내발산동 701-14,피자
402,STORE_GS00403,화끈한돼지집 본점,서울 강서구 공항대로 247 퀸즈파크나인 1층 123호,(지번) 마곡동 727-1176,"육류,고기"
403,STORE_GS00404,무교동참낙지,서울 강서구 마곡중앙6로 85 마곡사이언스파크뷰 2층 201호,(지번) 마곡동 727-1201,"해물,생선"
404,STORE_GS00405,스타벅스 강서구청사거리점,서울 강서구 화곡로 350 1층 104~107호,(지번) 화곡동 1111-1,커피전문점
405,STORE_GS00406,여기모이소 개화산역점,서울 강서구 양천로 31 1층,(지번) 방화동 495-46,"육류,고기"
406,STORE_GS00407,월궁,서울 강서구 강서로17길 131,(지번) 화곡동 358-5,중화요리
407,STORE_GS00408,묭,서울 강서구 화곡로58길 30 1층,(지번) 화곡동 1120-1,일본식주점
408,STORE_GS00409,첫번째순대국집,서울 강서구 방화동로 23,(지번) 방화2동 619-52,순대
409,STORE_GS00410,스테이보드게임카페,서울 강서구 화곡로58길 25 3층,(지번) 화곡동 1115-26,보드카페
410,STORE_GS00411,대동집 마곡나루역점,서울 강서구 마곡중앙로 171,(지번) 마곡동 288-4,한식
411,STORE_GS00412,갯마을횟집,서울 강서구 양천로 362 도우빌딩 1층,(지번) 가양동 130-1,회
412,STORE_GS00413,포퀸스보드카페,서울 강서구 마곡동로 62 마곡사이어스타워 5층,(지번) 마곡동 796-3,보드카페
