﻿,place_code,ItemID,address,local,category
0,STORE_SB0001,성북동메밀수제비누룽지백숙,서울 성북구 성북로31길 9,(지번) 성북동 281-1,닭요리
1,STORE_SB0002,성북동빵공장,서울 성북구 대사관로 40 B동 1~3층,(지번) 성북동 330-105,디저트카페
2,STORE_SB0003,나폴레옹제과점 본점,서울 성북구 성북로 7,(지번) 성북동1가 35-5,"제과,베이커리"
3,STORE_SB0004,빙수야,서울 성북구 종암로38길 16,(지번) 하월곡동 90-55,떡볶이
4,STORE_SB0005,성북동면옥집,서울 성북구 대사관로 40,(지번) 성북동 330-105,냉면
5,STORE_SB0006,한상차림밥상,서울 성북구 고려대로8길 35,(지번) 안암동3가 9,한식
6,STORE_SB0007,블랑제메종북악,서울 성북구 성북로 156,(지번) 성북동 270-1,디저트카페
7,STORE_SB0008,공푸,서울 성북구 삼선교로24길 29,(지번) 삼선동5가 299-10,중화요리
8,STORE_SB0009,한스갤러리,서울 성북구 정릉로10길 127,(지번) 정릉동 918,이탈리안
9,STORE_SB0010,수연산방,서울 성북구 성북로26길 8,(지번) 성북동 248,전통찻집
10,STORE_SB0011,팔백집,서울 성북구 보문로30길 46,(지번) 동선동2가 172,갈비
11,STORE_SB0012,금왕돈까스 본점,서울 성북구 성북로 138,(지번) 성북동 256-2,"돈까스,우동"
12,STORE_SB0013,쌍다리돼지불백 본점,서울 성북구 성북로23길 4,(지번) 성북동 109-2,기사식당
13,STORE_SB0014,태조감자국,서울 성북구 보문로34길 43 세학빌딩 1층,(지번) 동선동1가 49,감자탕
14,STORE_SB0015,이공김밥 안암본점,서울 성북구 안암로 61-6,(지번) 안암동5가 134-94,분식
15,STORE_SB0016,안동반점,서울 성북구 고려대로1길 35-1,(지번) 보문동1가 53,중화요리
16,STORE_SB0017,수아당,"서울 성북구 동소문로20가길 33 1,2층",(지번) 동선동1가 111,분식
17,STORE_SB0018,고른햇살,서울 성북구 개운사길 27,(지번) 안암동5가 147-5,분식
18,STORE_SB0019,문화식당,서울 성북구 보문로30나길 37 지하1층,(지번) 동선동2가 150,퓨전요리
19,STORE_SB0020,갈비명가이상 길음신관,서울 성북구 정릉로 395,(지번) 하월곡동 221,갈비
20,STORE_SB0021,장위동유성집 본점,"서울 성북구 화랑로 118 2, 3층",(지번) 하월곡동 13-26,"육류,고기"
21,STORE_SB0022,해로커피,서울 성북구 성북로 19-3 1층,(지번) 성북동1가 66,커피전문점
22,STORE_SB0023,청년밥상문간,서울 성북구 보국문로11길 18-2 2층,(지번) 정릉동 398-12,"찌개,전골"
23,STORE_SB0024,애정마라샹궈 본점,서울 성북구 동소문로20나길 11 2층,(지번) 동선동1가 2-6,중식
24,STORE_SB0025,우리할매떡볶이 정릉점,서울 성북구 보국문로 45 1층 4호,(지번) 정릉동 400-25,떡볶이
25,STORE_SB0026,최고당돈가스 성신여대점,서울 성북구 보문로34길 77 1층,(지번) 동선동1가 84-1,"돈까스,우동"
26,STORE_SB0027,알렉스더커피 성북점,서울 성북구 성북로28길 9,(지번) 성북동 260-38,커피전문점
27,STORE_SB0028,제순식당 성신여대본점,서울 성북구 동소문로20다길 30-8,(지번) 동선동1가 85-94,한식
28,STORE_SB0029,청수장,서울 성북구 정릉로 237-2 1층,(지번) 정릉2동 416-27,"육류,고기"
29,STORE_SB0030,우정초밥,서울 성북구 종암로3길 31 1층,(지번) 종암동 33-14,"초밥,롤"
30,STORE_SB0031,라라면가,서울 성북구 동소문로22길 57-25,(지번) 동선동2가 135-8,중식
31,STORE_SB0032,드림랜드,서울 성북구 월계로 166,(지번) 장위동 218-25,분식
32,STORE_SB0033,갈비명가이상 돈암본관,서울 성북구 정릉로 364,(지번) 돈암동 12-8,갈비
33,STORE_SB0034,한상,서울 성북구 화랑로 248 장위뉴타워 13층,(지번) 석관동 349-1,한정식
34,STORE_SB0035,427월곡닭갈비,서울 성북구 화랑로 170,(지번) 상월곡동 25-15,닭요리
35,STORE_SB0036,창신동매운족발 본점1호점,서울 성북구 한천로78길 57,(지번) 석관동 133-57,"족발,보쌈"
36,STORE_SB0037,동선식당,서울 성북구 보문로30라길 9 1층,(지번) 동선동2가 65,갈비
37,STORE_SB0038,폴드커피,"서울 성북구 종암로 214-3 1,2층",(지번) 하월곡동 133,카페
38,STORE_SB0039,장수감자탕,서울 성북구 도봉로3길 9-10,(지번) 길음동 489-58,감자탕
39,STORE_SB0040,버거파크 성신여대점,서울 성북구 동소문로22길 56 1층,(지번) 동선동2가 10,햄버거
40,STORE_SB0041,국시집,서울 성북구 창경궁로43길 9,(지번) 성북동1가 9,국수
41,STORE_SB0042,오박사네왕돈까스,서울 성북구 혜화로 80,(지번) 성북동 131-32,"돈까스,우동"
42,STORE_SB0043,커피명가 안암점,서울 성북구 안암로5길 40 java빌딩 1층,(지번) 안암동4가 8,카페
43,STORE_SB0044,그레도제빵사,서울 성북구 화랑로 304,(지번) 석관동 168-76,"제과,베이커리"
44,STORE_SB0045,스프레드,서울 성북구 성북로6가길 1 1층,(지번) 성북동 184-37,"제과,베이커리"
45,STORE_SB0046,성북동집,서울 성북구 성북로24길 4,(지번) 성북동 91,국수
46,STORE_SB0047,윤휘식당,서울 성북구 보문로34길 70 2층,(지번) 동선동2가 135-21,일식
47,STORE_SB0048,우주제빵소,"서울 성북구 성북로28길 13 지하1층,1,2층",(지번) 성북동 260-9,"제과,베이커리"
48,STORE_SB0049,서울왕돈까스 성북동본점,서울 성북구 창경궁로35다길 140,(지번) 성북동 131-85,"돈까스,우동"
49,STORE_SB0050,마몽함박,서울 성북구 보국문로 92,(지번) 정릉동 289-50,"스테이크,립"
50,STORE_SB0051,구포국수,서울 성북구 성북로 52-1,(지번) 성북동 170-41,국수
51,STORE_SB0052,더홈서울,서울 성북구 고려대로1길 87,(지번) 삼선동5가 357,커피전문점
52,STORE_SB0053,남해바다마차,서울 성북구 한천로78길 71,(지번) 석관동 133-62,회
53,STORE_SB0054,두부촌,서울 성북구 안암로 43,(지번) 안암동5가 110-135,두부전문점
54,STORE_SB0055,군자대한곱창 성신여대점,서울 성북구 동소문로20다길 15 1층,(지번) 동선동1가 3-4,"곱창,막창"
55,STORE_SB0056,카페루틴,서울 성북구 보문로34가길 6 1층,(지번) 동선동3가 230,카페
56,STORE_SB0057,시장떡볶이,서울 성북구 돌곶이로22가길 27,(지번) 석관동 270-1,떡볶이
57,STORE_SB0058,성북동돼지갈비 본점,서울 성북구 성북로 115,(지번) 성북동 114-2,갈비
58,STORE_SB0059,야마토텐동,서울 성북구 고려대로28길 2 1층,(지번) 안암동5가 93-15,일식
59,STORE_SB0060,포도집,서울 성북구 정릉로32길 4 1층,(지번) 정릉동 132-2,이탈리안
60,STORE_SB0061,동우설렁탕 본점,서울 성북구 개운사길 45,(지번) 안암동5가 15-25,설렁탕
61,STORE_SB0062,가부,서울 성북구 보문로 182 1층,(지번) 삼선동4가 351-3,중화요리
62,STORE_SB0063,백소정,서울 성북구 개운사길 30 2층,(지번) 안암동5가 15-57,"돈까스,우동"
63,STORE_SB0064,바람난오리궁뎅이,서울 성북구 보국문로29길 15,(지번) 정릉동 767-4,오리
64,STORE_SB0065,밀곳간,서울 성북구 성북로18길 19,(지번) 성북동 63-1,"제과,베이커리"
65,STORE_SB0066,보배반점 성신여대직영점,서울 성북구 보문로34길 39 백옥빌딩 1층,(지번) 동선동1가 48,중화요리
66,STORE_SB0067,일번지정육식당 돌곶이직영점,서울 성북구 화랑로 254,(지번) 석관동 242-1,"육류,고기"
67,STORE_SB0068,죠셉의커피나무,서울 성북구 성북로31길 65,(지번) 성북동 350-3,커피전문점
68,STORE_SB0069,김통,서울 성북구 동소문로 124 1층,(지번) 동선동1가 120-14,"육류,고기"
69,STORE_SB0070,추억의옛날떡볶이,서울 성북구 동소문로22길 39-5,(지번) 동선동1가 85-103,떡볶이
70,STORE_SB0071,옛날중국집,서울 성북구 성북로8길 8,(지번) 성북동 184-2,중화요리
71,STORE_SB0072,정이정,서울 성북구 종암로 82-15,(지번) 종암동 10-101,카페
72,STORE_SB0073,제주고깃집 성북구청점,서울 성북구 보문로 144,(지번) 보문동1가 9-8,"육류,고기"
73,STORE_SB0074,보문골한옥집,서울 성북구 고려대로2길 77,(지번) 보문동4가 62,한식
74,STORE_SB0075,자연에서왔소 본점,서울 성북구 성북로 36 1층,(지번) 성북동 177-36,"육류,고기"
75,STORE_SB0076,조비스그릴 성북점,서울 성북구 성북로 110,(지번) 성북동 97-30,아시아음식
76,STORE_SB0077,유자유김치떡볶이 본점,서울 성북구 고려대로24길 48 2층,(지번) 안암동5가 102-37,떡볶이
77,STORE_SB0078,카페비,서울 성북구 보문로30길 71,(지번) 동선동2가 121-2,카페
78,STORE_SB0079,기차순대국,서울 성북구 보국문로11길 18-6,(지번) 정릉동 398-9,순대
79,STORE_SB0080,세꼬시 쌍둥이수산 본점,서울 성북구 보문로 195,(지번) 삼선동4가 346,회
80,STORE_SB0081,모블러,서울 성북구 동소문로26다길 26,(지번) 동선동3가 28,카페
81,STORE_SB0082,성북동 이안,서울 성북구 성북로5길 29-19 1층,(지번) 성북동1가 105-11,양식
82,STORE_SB0083,오후홍콩 성신여대점,서울 성북구 동소문로24가길 16,(지번) 동선동1가 85-115,카페
83,STORE_SB0084,종로곱창철판닭갈비,서울 성북구 동소문로6길 8,(지번) 동소문동2가 43,"곱창,막창"
84,STORE_SB0085,원조한방삼계탕,서울 성북구 고려대로1길 92,(지번) 삼선동5가 369,삼계탕
85,STORE_SB0086,로스디아스,서울 성북구 동소문로22길 67 2층,(지번) 동선동2가 82,카페
86,STORE_SB0087,롤링파스타 성신여대점,서울 성북구 동소문로22길 5 2층,(지번) 동선동1가 104,이탈리안
87,STORE_SB0088,삼성통닭 본점,서울 성북구 고려대로24길 60,(지번) 안암동5가 104-41,치킨
88,STORE_SB0089,두껍다회선생 성북동점,서울 성북구 성북로 24 1층,(지번) 성북동 184-84,회
89,STORE_SB0090,국화정원,서울 성북구 성북로 154,(지번) 성북동 264,한식
90,STORE_SB0091,정지춘설렁탕,서울 성북구 화랑로40길 46,(지번) 석관동 133-26,설렁탕
91,STORE_SB0092,커피매터스,서울 성북구 동소문로10길 19-1,(지번) 삼선동4가 85,카페
92,STORE_SB0093,스타벅스 성신여대점,서울 성북구 동소문로24길 12,(지번) 동선동1가 92-1,커피전문점
93,STORE_SB0094,전통만두국,서울 성북구 고려대로8길 67,(지번) 안암동3가 99,한식
94,STORE_SB0095,키작은아저씨초밥,서울 성북구 동소문로24길 37,(지번) 동선동1가 85-40,"초밥,롤"
95,STORE_SB0096,우리할매떡볶이 성신여대점,서울 성북구 보문로30길 82,(지번) 동선동2가 157,떡볶이
96,STORE_SB0097,쵸이양식,서울 성북구 동소문로20나길 24 2층,(지번) 동선동1가 85-79,양식
97,STORE_SB0098,성가네낙지마을 석관점,서울 성북구 화랑로 236,(지번) 석관동 343-19,"해물,생선"
98,STORE_SB0099,숙수도가,서울 성북구 동소문로17길 28,(지번) 동소문동6가 158,"육류,고기"
99,STORE_SB0100,키나,서울 성북구 선잠로 46 1층,(지번) 성북동 31-1,퓨전한식
100,STORE_SB0101,달밝은집,서울 성북구 정릉로6길 35 1층,(지번) 정릉동 957-4,"육류,고기"
101,STORE_SB0102,메기의추억,서울 성북구 종암로 98-7,(지번) 종암동 88-10,"매운탕,해물탕"
102,STORE_SB0103,와라와라양꼬치앤훠궈,서울 성북구 동소문로20나길 32,(지번) 동선동1가 85-77,양꼬치
103,STORE_SB0104,장수식당,서울 성북구 정릉로26길 55,(지번) 정릉동 150-51,한식
104,STORE_SB0105,장원산꽃게 아구찜해물탕 월곡동본점,서울 성북구 오패산로 13,(지번) 하월곡동 67-11,"게,대게"
105,STORE_SB0106,팔백집,서울 성북구 고려대로27길 3,(지번) 안암동5가 101-119,갈비
106,STORE_SB0107,오버스토리 성북,서울 성북구 선잠로2다길 13-13 지하1층,(지번) 성북동 8-28,카페
107,STORE_SB0108,그릭데이 성신여대점,서울 성북구 보문로34길 64 1층,(지번) 동선동2가 135-30,디저트카페
108,STORE_SB0109,착한돼지집,서울 성북구 삼선교로 55,(지번) 삼선동4가 38-5,한식
109,STORE_SB0110,맥도날드 종암SK점,서울 성북구 종암로 58,(지번) 종암동 10-15,패스트푸드
110,STORE_SB0111,그릴1492 성신여대 직영점,서울 성북구 아리랑로2길 5,(지번) 동선동4가 17,"육류,고기"
111,STORE_SB0112,풍년상회쪽갈비 성내동직영점,서울 성북구 돌곶이로 154,(지번) 장위동 75-429,갈비
112,STORE_SB0113,비양도,서울 성북구 성북로 158,(지번) 성북동 271-1,일식
113,STORE_SB0114,우토,서울 성북구 보문로30길 33,(지번) 동선동2가 54-1,일본식주점
114,STORE_SB0115,푸른농장정육식당,서울 성북구 보문로 181,(지번) 삼선동4가 333-1,"육류,고기"
115,STORE_SB0116,길음모소리,서울 성북구 삼양로 13 1층,(지번) 길음동 1258,"육류,고기"
116,STORE_SB0117,보배반점 하월곡본점,서울 성북구 종암로 184,(지번) 하월곡동 90-1695,중식
117,STORE_SB0118,광명수산,서울 성북구 동소문로 125,(지번) 동선동4가 111-1,회
118,STORE_SB0119,성북동소곱창,서울 성북구 성북로 57-1,(지번) 성북동 133-57,"곱창,막창"
119,STORE_SB0120,옛날농장 미아현대점,서울 성북구 동소문로 325,(지번) 길음동 21,"육류,고기"
120,STORE_SB0121,백두한우곱창전문,서울 성북구 보문로 55 1층,(지번) 보문동7가 30,"곱창,막창"
121,STORE_SB0122,신사소곱창 석관점,서울 성북구 한천로76다길 43,(지번) 석관동 133-45,"곱창,막창"
122,STORE_SB0123,상미규카츠,서울 성북구 동소문로20길 39,(지번) 동선동1가 75,일식
123,STORE_SB0124,성북면가,서울 성북구 동소문로 67,(지번) 동소문동4가 269,냉면
124,STORE_SB0125,발효명가기와집갈비,서울 성북구 화랑로25길 18,(지번) 장위동 66-322,갈비
125,STORE_SB0126,파세로,서울 성북구 동소문로23길 8-15,(지번) 동선동4가 154,이탈리안
126,STORE_SB0127,일일커피,서울 성북구 삼양로 27,(지번) 길음동 1249,카페
127,STORE_SB0128,문화식당,서울 성북구 혜화로 88 2층,(지번) 성북동 122-7,이탈리안
128,STORE_SB0129,대한맥주집 성신여대직영점,서울 성북구 동소문로24길 49,(지번) 동선동1가 85-55,치킨
129,STORE_SB0130,스타벅스 성신여대정문,서울 성북구 보문로34길 62,(지번) 동선동2가 134,커피전문점
130,STORE_SB0131,째즈스토리,서울 성북구 혜화로 88,(지번) 성북동 122-7,라이브카페
131,STORE_SB0132,창신동매운족발 석계점,서울 성북구 한천로78길 52,(지번) 석관동 131-10,"족발,보쌈"
132,STORE_SB0133,카페1976,서울 성북구 도봉로 1,(지번) 길음동 22-1,디저트카페
133,STORE_SB0134,스타벅스 길음역점,서울 성북구 정릉로 376,(지번) 돈암동 625-2,커피전문점
134,STORE_SB0135,샤뽀블랑,서울 성북구 성북로 60 1층,(지번) 성북동 161-14,"제과,베이커리"
135,STORE_SB0136,긴자료코 성신여대점,서울 성북구 보문로34가길 5 1층,(지번) 동선동3가 243,일식
136,STORE_SB0137,스타벅스 종암DT점,서울 성북구 종암로 17,(지번) 종암동 29-10,커피전문점
137,STORE_SB0138,디어브레드 고대점,서울 성북구 개운사1길 29,(지번) 안암동5가 101-82,"제과,베이커리"
138,STORE_SB0139,사계진미숯불닭갈비 성신여대역점,서울 성북구 동소문로20길 29-17 1층,(지번) 동선동1가 4-4,닭요리
139,STORE_SB0140,불맛나는직화짬뽕전문점 장위점,서울 성북구 돌곶이로 105 1층,(지번) 장위동 64-8,중화요리
140,STORE_SB0141,삼청각 일화당(2021년7월31일까지임시휴업),서울 성북구 대사관로 3,(지번) 성북동 330-115,한식
141,STORE_SB0142,혜화면옥,서울 성북구 보문로 193-1,(지번) 삼선동4가 345-1,냉면
142,STORE_SB0143,모던바이츠,서울 성북구 보문로32길 69,(지번) 동선동2가 142-3,"제과,베이커리"
143,STORE_SB0144,카페동선동,서울 성북구 동소문로 129-2,(지번) 동선동4가 122-3,디저트카페
144,STORE_SB0145,이태리총각 성북동점,서울 성북구 고려대로5길 85,(지번) 삼선동5가 398,이탈리안
145,STORE_SB0146,피카커피,서울 성북구 고려대로30길 29,(지번) 안암동5가 76-1,커피전문점
146,STORE_SB0147,네이버후드,서울 성북구 대사관로 133,(지번) 성북동 15-23,카페
147,STORE_SB0148,미아리우동집,서울 성북구 종암로 176,(지번) 하월곡동 90-113,국수
148,STORE_SB0149,자작나무 북악점,"서울 성북구 정릉로10길 107 1,2층",(지번) 정릉동 921,"육류,고기"
149,STORE_SB0150,대머리식당,서울 성북구 돌곶이로 162,(지번) 장위동 75-1,한식
150,STORE_SB0151,강릉메밀촌,서울 성북구 보국문로2길 1,(지번) 정릉동 164-31,한식
151,STORE_SB0152,천막집,서울 성북구 보문로30길 31,(지번) 동선동2가 53,"육류,고기"
152,STORE_SB0153,이름없는파스타 성신여대점,서울 성북구 동소문로20다길 33,(지번) 동선동1가 85-152,이탈리안
153,STORE_SB0154,성북동디너쑈,서울 성북구 창경궁로43길 6,(지번) 성북동1가 35-43,퓨전요리
154,STORE_SB0155,메리킹 서울북부점,서울 성북구 종암로 167 4층,(지번) 하월곡동 230,샤브샤브
155,STORE_SB0156,능이마을 본점,서울 성북구 돌곶이로 21 1층,(지번) 석관동 323-3,오리
156,STORE_SB0157,영순관,서울 성북구 지봉로24길 19,(지번) 보문동2가 122,중화요리
157,STORE_SB0158,온달왕돈까스치킨,서울 성북구 동소문로20가길 38,(지번) 동선동1가 92-8,"돈까스,우동"
158,STORE_SB0159,삼대족발 석관점,서울 성북구 한천로 595,(지번) 석관동 189-6,"족발,보쌈"
159,STORE_SB0160,마전터,서울 성북구 혜화로 82-2,(지번) 성북동 124-3,국밥
160,STORE_SB0161,메종드루즈,서울 성북구 보문로34길 68-5,(지번) 동선동2가 135-19,"제과,베이커리"
161,STORE_SB0162,김덕후의곱창조 성신여대점,서울 성북구 동소문로20길 37-21 1층,(지번) 동선동1가 20,"곱창,막창"
162,STORE_SB0163,소한마리정육식당 정릉점,서울 성북구 정릉로 165,(지번) 정릉동 667-1,"육류,고기"
163,STORE_SB0164,참나무닭나라,서울 성북구 동소문로8길 12,(지번) 동소문동2가 290,치킨
164,STORE_SB0165,근처식당,서울 성북구 회기로3길 2,(지번) 종암동 28-26,동남아음식
165,STORE_SB0166,화야,서울 성북구 종암로28길 7,(지번) 종암동 3-998,"육류,고기"
166,STORE_SB0167,리이케커피,서울 성북구 보문로34가길 24 1층,(지번) 동선동3가 226-1,커피전문점
167,STORE_SB0168,도쿄커틀릿,서울 성북구 동소문로22길 57-1 1층,(지번) 동선동2가 131,"돈까스,우동"
168,STORE_SB0169,오백집왕족발,서울 성북구 동소문로20길 20,(지번) 동소문동5가 111,"족발,보쌈"
169,STORE_SB0170,팬쿡,서울 성북구 동소문로24길 37 2층,(지번) 동선동1가 85-40,양식
170,STORE_SB0171,차이나칸,서울 성북구 월계로40길 7 지하1층,(지번) 장위동 316-3,중화요리
171,STORE_SB0172,바스크,서울 성북구 삼양로9길 10-2,(지번) 길음동 1171-14,카페
172,STORE_SB0173,쎄오쎄오,서울 성북구 보문로34길 56 지하1층,(지번) 동선동2가 140,베트남음식
173,STORE_SB0174,송림원,서울 성북구 동소문로 25-2,(지번) 동소문동1가 123,중화요리
174,STORE_SB0175,와플앨리,서울 성북구 고려대로28길 21,(지번) 안암동5가 86-152,"제과,베이커리"
175,STORE_SB0176,커피스토어,서울 성북구 안암로5길 72,(지번) 안암동3가 110-24,카페
176,STORE_SB0177,역전할머니맥주 성신여대점,서울 성북구 동소문로20길 37-24 1층,(지번) 동선동1가 61,"호프,요리주점"
177,STORE_SB0178,두끼 성신여대점,서울 성북구 보문로34길 59 2층,(지번) 동선동1가 79,떡볶이
178,STORE_SB0179,스시현,서울 성북구 오패산로4길 32 은혜타워 1층,(지번) 하월곡동 50-13,"초밥,롤"
179,STORE_SB0180,명문막국수,"서울 성북구 창경궁로 319 1,2층",(지번) 성북동1가 35-17,국수
180,STORE_SB0181,용초수,서울 성북구 고려대로27길 20,(지번) 안암동5가 12-70,중화요리
181,STORE_SB0182,너의냠냠버거,서울 성북구 성북로7길 4 1층,(지번) 성북동1가 115-19,햄버거
182,STORE_SB0183,대왕유통직영셀프민물장어,서울 성북구 보국문로 195,(지번) 정릉동 820-4,장어
183,STORE_SB0184,하단,서울 성북구 성북로6길 14,(지번) 성북동 184-40,한식
184,STORE_SB0185,소우락정육식당 점릉본점,서울 성북구 보국문로 69 2층,(지번) 정릉동 284-13,"육류,고기"
185,STORE_SB0186,스타벅스 고대점,서울 성북구 고려대로24길 51 1층 & 2층,(지번) 안암동5가 104-30,커피전문점
186,STORE_SB0187,1954무한등심,서울 성북구 한천로 595,(지번) 석관동 189-6,"육류,고기"
187,STORE_SB0188,펠어커피 성신여대점,서울 성북구 동소문로17길 17 1층,(지번) 동소문동6가 82,커피전문점
188,STORE_SB0189,닭만리 성신여대점,서울 성북구 보문로30라길 14 1층,(지번) 동선동2가 84,치킨
189,STORE_SB0190,살살솔트앤샐러드,서울 성북구 성북로6길 20 1층,(지번) 성북동 184-98,패스트푸드
190,STORE_SB0191,큰대문집,서울 성북구 종암로14길 6-21,(지번) 종암동 10-60,갈비
191,STORE_SB0192,달콤한위로,서울 성북구 창경궁로43길 24,(지번) 성북동1가 47,디저트카페
192,STORE_SB0193,김경환의이웃사촌,서울 성북구 화랑로 280 3층,(지번) 석관동 220-1,한정식
193,STORE_SB0194,제나키친,서울 성북구 화랑로11길 23 2층,(지번) 하월곡동 27-24,한식
194,STORE_SB0195,문가네정육식당 종암점,서울 성북구 종암로 86 1층,(지번) 종암동 14-21,"육류,고기"
195,STORE_SB0196,소르빌로1991,서울 성북구 동소문로24길 14 2층,(지번) 동선동1가 92-3,이탈리안
196,STORE_SB0197,황해옥감자탕 돈암본점,서울 성북구 보문로40길 23,(지번) 동소문동5가 52-3,감자탕
197,STORE_SB0198,카페58.4,서울 성북구 성북로16길 4-13,(지번) 성북동 58-4,카페
198,STORE_SB0199,카페온더플랜,서울 성북구 동소문로22길 39-4,(지번) 동선동1가 85-108,카페
199,STORE_SB0200,비너발트,서울 성북구 월곡로 112,(지번) 하월곡동 37-18,"호프,요리주점"
200,STORE_SB0201,비나케이크,서울 성북구 보문로30길 12 101호,(지번) 보문동1가 1-12,디저트카페
201,STORE_SB0202,한마리채서서갈비,서울 성북구 동소문로20길 37,(지번) 동선동1가 5,갈비
202,STORE_SB0203,프로마치,서울 성북구 고려대로24가길 13 1층,(지번) 안암동5가 103-149,양식
203,STORE_SB0204,투썸플레이스 성신여대점,서울 성북구 동소문로20다길 17 2층,(지번) 동선동1가 3-2,커피전문점
204,STORE_SB0205,맥도날드 안암점,서울 성북구 고려대로24길 42,(지번) 안암동5가 102-33,패스트푸드
205,STORE_SB0206,밀월,서울 성북구 동소문동4가 16,,카페
206,STORE_SB0207,아바이토종순대국 안암오거리점,서울 성북구 안암로9가길 80-17 1층,(지번) 안암동5가 134-2,순대
207,STORE_SB0208,공복,서울 성북구 장월로1길 60,(지번) 상월곡동 62,"육류,고기"
208,STORE_SB0209,유정,서울 성북구 북악산로29길 7,(지번) 종암동 31-58,"육류,고기"
209,STORE_SB0210,더씨,서울 성북구 개운사길 8 2층,(지번) 안암동5가 101-33,중화요리
210,STORE_SB0211,와플앨리 성신여대점,서울 성북구 보문로34길 68-3 1층,(지번) 동선동2가 135-20,"제과,베이커리"
211,STORE_SB0212,우드&브릭 성북점,서울 성북구 성북로 120,(지번) 성북동 97-21,디저트카페
212,STORE_SB0213,태성사골탕,서울 성북구 화랑로33길 38,(지번) 장위동 66-13,설렁탕
213,STORE_SB0214,엠오리진,서울 성북구 삼양로 40 1층,(지번) 길음동 1158,카페
214,STORE_SB0215,섭지코지,서울 성북구 성북로 118-5,(지번) 성북동 97-24,일식
215,STORE_SB0216,짬뽕지존 성신여대점,서울 성북구 동소문로20길 40,(지번) 동소문동5가 118-6,중화요리
216,STORE_SB0217,마이버터드림,서울 성북구 고려대로 43,(지번) 안암동2가 119-19,디저트카페
217,STORE_SB0218,어흥식당 안암1호점,서울 성북구 고려대로27길 40 1층,(지번) 안암동5가 15-2,"스테이크,립"
218,STORE_SB0219,커피하우스반달,서울 성북구 장월로23길 5-10 1층,(지번) 장위동 238-425,디저트카페
219,STORE_SB0220,포앤시드니,서울 성북구 보문로34길 77 동양빌딩 2층,(지번) 동선동1가 84-1,동남아음식
220,STORE_SB0221,타이방콕,서울 성북구 북악산로 744 2층,(지번) 정릉동 556-52,태국음식
221,STORE_SB0222,쥬롱쥬롱,서울 성북구 정릉로26길 51 1층,(지번) 정릉동 150-49,디저트카페
222,STORE_SB0223,손가네곰국수설렁탕,서울 성북구 성북로15길 8,(지번) 성북동 128-16,설렁탕
223,STORE_SB0224,포썸,서울 성북구 동소문로 125 골든타워,(지번) 동선동4가 111-1,베트남음식
224,STORE_SB0225,샐러드프린세스,서울 성북구 화랑로13길 42 2층,(지번) 하월곡동 21-56,카페
225,STORE_SB0226,스시현,서울 성북구 동소문로8길 16 1층,(지번) 동소문동2가 287,"초밥,롤"
226,STORE_SB0227,알루엣,서울 성북구 서경로 60 롯데캐슬골든힐스 상가동 108호,(지번) 길음동 1287-1,디저트카페
227,STORE_SB0228,태성순대국,서울 노원구 화랑로43길 18,(지번) 장위동 270-85,순대
228,STORE_SB0229,오늘와인한잔 성신여대점,서울 성북구 보문로34길 56 1층,(지번) 동선동2가 140,와인바
229,STORE_SB0230,이종국104,서울 성북구 성북로 95-1 지하1~3층,(지번) 성북동 124-4,한식
230,STORE_SB0231,카페아무흐,서울 성북구 보문로21길 19-2,(지번) 보문동5가 92,카페
231,STORE_SB0232,할매숯불닭갈비,서울 성북구 동소문로20길 37-5,(지번) 동선동1가 8,닭요리
232,STORE_SB0233,빛나는바다 석계점,서울 성북구 한천로78길 66,(지번) 석관동 133-4,회
233,STORE_SB0234,구룡포계절횟집,서울 성북구 고려대로7길 110,(지번) 동선동2가 2-2,회
234,STORE_SB0235,다옴룸카페,서울 성북구 동소문로20길 29-18 3층,(지번) 동선동1가 30,테마카페
235,STORE_SB0236,헬로방방 돌곶이역점,서울 성북구 화랑로 248 장위뉴타워 14층,(지번) 석관동 349-1,키즈카페
236,STORE_SB0237,모심한정식,서울 성북구 개운사길 8 3층,(지번) 안암동5가 101-36,한식
237,STORE_SB0238,버거킹 석관점,서울 성북구 돌곶이로 50 상희빌딩 1~2층,(지번) 석관동 301-1,패스트푸드
238,STORE_SB0239,금한우,서울 성북구 고려대로7길 100,(지번) 동선동2가 16,"육류,고기"
239,STORE_SB0240,애정훠궈 2호점,서울 성북구 동소문로20나길 16 2층,(지번) 동선동1가 3-3,샤브샤브
240,STORE_SB0241,임흥수의자연밥상,서울 성북구 성북로2길 24,(지번) 동소문동1가 35,쌈밥
241,STORE_SB0242,레지아노,서울 성북구 보문로30길 74 1층,(지번) 동선동2가 164,이탈리안
242,STORE_SB0243,매스플레이트 안암본점,서울 성북구 개운사길 18,(지번) 안암동5가 101-27,이탈리안
243,STORE_SB0244,우유협동조합,서울 성북구 보문로34길 87 1층,(지번) 동선동3가 233,카페
244,STORE_SB0245,어제그쭈꾸미집,서울 성북구 한천로76길 33-12,(지번) 석관동 131-67,"해물,생선"
245,STORE_SB0246,장위동유성집 고대점,서울 성북구 안암로 117,(지번) 안암동5가 36-1,"육류,고기"
246,STORE_SB0247,마이란,서울 성북구 동소문로22길 33-9 1층,(지번) 동선동1가 85-96,양식
247,STORE_SB0248,스시미,서울 성북구 보문로30길 84,(지번) 동선동2가 155,일식집
248,STORE_SB0249,KFC 돈암동1점,서울 성북구 동소문로20나길 18,(지번) 동선동1가 3-1,패스트푸드
249,STORE_SB0250,커피빈 한성대입구역점,서울 성북구 삼선교로 12 1층,(지번) 삼선동1가 25,커피전문점
250,STORE_SB0251,임금님수타자장면,서울 성북구 보국문로 91,(지번) 정릉동 298-2,중화요리
251,STORE_SB0252,모던양갱집,서울 성북구 보국문로16길 72 1층,(지번) 정릉동 266-98,디저트카페
252,STORE_SB0253,스타벅스 월곡역점,서울 성북구 화랑로 76 1층 101-1호,(지번) 하월곡동 46-73,커피전문점
253,STORE_SB0254,하남돼지집 종암점,서울 성북구 종암로 73,(지번) 종암동 17-4,삼겹살
254,STORE_SB0255,라체나1907,서울 성북구 한천로80길 63,(지번) 석관동 133-10,양식
255,STORE_SB0256,토리돈까스,서울 성북구 화랑로13길 24 2층,(지번) 하월곡동 21-77,양식
256,STORE_SB0257,아케미,서울 성북구 숭인로2길 82,(지번) 길음동 1094,디저트카페
257,STORE_SB0258,식빵이맛있는집 네모 고대직영점,서울 성북구 고려대로 96,(지번) 안암동5가 100-14,"제과,베이커리"
258,STORE_SB0259,불타는소금구이,서울 성북구 보문로30길 43-3,(지번) 동선동2가 57-1,"육류,고기"
259,STORE_SB0260,대동원회시장,서울 성북구 동소문로 72,(지번) 동소문동5가 3,회
260,STORE_SB0261,계모임,서울 성북구 보문로30라길 5-10,(지번) 동선동2가 62,닭요리
261,STORE_SB0262,미스터국밥,서울 성북구 고려대로 102 2층,(지번) 안암동5가 94-2,국밥
262,STORE_SB0263,유즈리스어덜트,서울 성북구 보문로18길 25 1층,(지번) 안암동3가 107-4,카페
263,STORE_SB0264,스타벅스 미아점,서울 성북구 동소문로 314,(지번) 하월곡동 89-7,커피전문점
264,STORE_SB0265,육수당 성신여대점,서울 성북구 동소문로24길 9 1층,(지번) 동선동1가 121-20,국밥
265,STORE_SB0266,청년다방 월곡역점,서울 성북구 월곡로 108 우성빌딩 1층,(지번) 하월곡동 35-5,떡볶이
266,STORE_SB0267,꾸이꾸이멱살,서울 성북구 동소문로22길 25-5 1층,(지번) 동선동1가 85-90,"육류,고기"
267,STORE_SB0268,육백집,서울 성북구 동소문로25길 61 1층,(지번) 동선동5가 19,"육류,고기"
268,STORE_SB0269,로맨틱식탁,서울 성북구 보문로34길 45 지하 1층,(지번) 동선동1가 54,이탈리안
269,STORE_SB0270,선화슈퍼가맥,서울 성북구 보문로30라길 16,(지번) 동선동2가 25,술집
270,STORE_SB0271,맥도날드 삼선점,서울 성북구 동소문로 13 일화빌딩 1층,(지번) 동소문동1가 32-3,패스트푸드
271,STORE_SB0272,누브티스,서울 성북구 선잠로 42,(지번) 성북동 30-1,양식
272,STORE_SB0273,홍두깨손칼국수,서울 성북구 도봉로 7-6,(지번) 길음동 489-87,국수
273,STORE_SB0274,고랭 돌곶이점,서울 성북구 화랑로32길 31,(지번) 석관동 340-177,동남아음식
274,STORE_SB0275,이세돈가스 고려대점,서울 성북구 개운사길 32 1층,(지번) 안암동5가 15-53,"돈까스,우동"
275,STORE_SB0276,카페뮬,서울 성북구 동소문로22길 64 2층,(지번) 동선동2가 4,카페
276,STORE_SB0277,한우누렁소,서울 성북구 동소문로20가길 46 1층,(지번) 동선동1가 121-3,"육류,고기"
277,STORE_SB0278,어리랑 3호점,서울 성북구 삼선교로23길 3,(지번) 삼선동4가 321,회
278,STORE_SB0279,커피나무 성신여대점,"서울 성북구 보문로30길 79 1, 2층",(지번) 동선동2가 135-5,커피전문점
279,STORE_SB0280,설빙 성신여대점,"서울 성북구 동소문로22길 36 2, 3층",(지번) 동선동1가 26,디저트카페
280,STORE_SB0281,돈암순대김밥,서울 성북구 동소문로18길 12,(지번) 동소문동5가 63-3,분식
281,STORE_SB0282,롯데리아 성신여대점,서울 성북구 동소문로 117,(지번) 동선동4가 104,패스트푸드
282,STORE_SB0283,스시만,서울 성북구 종암로19길 17,(지번) 종암동 69-5,일식
283,STORE_SB0284,셀프장어세상,서울 성북구 정릉로 240,(지번) 정릉동 966-193,장어
284,STORE_SB0285,토로생선구이,서울 성북구 고려대로28길 14,(지번) 안암동5가 86-131,"해물,생선"
285,STORE_SB0286,카페구월,서울 성북구 보문로30길 43 1~3층,(지번) 동선동2가 72,카페
286,STORE_SB0287,돈암동찌개 본점,서울 성북구 동소문로20나길 34,(지번) 동선동1가 85-72,"찌개,전골"
287,STORE_SB0288,슬로우브레드파파,서울 성북구 보문로30나길 29,(지번) 동선동2가 142-2,"제과,베이커리"
288,STORE_SB0289,본크레페,서울 성북구 동소문로20다길 28,(지번) 동선동1가 85-89,패스트푸드
289,STORE_SB0290,남한강매운탕 정릉점,서울 성북구 보국문로 197 1층,(지번) 정릉동 820-47,"매운탕,해물탕"
290,STORE_SB0291,숑디인오하라,서울 성북구 보문로30길 80,(지번) 동선동2가 158,카페
291,STORE_SB0292,레브커피,서울 성북구 장위로40다길 19 1층,(지번) 장위동 68-78,카페
292,STORE_SB0293,전통평양만두,서울 성북구 보문로32길 34,(지번) 동선동2가 30-2,분식
293,STORE_SB0294,버거킹 안암오거리점,서울 성북구 안암로 73,(지번) 안암동5가 104-291,패스트푸드
294,STORE_SB0295,홍두깨손칼국수,서울 성북구 보문로40길 5,(지번) 동소문동5가 8,국수
295,STORE_SB0296,당신의나의케이크,서울 성북구 보문로32길 96,(지번) 동선동2가 295,"제과,베이커리"
296,STORE_SB0297,화로상회 정릉점,서울 성북구 보국문로16길 38 1층,(지번) 정릉동 266-107,"육류,고기"
297,STORE_SB0298,이향,서울 성북구 성북로26길 13,(지번) 성북동 256-3,한식
298,STORE_SB0299,나그네파전,서울 성북구 고려대로28길 7-4,(지번) 안암동5가 86-5,한식
299,STORE_SB0300,서도바지락칼국수,서울 성북구 동소문로20길 28-8,(지번) 동소문동5가 100,국수
300,STORE_SB0301,배떡 성신여대점,서울 성북구 동소문로24가길 18 1층,(지번) 동선동1가 85-50,떡볶이
301,STORE_SB0302,장위기사식당,서울 성북구 돌곶이로 215,(지번) 장위동 216-41,기사식당
302,STORE_SB0303,베르데나인,서울 성북구 동소문로20길 28-3,(지번) 동소문동5가 118-13,"멕시칸,브라질"
303,STORE_SB0304,미각 고대본점,서울 성북구 고려대로24길 44,(지번) 안암동5가 102-36,양꼬치
304,STORE_SB0305,푸라닭치킨 성신여대점,서울 성북구 보문로30나길 35 1층,(지번) 동선동2가 148,치킨
305,STORE_SB0306,장수한방족발보쌈,서울 성북구 정릉로 454,(지번) 종암동 124-64,"족발,보쌈"
306,STORE_SB0307,해변쭈꾸미숯불구이 본점,서울 성북구 한천로78길 46,(지번) 석관동 131-44,"해물,생선"
307,STORE_SB0308,가야가야,서울 성북구 동소문로22길 57-10,(지번) 동선동2가 125,일본식라면
308,STORE_SB0309,고기굽는마을,서울 성북구 삼선교로11길 10,(지번) 삼선동2가 28,"육류,고기"
309,STORE_SB0310,백암토종순대전문점,서울 성북구 한천로 572,(지번) 석관동 124-34,순대
310,STORE_SB0311,샌드위치 하우스,서울 성북구 보문로34가길 2,(지번) 동선동3가 232,샌드위치
311,STORE_SB0312,등촌샤브칼국수 안암점,서울 성북구 개운사길 11,(지번) 안암동5가 101-17,샤브샤브
312,STORE_SB0313,등마루 본점,서울 성북구 동소문로20나길 12,(지번) 동선동1가 3-5,한식
313,STORE_SB0314,카페마노아 성신여대점,서울 성북구 보문로34길 51 2층,(지번) 동선동1가 56,카페
314,STORE_SB0315,손가네민물장어 본점,서울 성북구 삼양로 26,(지번) 길음동 1079,장어
315,STORE_SB0316,쌀떡볶이나라 돈암점,서울 성북구 아리랑로 38 정우빌딩1층,(지번) 동선동5가 141-2,떡볶이
316,STORE_SB0317,동병상련 본점,서울 성북구 선잠로5길 96,(지번) 성북동 321-13,"떡,한과"
317,STORE_SB0318,현참치,서울 성북구 보문로 171,(지번) 삼선동5가 298-7,참치회
318,STORE_SB0319,킨폭스커피,서울 성북구 보국문로 87-22,(지번) 정릉동 310-4,카페
319,STORE_SB0320,안동할매청국장,서울 성북구 성북로5길 9-3,(지번) 성북동1가 35-8,한식
320,STORE_SB0321,네임드에스프레소,서울 성북구 성북로6길 2-2 1층,(지번) 동소문동1가 8,커피전문점
321,STORE_SB0322,연화화덕생선구이 본점,서울 성북구 보문로34길 31,(지번) 동선동1가 46-1,"해물,생선"
322,STORE_SB0323,대원칼국수,서울 성북구 동소문로23길 8-5 1층,(지번) 동선동4가 146,국수
323,STORE_SB0324,지하서재,서울 성북구 보국문로18길 34,(지번) 정릉동 266-328,술집
324,STORE_SB0325,키웨스트커피,서울 성북구 보국문로16길 2,(지번) 정릉동 281-3,커피전문점
325,STORE_SB0326,칠백집서울껍데기,서울 성북구 보문로30길 39 1층,(지번) 동선동2가 57,"육류,고기"
326,STORE_SB0327,나나케이크 성신여대점,서울 성북구 보문로34길 54,(지번) 동선동2가 12,"제과,베이커리"
327,STORE_SB0328,피쉬마루 석계본점,서울 성북구 화랑로40길 53,(지번) 석관동 168-11,회
328,STORE_SB0329,카페256,서울 성북구 성북동 256-4,,카페
329,STORE_SB0330,커피빈 고대안암역점,서울 성북구 개운사길 8 타이거빌딩 1층,(지번) 안암동5가 101-36,커피전문점
330,STORE_SB0331,고피자 고대안암점,서울 성북구 고려대로27길 24-2 1층,(지번) 안암동5가 15-38,피자
331,STORE_SB0332,무한리필고기굼터,서울 성북구 동소문로6길 4-23,(지번) 동소문동2가 45,"육류,고기"
332,STORE_SB0333,팔백집,서울 성북구 오패산로 36 1층,(지번) 하월곡동 60-13,갈비
333,STORE_SB0334,카페그냥그냥,서울 성북구 아리랑로5길 151,(지번) 정릉동 549-2,카페
334,STORE_SB0335,방이샤브샤브칼국수 성신여대점,서울 성북구 동소문로20가길 56 1층,(지번) 동선동1가 123,샤브샤브
335,STORE_SB0336,가부 보문점,"서울 성북구 보문로 78 브라운호텔 1층 101,104호",(지번) 보문동4가 77-2,중화요리
336,STORE_SB0337,모두와 즉석떡볶이,서울 성북구 동소문로20다길 30-3 1층,(지번) 동선동1가 85-63,떡볶이
337,STORE_SB0338,BHC치킨 성신여대점,서울 성북구 동소문로20길 37-8,(지번) 동선동1가 71,치킨
338,STORE_SB0339,반듯한잔,서울 성북구 동소문로22길 80,(지번) 동선동2가 46,퓨전요리
339,STORE_SB0340,착한짬뽕 더 착한탕수육,서울 성북구 월곡로18길 4,(지번) 하월곡동 35-4,중화요리
340,STORE_SB0341,고려성,서울 성북구 안암로 69-1 2층,(지번) 안암동5가 134-35,중화요리
341,STORE_SB0342,프로젝트얼스,서울 성북구 성북로15길 21,(지번) 성북동 126-31,카페
342,STORE_SB0343,오토김밥 성북직영점,서울 성북구 북악산로 855 1층,(지번) 돈암동 45-53,분식
343,STORE_SB0344,72420 성신여대점,서울 성북구 동소문로24길 13,(지번) 동선동1가 121-4,베트남음식
344,STORE_SB0345,고석환손만두 삼선교점,서울 성북구 성북로2길 55,(지번) 동소문동1가 138,한식
345,STORE_SB0346,서민스시,서울 성북구 화랑로25길 20,(지번) 장위동 66-323,일식집
346,STORE_SB0347,조선닭도리,서울 성북구 동소문로20다길 4,(지번) 동선동1가 4-11,닭요리
347,STORE_SB0348,홍연집,서울 성북구 삼선교로 44,(지번) 삼선동3가 4,참치회
348,STORE_SB0349,화포식당 길음뉴타운점,서울 성북구 길음로 33 2층,(지번) 길음동 1284-17,"육류,고기"
349,STORE_SB0350,진미숯불닭갈비,서울 성북구 화랑로 92 1층,(지번) 하월곡동 37-74,닭요리
350,STORE_SB0351,쓰리로보스,서울 성북구 동소문로20다길 25 2층,(지번) 동선동1가 85-84,"호프,요리주점"
351,STORE_SB0352,스시히카리,서울 성북구 정릉로 255-4,(지번) 정릉동 161-5,"초밥,롤"
352,STORE_SB0353,돌쇠참나무장작구이,서울 성북구 동소문로20길 31,(지번) 동선동1가 43,치킨
353,STORE_SB0354,배떡 장위점,서울 성북구 장위로 78 1층,(지번) 장위동 233-252,떡볶이
354,STORE_SB0355,ANOTHER H,서울 성북구 장월로1길 56-9,(지번) 상월곡동 60-1,카페
355,STORE_SB0356,어스핸드위치,서울 성북구 동소문로22길 62 2층 201호,(지번) 동선동2가 7,샌드위치
356,STORE_SB0357,치치 성신여대점,서울 성북구 동소문로20길 37-12,(지번) 동선동1가 68,실내포장마차
357,STORE_SB0358,북경양꼬치,서울 성북구 동소문로20나길 30 2층,(지번) 동선동1가 85-78,양꼬치
358,STORE_SB0359,성북동마카롱,서울 성북구 성북로6가길 1 1층,(지번) 성북동 184-37,"제과,베이커리"
359,STORE_SB0360,리얼파스타 성신여대점,서울 성북구 동소문로20다길 15 2층,(지번) 동선동1가 3-4,양식
360,STORE_SB0361,마늘과올리브 성신여대점,서울 성북구 동소문로22길 29 2층,(지번) 동선동1가 85-93,이탈리안
361,STORE_SB0362,난이네곱창,서울 성북구 동소문로 225-13,(지번) 길음동 877-197,"곱창,막창"
362,STORE_SB0363,꿀단지 성신여대점,서울 성북구 동소문로20나길 26 1층,(지번) 동선동1가 85-79,"족발,보쌈"
363,STORE_SB0364,아구와해물마을,서울 성북구 화랑로11길 7 2층,(지번) 하월곡동 27-109,아구
364,STORE_SB0365,한성대양꼬치,서울 성북구 동소문로6길 14-31,(지번) 동소문동2가 130,양꼬치
365,STORE_SB0366,던킨도너츠 길음뉴타운점,서울 성북구 길음로7길 6 길음뉴타운9단지래미안 상가 1층 1-17호,(지번) 길음동 1286-10,도넛
366,STORE_SB0367,카페마노아 꿈의숲점,서울 성북구 장월로23길 47-3,(지번) 장위동 223-43,테마카페
367,STORE_SB0368,벤베누토,서울 성북구 동소문로20나길 39 2층,(지번) 동선동1가 92-20,양식
368,STORE_SB0369,카페매니플리즈,서울 성북구 보문로30길 46 3층,(지번) 동선동2가 172,카페
369,STORE_SB0370,비야 고대본점,서울 성북구 개운사길 42-4 1층,(지번) 안암동5가 15-16,"찌개,전골"
370,STORE_SB0371,보헤미안,서울 성북구 개운사길 22-3 지하 1층,(지번) 안암동5가 15-85,커피전문점
371,STORE_SB0372,노브랜드버거 고려대점,서울 성북구 고려대로24길 51 1층,(지번) 안암동5가 104-30,패스트푸드
372,STORE_SB0373,카페평행선,서울 성북구 고려대로13길 46 1층,(지번) 안암동1가 318-5,카페
373,STORE_SB0374,포차천국 성신여대점,서울 성북구 동소문로20다길 7 1층,(지번) 동선동1가 3-8,실내포장마차
374,STORE_SB0375,이웃집라자냐,서울 성북구 오패산로 23 태은빌딩 1층,(지번) 하월곡동 70-128,이탈리안
375,STORE_SB0376,빵장수단팥빵 성북구점,서울 성북구 종암로 69 1층,(지번) 종암동 18-1,"제과,베이커리"
376,STORE_SB0377,프릭타이,서울 성북구 회기로 7 1층,(지번) 종암동 30-77,태국음식
377,STORE_SB0378,갱상도갱양식,서울 성북구 보문로34길 68-6,(지번) 동선동2가 135-25,양식
378,STORE_SB0379,서울쌈냉면 고대점,서울 성북구 개운사길 21-4,(지번) 안암동5가 147-9,냉면
379,STORE_SB0380,브라운돈까스&호프 성북구청점,서울 성북구 보문로 147 2층,(지번) 삼선동5가 291-4,"돈까스,우동"
380,STORE_SB0381,지호한방삼계탕 미아점,서울 성북구 월계로 14 1층,(지번) 하월곡동 165,닭요리
381,STORE_SB0382,1943 성신여대점,서울 성북구 동소문로20가길 24,(지번) 동선동1가 99,술집
382,STORE_SB0383,달콤퐁당,서울 성북구 고려대로13길 57,(지번) 안암동1가 197,카페
383,STORE_SB0384,오박사네돈까스전문점 고대점,서울 성북구 북악산로 1055,(지번) 종암동 31-4,"돈까스,우동"
384,STORE_SB0385,일심해장국,서울 성북구 동소문로 328,(지번) 하월곡동 213,해장국
385,STORE_SB0386,한우설렁탕,서울 성북구 삼선교로 85,(지번) 삼선동4가 332,설렁탕
386,STORE_SB0387,원조돈곱창닭갈비 석계역점,서울 성북구 한천로78길 53 1층,(지번) 석관동 133-61,"곱창,막창"
387,STORE_SB0388,플레이스엔,서울 성북구 정릉로 77 복지관 2층,(지번) 정릉동 861-1,카페
388,STORE_SB0389,소테,서울 성북구 보문로30길 77,(지번) 동선동2가 135-7,이탈리안
389,STORE_SB0390,설빙 서울미아점,서울 성북구 도봉로 31-1 2층,(지번) 길음동 32,디저트카페
390,STORE_SB0391,정릉곤드레밥,서울 성북구 보국문로18가길 5-13 1층,(지번) 정릉동 266-401,한식
391,STORE_SB0392,식샤,서울 성북구 성북로5길 15 1층,(지번) 성북동1가 36-1,일식
392,STORE_SB0393,버거킹 성신여대입구역점,서울 성북구 동소문로 120,(지번) 동선동1가 118-1,패스트푸드
393,STORE_SB0394,써브웨이 성신여대점,서울 성북구 보문로34길 78,(지번) 동선동2가 135-2,샌드위치
394,STORE_SB0395,스패로우,서울 성북구 동소문로20가길 50,(지번) 동선동1가 121-7,"호프,요리주점"
395,STORE_SB0396,이드에비뉴,서울 성북구 동소문로26나길 31,(지번) 동선동3가 161-1,카페
396,STORE_SB0397,정통집 성신여대점,서울 성북구 동소문로20길 29-20,(지번) 동선동1가 28,"육류,고기"
397,STORE_SB0398,유니유니,서울 성북구 동소문로 248 삼부아파트 105동 1층 21호,(지번) 길음동 1276,"제과,베이커리"
398,STORE_SB0399,만선참치 본점,서울 성북구 동소문로20길 29-7 1층,(지번) 동선동1가 4-10,참치회
399,STORE_SB0400,나카노라멘 성신여대점,서울 성북구 동소문로24길 27,(지번) 동선동1가 85-36,일본식라면
400,STORE_SB0401,호우양꼬치 성신여대점,서울 성북구 동소문로20다길 11 1층,(지번) 동선동1가 3-6,양꼬치
401,STORE_SB0402,설빙 서울고대점,서울 성북구 고려대로24길 14 2층,(지번) 안암동5가 102-64,디저트카페
402,STORE_SB0403,모드에,서울 성북구 동소문로25길 40 1층,(지번) 동선동5가 101,"제과,베이커리"
403,STORE_SB0404,투썸플레이스 종암점,"서울 성북구 종암로 103 1,2층",(지번) 종암동 87-6,커피전문점
404,STORE_SB0405,우리밀국시,서울 성북구 혜화로 84-2,(지번) 성북동 124-11,국수
405,STORE_SB0406,불맛로맨스,서울 성북구 화랑로40길 55 동성빌딩 2층,(지번) 석관동 168-4,중화요리
406,STORE_SB0407,써브웨이 동덕여대점,서울 성북구 화랑로13길 10 1층,(지번) 하월곡동 17-10,샌드위치
407,STORE_SB0408,강다짐삼각김밥 고대점,서울 성북구 고려대로24길 23,(지번) 안암동5가 102-9,분식
408,STORE_SB0409,KFC 고대안암점,서울 성북구 개운사길 5 세한빌딩 1층,(지번) 안암동5가 101-19,패스트푸드
409,STORE_SB0410,모임터찜칼국수,서울 성북구 동소문로17길 26,(지번) 동소문동6가 159,국수
