,store_code,ItemID,address,local,category
0,STORE_MP00001,광고바브로,서울 마포구 마포대로4다길 31 1층,(지번) 마포동 388-5,퓨전한식
1,STORE_MP00002,광고공덕삼교비,"서울 마포구 만리재로 3 1, 2층",(지번) 공덕동 255-9,삼겹살
2,STORE_MP00003,광고왕가밀 왕가본점,서울 마포구 도화길 24-1,(지번) 도화동 345-1,"육류,고기"
3,STORE_MP00004,프릳츠 도화점,서울 마포구 새창로2길 17,(지번) 도화동 179-9,디저트카페
4,STORE_MP00005,크레이지카츠,서울 마포구 포은로2나길 44,(지번) 합정동 391-5,"돈까스,우동"
5,STORE_MP00006,을밀대 본점,서울 마포구 숭문길 24,(지번) 염리동 147-6,냉면
6,STORE_MP00007,소금집델리 망원,서울 마포구 월드컵로19길 14 2층,(지번) 망원동 57-38,양식
7,STORE_MP00008,어글리베이커리,서울 마포구 월드컵로13길 73,(지번) 망원동 400-1,"제과,베이커리"
8,STORE_MP00009,땡스오트 연남점,서울 마포구 성미산로23길 68,(지번) 연남동 375-113,디저트카페
9,STORE_MP00010,어반플랜트,"서울 마포구 독막로4길 3 1,2층",(지번) 합정동 363-28,디저트카페
10,STORE_MP00011,미쁘동,서울 마포구 동교로38길 33-21 2층,(지번) 연남동 384-7,일식
11,STORE_MP00012,피오니 홍대점,서울 마포구 어울마당로 56 1층,(지번) 서교동 408-8,카페
12,STORE_MP00013,소이연남,서울 마포구 동교로 267,(지번) 연남동 229-67,동남아음식
13,STORE_MP00014,망원동즉석우동전문돈까스 본점,서울 마포구 동교로 83,(지번) 망원동 386-4,"돈까스,우동"
14,STORE_MP00015,연남토마 본점,서울 마포구 월드컵북로6길 61,(지번) 연남동 568-26,일식
15,STORE_MP00016,카와카츠,서울 마포구 동교로 126 1층 102호,(지번) 서교동 465-1,"돈까스,우동"
16,STORE_MP00017,역전회관,서울 마포구 토정로37길 47,(지번) 염리동 173-21,"불고기,두루치기"
17,STORE_MP00018,한강껍데기,서울 마포구 망원로 48-1,(지번) 망원동 416-33,"육류,고기"
18,STORE_MP00019,몽중헌 공덕점,서울 마포구 마포대로 92 공덕해링턴 스퀘어 A동 2층,(지번) 도화동 25-13,중화요리
19,STORE_MP00020,오레노라멘 합정본점,서울 마포구 독막로6길 14,(지번) 합정동 361-1,일본식라면
20,STORE_MP00021,경기떡집,서울 마포구 동교로9길 24,(지번) 망원동 378-7,"떡,한과"
21,STORE_MP00022,앤트러사이트 서교점,서울 마포구 월드컵로12길 11,(지번) 서교동 475-22,카페
22,STORE_MP00023,청어람 본점,서울 마포구 망원로 97 1층,(지번) 망원동 482-3,"곱창,막창"
23,STORE_MP00024,우와 1호점,서울 마포구 와우산로21길 21-16 202호,(지번) 서교동 364-10,철판요리
24,STORE_MP00025,진미식당,서울 마포구 마포대로 186-6,(지번) 공덕동 105-127,"게,대게"
25,STORE_MP00026,비파티세리 공덕점,서울 마포구 마포대로14길 4 1층,(지번) 공덕동 105-67,카페
26,STORE_MP00027,레이어드 연남점,서울 마포구 성미산로 161-4,(지번) 연남동 223-20,디저트카페
27,STORE_MP00028,이치젠,서울 마포구 포은로 109 1층 101호,(지번) 망원동 415-31,일식
28,STORE_MP00029,툭툭누들타이,서울 마포구 성미산로 161-8,(지번) 연남동 223-15,태국음식
29,STORE_MP00030,테이스티버거,서울 마포구 독막로 67-11 행운빌딩 1층,(지번) 상수동 317-2,햄버거
30,STORE_MP00031,연남서식당,서울 마포구 백범로2길 32,(지번) 노고산동 109-69,갈비
31,STORE_MP00032,최강금돈까스,서울 마포구 월드컵로3길 31-30,(지번) 합정동 388-15,"돈까스,우동"
32,STORE_MP00033,포비 합정점,서울 마포구 양화로3길 66,(지번) 합정동 426-18,카페
33,STORE_MP00034,정돈,서울 마포구 어울마당로 46 1층,(지번) 서교동 408-26,"돈까스,우동"
34,STORE_MP00035,앤트러사이트 합정점,서울 마포구 토정로5길 10,(지번) 합정동 357-6,커피전문점
35,STORE_MP00036,마포원조떡볶이,서울 마포구 도화2길 3 1층,(지번) 도화동 345-4,떡볶이
36,STORE_MP00037,도꼭지,서울 마포구 백범로10길 30 1층,(지번) 신수동 36-3,한식
37,STORE_MP00038,스케줄 합정점,서울 마포구 양화로6길 33,(지번) 서교동 394-17,이탈리안
38,STORE_MP00039,마포진짜원조최대포 본점,서울 마포구 마포대로 112,(지번) 공덕동 255-19,"육류,고기"
39,STORE_MP00040,진짜파스타,서울 마포구 와우산로 64 전원빌딩 2층 202호,(지번) 상수동 86-22,이탈리안
40,STORE_MP00041,진진 본관,서울 마포구 잔다리로 123,(지번) 서교동 469-67,중화요리
41,STORE_MP00042,황금콩밭,서울 마포구 마포대로16길 9,(지번) 아현동 424-11,두부전문점
42,STORE_MP00043,헤키,서울 마포구 월드컵로17길 38,(지번) 망원동 57-135,일식
43,STORE_MP00044,와이키키마켓,서울 마포구 마포나루길 332,(지번) 상암동 1537-2,"육류,고기"
44,STORE_MP00045,원조조박집 본관,서울 마포구 토정로 313-1,(지번) 용강동 40-1,"육류,고기"
45,STORE_MP00046,연남물갈비,서울 마포구 월드컵북로4길 13 2층,(지번) 동교동 203-18,갈비
46,STORE_MP00047,테일러커피 연남1호점,서울 마포구 성미산로 189 1층,(지번) 연남동 224-41,커피전문점
47,STORE_MP00048,1984,서울 마포구 동교로 194 혜원빌딩 1층,(지번) 동교동 158-24,북카페
48,STORE_MP00049,943킹스크로스,서울 마포구 양화로16길 24,(지번) 서교동 369-1,카페
49,STORE_MP00050,카쿠시타,서울 마포구 동교로38길 33-15 지하 1층,(지번) 연남동 390-30,일식집
50,STORE_MP00051,아소정,서울 마포구 백범로25길 9,(지번) 염리동 149-9,냉면
51,STORE_MP00052,곱 마포점,서울 마포구 도화길 31-1,(지번) 도화동 179-11,"곱창,막창"
52,STORE_MP00053,모연,서울 마포구 토정로 318 영우빌딩 1층,(지번) 용강동 51-5,"육류,고기"
53,STORE_MP00054,감성타코 홍대점,서울 마포구 와우산로21길 20-11 2층,(지번) 서교동 358-121,"멕시칸,브라질"
54,STORE_MP00055,당인리책발전소,서울 마포구 월드컵로14길 10-8 1층,(지번) 서교동 475-26,북카페
55,STORE_MP00056,바다회사랑,서울 마포구 동교로27길 60,(지번) 연남동 566-8,회
56,STORE_MP00057,중화복춘,서울 마포구 동교로 220-7 1층,(지번) 동교동 152-11,중화요리
57,STORE_MP00058,맛이차이나,서울 마포구 독막로 68 2층,(지번) 상수동 321-1,중화요리
58,STORE_MP00059,또보겠지떡볶이 해피토스점,서울 마포구 잔다리로6길 34-5 2층,(지번) 서교동 366-14,떡볶이
59,STORE_MP00060,슬로우캘리,서울 마포구 동교로38길 35,(지번) 연남동 390-42,양식
60,STORE_MP00061,마포양지설렁탕,서울 마포구 새창로 6,(지번) 도화동 181-39,설렁탕
61,STORE_MP00062,브런치가,서울 마포구 월드컵북로4길 39,(지번) 동교동 204-29,카페
62,STORE_MP00063,랑데자뷰 상수점,서울 마포구 와우산로13길 49,(지번) 상수동 316-1,디저트카페
63,STORE_MP00064,여우골 홍대점,서울 마포구 와우산로19길 9,(지번) 서교동 363-24,"초밥,롤"
64,STORE_MP00065,램랜드,서울 마포구 토정로 255,(지번) 용강동 494-32,"육류,고기"
65,STORE_MP00066,딩가케이크,서울 마포구 동교로29길 68,(지번) 연남동 252-18,디저트카페
66,STORE_MP00067,철인7호치킨 홍대점,서울 마포구 양화로6길 99-3 반지하,(지번) 서교동 402-4,치킨
67,STORE_MP00068,덕승재,서울 마포구 월드컵북로 361 DMC이안상암2단지 2층 221호,(지번) 상암동 1653,한정식
68,STORE_MP00069,커피가게동경,서울 마포구 망원로6길 21 지하,(지번) 망원동 410-1,커피전문점
69,STORE_MP00070,피자네버슬립스 합정점,"서울 마포구 양화로6길 73 4, 5층",(지번) 서교동 400-13,피자
70,STORE_MP00071,카페밤비,서울 마포구 동교로9길 36 1층,(지번) 망원동 378-17,디저트카페
71,STORE_MP00072,오랑지,서울 마포구 동교로38길 13 2층,(지번) 연남동 390-71,카페
72,STORE_MP00073,우동카덴 서교점,서울 마포구 양화로7안길 2-1,(지번) 서교동 391-5,"돈까스,우동"
73,STORE_MP00074,돈카츠윤석,서울 마포구 백범로10길 30 1층,(지번) 신수동 36-3,"돈까스,우동"
74,STORE_MP00075,작당모의,서울 마포구 동교로32길 19 1층,(지번) 연남동 381-15,카페
75,STORE_MP00076,어메이징농카이,서울 마포구 월드컵북로1길 42,(지번) 서교동 375-37,태국음식
76,STORE_MP00077,중화복춘 골드 동교점,서울 마포구 월드컵북로6길 42 태성빌딩 1층 101호,(지번) 동교동 204-54,중화요리
77,STORE_MP00078,하하,서울 마포구 동교로 263,(지번) 연남동 229-12,중화요리
78,STORE_MP00079,빈브라더스 합정점,서울 마포구 토정로 35-1,(지번) 합정동 368-3,커피전문점
79,STORE_MP00080,진대감 마포점,서울 마포구 마포대로12길 54,(지번) 공덕동 249-62,"육류,고기"
80,STORE_MP00081,이요이요스시 공덕1호점,서울 마포구 마포대로 167 공덕래미안5차아파트 상가 106호,(지번) 공덕동 469,"초밥,롤"
81,STORE_MP00082,코코로카라,서울 마포구 월드컵북로8길 17 1층,(지번) 연남동 564-31,"제과,베이커리"
82,STORE_MP00083,연남취향,서울 마포구 연희로1길 36 1층,(지번) 동교동 113-25,이탈리안
83,STORE_MP00084,옥동식 서교점,서울 마포구 양화로7길 44-10,(지번) 서교동 385-6,곰탕
84,STORE_MP00085,마녀주방 홍대점,서울 마포구 와우산로21길 36-10,(지번) 서교동 358-51,양식
85,STORE_MP00086,앤디스커피,서울 마포구 와우산로35길 75 2층,(지번) 서교동 330-19,카페
86,STORE_MP00087,연교,서울 마포구 연희로1길 65 1층,(지번) 연남동 383-95,중화요리
87,STORE_MP00088,동무밥상,서울 마포구 양화진길 10,(지번) 합정동 381-64,한식
88,STORE_MP00089,굴다리식당,서울 마포구 새창로 8-1,(지번) 도화동 181-45,한식
89,STORE_MP00090,테일러커피 서교점,서울 마포구 와우산로27길 7 2층,(지번) 서교동 338-1,커피전문점
90,STORE_MP00091,담택,서울 마포구 월드컵로8길 34,(지번) 서교동 381-22,일본식라면
91,STORE_MP00092,톤앤매너,서울 마포구 와우산로29가길 13 1층,(지번) 서교동 337-10,카페
92,STORE_MP00093,칸다소바 홍대점,서울 마포구 와우산로 51-6,(지번) 상수동 91-3,일본식라면
93,STORE_MP00094,모아새,서울 마포구 포은로 71 1층,(지번) 망원동 395-17,디저트카페
94,STORE_MP00095,일등식당,서울 마포구 방울내로 82,(지번) 망원동 476-1,해장국
95,STORE_MP00096,밤부베이커리&브루잉,서울 마포구 월드컵로5길 33-23,(지번) 합정동 386-11,디저트카페
96,STORE_MP00097,카페스콘,서울 마포구 성미산로 172,(지번) 연남동 239-4,카페
97,STORE_MP00098,또보겠지떡볶이집 붕붕허니비점,서울 마포구 양화로19길 22-25 2층,(지번) 동교동 153-3,떡볶이
98,STORE_MP00099,시루케이크,서울 마포구 와우산로1길 4,(지번) 상수동 341-1,떡카페
99,STORE_MP00100,포가,서울 마포구 성미산로 190-4 2층,(지번) 연남동 228-2,중화요리
100,STORE_MP00101,마포옥,서울 마포구 토정로 312 1층,(지번) 용강동 50-13,설렁탕
101,STORE_MP00102,신성각,서울 마포구 임정로 55-1,(지번) 신공덕동 2-463,중화요리
102,STORE_MP00103,연어롭다,서울 마포구 동교로38길 42 지하1층,(지번) 연남동 382-19,"해물,생선"
103,STORE_MP00104,마루심 마포점,서울 마포구 토정로 316 성진빌딩 1층,(지번) 용강동 51-3,장어
104,STORE_MP00105,난,서울 마포구 토정로3길 22 지층,(지번) 합정동 367-8,한식
105,STORE_MP00106,딥블루레이크 커피로스터스,서울 마포구 포은로6길 11,(지번) 망원동 411-12,커피전문점
106,STORE_MP00107,또보겠지떡볶이집 호호시스터점,서울 마포구 양화로6길 45 2층,(지번) 서교동 396-32,떡볶이
107,STORE_MP00108,카페공명,서울 마포구 연희로 11 한국특허정보원빌딩 1층,(지번) 동교동 146-8,"제과,베이커리"
108,STORE_MP00109,코끼리즉석떡볶이,서울 마포구 도화2길 3,(지번) 도화동 345-4,분식
109,STORE_MP00110,바다회사랑 2호점,서울 마포구 동교로 143,(지번) 서교동 461-25,회
110,STORE_MP00111,잇텐고,서울 마포구 포은로 11,(지번) 합정동 396-14,일본식라면
111,STORE_MP00112,경주식당,서울 마포구 와우산로13길 49-7,(지번) 상수동 314-10,"육류,고기"
112,STORE_MP00113,오츠에스프레소,서울 마포구 독막로14길 32 지하 1층,(지번) 상수동 328-2,커피전문점
113,STORE_MP00114,푸하하크림빵,서울 마포구 양화로19길 22-25,(지번) 동교동 153-3,"제과,베이커리"
114,STORE_MP00115,콩카페 연남점,서울 마포구 성미산로 161-14 1층,(지번) 연남동 223-114,카페
115,STORE_MP00116,프리모바치오바치 홍대본점,"서울 마포구 와우산로23길 44 2,3층",(지번) 서교동 346-47,이탈리안
116,STORE_MP00117,가미우동,서울 마포구 홍익로2길 23,(지번) 서교동 346-31,"돈까스,우동"
117,STORE_MP00118,부탄츄 홍대점,서울 마포구 와우산로35길 75 1층,(지번) 서교동 330-19,일본식라면
118,STORE_MP00119,뉴오더클럽,서울 마포구 동교로34길 3,(지번) 연남동 260-31,피자
119,STORE_MP00120,카페요호,서울 마포구 잔다리로 88 1층,(지번) 서교동 459-13,카페
120,STORE_MP00121,일미락 상암점,서울 마포구 성암로13길 40,(지번) 상암동 1493,"육류,고기"
121,STORE_MP00122,육장,서울 마포구 월드컵로19길 74 지하2층,(지번) 망원동 57-194,한식
122,STORE_MP00123,더피자보이즈 서교점,서울 마포구 와우산로29마길 24-1 1층,(지번) 서교동 332-33,피자
123,STORE_MP00124,혼가츠,서울 마포구 와우산로21길 36-6 102호,(지번) 서교동 358-49,"돈까스,우동"
124,STORE_MP00125,감성타코&그릴 합정점,서울 마포구 월드컵로3길 14 딜라이트스퀘어 B동 지하 1층 147~154호,(지번) 합정동 473,"멕시칸,브라질"
125,STORE_MP00126,이치류 홍대본점,서울 마포구 잔다리로3안길 44,(지번) 서교동 395-124,"육류,고기"
126,STORE_MP00127,월화고기 상암직영 1호점,서울 마포구 매봉산로2안길 12-6,(지번) 상암동 8-3,"육류,고기"
127,STORE_MP00128,구공탄곱창 본점,서울 마포구 양화로6길 77 1층,(지번) 서교동 400-12,"곱창,막창"
128,STORE_MP00129,빌리프커피로스터스,서울 마포구 양화로11길 50 1층,(지번) 서교동 384-3,커피전문점
129,STORE_MP00130,철길왕갈비살,서울 마포구 와우산로32길 24,(지번) 창전동 4-2,갈비
130,STORE_MP00131,코다차야 홍대점,서울 마포구 와우산로 48 로하스타워 1층,(지번) 상수동 93-45,실내포장마차
131,STORE_MP00132,산동만두,서울 마포구 도화길 22-10,(지번) 도화동 327-1,분식
132,STORE_MP00133,마포나루 도화본점,서울 마포구 삼개로 11,(지번) 도화동 201-39,한정식
133,STORE_MP00134,세상끝의라멘,서울 마포구 양화로7길 6-5 와와빌딩 2층,(지번) 서교동 391-18,일본식라면
134,STORE_MP00135,서강8경,서울 마포구 토정로 128 8층,(지번) 상수동 356-6,양식
135,STORE_MP00136,라멘트럭 상수점,서울 마포구 독막로14길 31 1층,(지번) 상수동 324-10,일본식라면
136,STORE_MP00137,더평양,서울 마포구 월드컵북로 127,(지번) 성산동 54-7,냉면
137,STORE_MP00138,미미램양꼬치,서울 마포구 성미산로 196 상암빌딩 1층,(지번) 연남동 227-20,양꼬치
138,STORE_MP00139,콜린,"서울 마포구 어울마당로 45 1, 2층",(지번) 서교동 403-13,테마카페
139,STORE_MP00140,각시보쌈,서울 마포구 성지길 25,(지번) 합정동 372-27,"족발,보쌈"
140,STORE_MP00141,은행골 홍대점,서울 마포구 와우산로15길 34,(지번) 서교동 409-14,"초밥,롤"
141,STORE_MP00142,행진,서울 마포구 월드컵로 49 1층,(지번) 합정동 427-5,삼겹살
142,STORE_MP00143,빠넬로,서울 마포구 어울마당로5길 29,(지번) 서교동 400-22,이탈리안
143,STORE_MP00144,몰토베네,서울 마포구 성지3길 67 1층,(지번) 합정동 361-20,이탈리안
144,STORE_MP00145,발리문,서울 마포구 동교로 248-1 2층,(지번) 연남동 228-48,동남아음식
145,STORE_MP00146,멕시칸식당베르데,서울 마포구 동교로 262-6 1층,(지번) 연남동 387-13,"멕시칸,브라질"
146,STORE_MP00147,키쉬미뇽,서울 마포구 양화로6길 35,(지번) 서교동 394-16,카페
147,STORE_MP00148,킨지 연남점,서울 마포구 동교로 227-11 2층,(지번) 연남동 373-10,일식
148,STORE_MP00149,갓잇 연남점,서울 마포구 성미산로 161-13 1층,(지번) 연남동 240-2,"멕시칸,브라질"
149,STORE_MP00150,소바식당 망원점,서울 마포구 동교로9길 28,(지번) 망원동 378-9,일식
150,STORE_MP00151,진진 가연,서울 마포구 월드컵북로1길 60,(지번) 서교동 375-35,중화요리
151,STORE_MP00152,오복수산 연남점,서울 마포구 성미산로 198,(지번) 연남동 227-15,일식
152,STORE_MP00153,페어,서울 마포구 잔다리로7안길 23 1층,(지번) 서교동 378-12,카페
153,STORE_MP00154,더페이머스버거 홍대점,서울 마포구 잔다리로3안길 24 1층,(지번) 서교동 395-113,햄버거
154,STORE_MP00155,당도,서울 마포구 포은로 106 1층,(지번) 망원동 414-16,아이스크림
155,STORE_MP00156,버터밀크,서울 마포구 와우산로 130 1층,(지번) 창전동 6-131,카페
156,STORE_MP00157,락희옥 마포본점,서울 마포구 백범로 170 공덕더샾 101동 1호,(지번) 공덕동 478,한식
157,STORE_MP00158,비스트로주라,서울 마포구 와우산로23길 18-7 1층,(지번) 서교동 342-16,양식
158,STORE_MP00159,야키토리묵,서울 마포구 성미산로 165-1 1층,(지번) 연남동 223-102,일본식주점
159,STORE_MP00160,피오니 연남점,서울 마포구 연남로 59-1,(지번) 연남동 366-19,"제과,베이커리"
160,STORE_MP00161,W카페,서울 마포구 동교로25길 16,(지번) 동교동 200-18,카페
161,STORE_MP00162,조선시대,서울 마포구 홍익로3길 44 지하 1층,(지번) 서교동 369-4,"호프,요리주점"
162,STORE_MP00163,하카타분코,서울 마포구 독막로19길 43 1층,(지번) 상수동 93-28,일본식라면
163,STORE_MP00164,미스터리브루잉컴퍼니,서울 마포구 독막로 311 재화스퀘어 1층,(지번) 염리동 168-9,"호프,요리주점"
164,STORE_MP00165,빠레뜨한남 연남점,서울 마포구 동교로 257 1층,(지번) 연남동 229-56,양식
165,STORE_MP00166,발리인망원,서울 마포구 포은로 67 1층,(지번) 망원동 394-86,동남아음식
166,STORE_MP00167,김영섭초밥,서울 마포구 월드컵북로 352-18,(지번) 상암동 42-20,"초밥,롤"
167,STORE_MP00168,감나무집기사식당,서울 마포구 연남로 23,(지번) 연남동 515-20,기사식당
168,STORE_MP00169,괴르츠,서울 마포구 토정로 136-13 우성빌딩 7F,(지번) 상수동 304-1,양식
169,STORE_MP00170,파네트,서울 마포구 마포대로11길 17,(지번) 공덕동 232-9,"제과,베이커리"
170,STORE_MP00171,미즈컨테이너 서교점,서울 마포구 와우산로18길 32,(지번) 서교동 360-13,이탈리안
171,STORE_MP00172,연남제비,서울 마포구 성미산로 186,(지번) 연남동 228-5,"육류,고기"
172,STORE_MP00173,이미커피,서울 마포구 동교로25길 7 1층,(지번) 동교동 201-10,카페
173,STORE_MP00174,만복기사식당,서울 마포구 희우정로 121,(지번) 망원동 455-1,기사식당
174,STORE_MP00175,또보겠지떡볶이집 깐따삐아점,서울 마포구 와우산로21길 28-12,(지번) 서교동 358-42,떡볶이
175,STORE_MP00176,봉피양 마포점,서울 마포구 토정로 308,(지번) 용강동 50-4,한식
176,STORE_MP00177,스시메이진 홍대점,서울 마포구 양화로18길 3 삼양빌딩 2층,(지번) 동교동 166-13,"초밥,롤"
177,STORE_MP00178,또보겠지떡볶이집 스마일보이점,서울 마포구 와우산로29길 14-8 2층,(지번) 서교동 327-20,떡볶이
178,STORE_MP00179,공상온도,서울 마포구 동교로23길 40 지하 1층,(지번) 동교동 203-11,카페
179,STORE_MP00180,랑데자뷰 서교점,서울 마포구 월드컵북로5길 53,(지번) 서교동 460-2,카페
180,STORE_MP00181,민트하임,서울 마포구 잔다리로6길 28,(지번) 서교동 366-28,디저트카페
181,STORE_MP00182,오늘그대와,서울 마포구 동교로 262-13 1층,(지번) 연남동 387-8,양식
182,STORE_MP00183,롤링파스타 홍대점,서울 마포구 홍익로 6 2층,(지번) 서교동 344-15,이탈리안
183,STORE_MP00184,성미골고기마을,서울 마포구 월드컵로 121,(지번) 망원동 481-8,"육류,고기"
184,STORE_MP00185,21세기 우리바다수산,서울 마포구 동교로 173,(지번) 동교동 206-5,회
185,STORE_MP00186,서울안심축산정육식당 마포직영점,서울 마포구 토정로35길 11 인우빌딩 1층,(지번) 용강동 67-1,"육류,고기"
186,STORE_MP00187,팔로피자,서울 마포구 양화로6길 9-20 1층,(지번) 서교동 394-65,피자
187,STORE_MP00188,블랑제리코팡,서울 마포구 희우정로 115 1층,(지번) 망원동 455-17,"제과,베이커리"
188,STORE_MP00189,장작집,서울 마포구 월드컵북로6길 19,(지번) 연남동 570-38,치킨
189,STORE_MP00190,시오,서울 마포구 독막로2길 30,(지번) 합정동 372-17,일식집
190,STORE_MP00191,영동감자탕,서울 마포구 월드컵북로5길 17,(지번) 서교동 448-2,감자탕
191,STORE_MP00192,디벙크,서울 마포구 성지1길 30 더보이드빌딩 지하1층,(지번) 합정동 366-1,카페
192,STORE_MP00193,엘비스텍,서울 마포구 연남로1길 26,(지번) 연남동 566-12,와인바
193,STORE_MP00194,투떰즈업,서울 마포구 월드컵로19길 71 1층,(지번) 망원동 57-278,"제과,베이커리"
194,STORE_MP00195,고향집,서울 마포구 포은로8길 28,(지번) 망원1동 414-20,국수
195,STORE_MP00196,제주은희네해장국 홍대점,서울 마포구 월드컵북로 43 1층,(지번) 서교동 449-6,해장국
196,STORE_MP00197,아이엠베이글 공덕점,서울 마포구 백범로 152 공덕파크자이 101동,(지번) 공덕동 476,디저트카페
197,STORE_MP00198,손오공마라탕,서울 마포구 양화로18길 15,(지번) 동교동 169-14,중식
198,STORE_MP00199,터틀힙,서울 마포구 양화로18안길 22 B&J빌딩 2층,(지번) 동교동 169-22,"제과,베이커리"
199,STORE_MP00200,바스버거 연남점,서울 마포구 양화로21길 21 2층,(지번) 동교동 154-1,햄버거
200,STORE_MP00201,뚜띠쿠치나 공덕점,서울 마포구 마포대로12길 58,(지번) 공덕동 249-36,이탈리안
201,STORE_MP00202,영광보쌈,서울 마포구 만리재로1길 14,(지번) 공덕동 256-20,"족발,보쌈"
202,STORE_MP00203,오마,서울 마포구 동교로 262-6 2층,(지번) 연남동 387-13,이탈리안
203,STORE_MP00204,신도세기 마포점,서울 마포구 토정로 271 1층 101호,(지번) 용강동 473-1,"육류,고기"
204,STORE_MP00205,무대륙,서울 마포구 토정로5길 12,(지번) 합정동 357-7,카페
205,STORE_MP00206,마포왕족발,서울 마포구 만리재로 19,(지번) 공덕동 256-43,"족발,보쌈"
206,STORE_MP00207,르쁘띠푸 홍대본점,서울 마포구 와우산로 62 삼애빌딩 2층,(지번) 상수동 86-37,디저트카페
207,STORE_MP00208,크라이치즈버거 상암점,"서울 마포구 매봉산로 75 지하1층 B109, B110호",(지번) 상암동 1610,햄버거
208,STORE_MP00209,연남방앗간,서울 마포구 동교로29길 34 1층,(지번) 연남동 257-22,카페
209,STORE_MP00210,테일러커피 연남2호점,"서울 마포구 성미산로 187 1층, 2층",(지번) 연남동 224-57,커피전문점
210,STORE_MP00211,김진환제과점,서울 마포구 와우산로32길 41,(지번) 동교동 186-22,"제과,베이커리"
211,STORE_MP00212,홍대조폭떡볶이,서울 마포구 어울마당로 60,(지번) 서교동 407-21,떡볶이
212,STORE_MP00213,그레이랩,서울 마포구 토정로3길 16,(지번) 합정동 367-9,카페
213,STORE_MP00214,현래장,서울 마포구 마포대로 20 다보빌딩 지하 1층,(지번) 마포동 140,중화요리
214,STORE_MP00215,원조양평신내서울해장국 마포직영점,서울 마포구 토정로31길 24 이편한세상상가 2층,(지번) 용강동 508,해장국
215,STORE_MP00216,펠른,서울 마포구 성미산로22길 18 A동 1층,(지번) 연남동 504-50,카페
216,STORE_MP00217,포멜로빈 공덕점,서울 마포구 백범로 170 1층,(지번) 공덕동 478,커피전문점
217,STORE_MP00218,유부,서울 마포구 망원로 70 1층,(지번) 망원동 414-82,"초밥,롤"
218,STORE_MP00219,트라토리아몰토,서울 마포구 월드컵북로 332-12 1층,(지번) 상암동 34-36,이탈리안
219,STORE_MP00220,비스트로사랑방,서울 마포구 와우산로15길 40,(지번) 서교동 408-25,이탈리안
220,STORE_MP00221,교대이층집 마포점,서울 마포구 도화4길 9 2층,(지번) 도화동 182-2,"육류,고기"
221,STORE_MP00222,홍마떡 홍대본점,서울 마포구 홍익로5안길 24 2층,(지번) 서교동 355-25,떡볶이
222,STORE_MP00223,색동저고리 마포점,서울 마포구 도화길 27 2층,(지번) 도화동 179-3,한정식
223,STORE_MP00224,어나더룸 연남,서울 마포구 성미산로29안길 19-4 1층,(지번) 연남동 241-88,카페
224,STORE_MP00225,멘야하나비 합정점,서울 마포구 잔다리로7안길 14 1층,(지번) 서교동 379-13,일본식라면
225,STORE_MP00226,강화통통생고기 본점,서울 마포구 동교로 90 1층,(지번) 서교동 444-2,"육류,고기"
226,STORE_MP00227,크래버대게나라 마포점,"서울 마포구 월드컵로 58 1,2층",(지번) 서교동 476-19,"게,대게"
227,STORE_MP00228,명인갈비,서울 마포구 연남로 85,(지번) 연남동 361-17,갈비
228,STORE_MP00229,황곱 홍대점,서울 마포구 어울마당로 149 1층,(지번) 동교동 170-23,"곱창,막창"
229,STORE_MP00230,복성각 마포본점,서울 마포구 마포대로 63-8 삼창프라자 지하 1층,(지번) 도화동 173,중화요리
230,STORE_MP00231,여우골 홍대서교점,서울 마포구 월드컵북로1길 20,(지번) 서교동 352-16,"초밥,롤"
231,STORE_MP00232,미분당 홍대점,서울 마포구 서강로9길 59,(지번) 창전동 5-73,베트남음식
232,STORE_MP00233,능라도 마포점,서울 마포구 마포대로 25,(지번) 마포동 33-1,냉면
233,STORE_MP00234,이춘복참치 공덕점,서울 마포구 마포대로 92 효성해링턴 스퀘어 B동 2층 1호,(지번) 도화동 25-66,참치회
234,STORE_MP00235,공감 홍대2호점,서울 마포구 와우산로17길 10 2층,(지번) 서교동 407-6,일본식주점
235,STORE_MP00236,주막,서울 마포구 월드컵북로6길 56 1층,(지번) 동교동 204-5,한식
236,STORE_MP00237,진저피그,서울 마포구 양화로 128,(지번) 서교동 354-6,"육류,고기"
237,STORE_MP00238,카페장쌤,서울 마포구 와우산로29마길 5,(지번) 서교동 333-30,카페
238,STORE_MP00239,비로소커피,서울 마포구 광성로6길 42 1층,(지번) 신수동 85-19,커피전문점
239,STORE_MP00240,카미야,서울 마포구 와우산로21길 28-6,(지번) 서교동 358-39,"돈까스,우동"
240,STORE_MP00241,오목집 마포점,서울 마포구 도화길 50-6 1층,(지번) 도화동 194-22,"족발,보쌈"
241,STORE_MP00242,상수동 카스티야,서울 마포구 와우산로 39-21,(지번) 상수동 310-11,"제과,베이커리"
242,STORE_MP00243,태양커피 홍대점,서울 마포구 어울마당로 100-12 1층,(지번) 서교동 358-106,커피전문점
243,STORE_MP00244,82년생김민경 X 카페르세,서울 마포구 매봉산로 80 1층 15호,(지번) 상암동 1615,카페
244,STORE_MP00245,독립카츠 성격양식 2호점,서울 마포구 연남로 19 1층,(지번) 연남동 566-56,"돈까스,우동"
245,STORE_MP00246,뭄알로이,서울 마포구 독막로15길 3-6 2층,(지번) 상수동 313-6,태국음식
246,STORE_MP00247,히츠지야4.5,서울 마포구 동교로 257-1 1층,(지번) 연남동 229-55,일식
247,STORE_MP00248,리틀파파포 합정본점,서울 마포구 독막로3길 7,(지번) 합정동 413-15,베트남음식
248,STORE_MP00249,카페클로이인패리스,서울 마포구 성미산로 190-3 1층,(지번) 연남동 227-24,디저트카페
249,STORE_MP00250,로쏘1924,서울 마포구 홍익로 29 1층,(지번) 서교동 354-2,피자
250,STORE_MP00251,멘지,서울 마포구 월드컵로11길 8,(지번) 망원동 378-6,일본식라면
251,STORE_MP00252,프롬하노이,서울 마포구 포은로8길 20 1층,(지번) 망원동 411-8,베트남음식
252,STORE_MP00253,하하&김종국의 401정육식당 홍대본점,서울 마포구 잔다리로 23 1층,(지번) 서교동 395-17,"육류,고기"
253,STORE_MP00254,짬뽕지존 홍대점,서울 마포구 어울마당로 44-1 보리수빌딩 1층,(지번) 서교동 408-27,중화요리
254,STORE_MP00255,소점,서울 마포구 성미산로17길 99,(지번) 연남동 487-278,"호프,요리주점"
255,STORE_MP00256,블랑,서울 마포구 양화로 192 대영빌딩 1층,(지번) 동교동 173-14,디저트카페
256,STORE_MP00257,오리지널시카고피자 홍대본점,"서울 마포구 독막로7길 51 3,4층",(지번) 서교동 395-78,피자
257,STORE_MP00258,남해바다,서울 마포구 토정로37길 46,(지번) 도화동 536,회
258,STORE_MP00259,산더미불고기,서울 마포구 어울마당로 47,(지번) 서교동 403-16,"불고기,두루치기"
259,STORE_MP00260,제비다방,서울 마포구 와우산로 24,(지번) 상수동 330-12,다방
260,STORE_MP00261,오스테리아오라,서울 마포구 잔다리로 105 1층,(지번) 서교동 468-17,이탈리안
261,STORE_MP00262,바삭마차,서울 마포구 월드컵로13길 64,(지번) 망원동 412-52,"돈까스,우동"
262,STORE_MP00263,모두막,서울 마포구 와우산로29바길 11-4 2층,(지번) 서교동 332-30,테마카페
263,STORE_MP00264,스시소라 마포점,서울 마포구 마포대로 68 마포아크로타워 지하1층 B07호,(지번) 도화동 563,"초밥,롤"
264,STORE_MP00265,멘야산다이메 홍대점,서울 마포구 홍익로5안길 24,(지번) 서교동 355-25,일본식라면
265,STORE_MP00266,요코쵸,서울 마포구 성미산로 161-15,(지번) 연남동 240-1,일본식주점
266,STORE_MP00267,평안도상원냉면,서울 마포구 양화로 156 LG팰리스빌딩 지하1층 134호,(지번) 동교동 165-8,냉면
267,STORE_MP00268,조선초가한끼,서울 마포구 독막로 288 세양아파트상가 1층,(지번) 대흥동 802,한식
268,STORE_MP00269,간코,서울 마포구 양화로3길 15,(지번) 합정동 387-21,"돈까스,우동"
269,STORE_MP00270,쿠이신보,서울 마포구 양화로6길 38 영광빌딩 2층,(지번) 합정동 413-16,일식
270,STORE_MP00271,아웃닭 홍대점,서울 마포구 와우산로17길 19,(지번) 서교동 409-17,치킨
271,STORE_MP00272,아이엠어버거 홍대본점,서울 마포구 와우산로30길 13 1층,(지번) 창전동 5-78,햄버거
272,STORE_MP00273,홍스쭈꾸미 홍대본점,서울 마포구 어울마당로 146,(지번) 서교동 331-21,"해물,생선"
273,STORE_MP00274,키움초밥,서울 마포구 잔다리로 77 1층,(지번) 서교동 466-5,"초밥,롤"
274,STORE_MP00275,카페 사운드웨이브,서울 마포구 독막로3길 24 3층,(지번) 서교동 396-29,카페
275,STORE_MP00276,8810리스트레토바,서울 마포구 월드컵북로6길 88-10,(지번) 동교동 197-31,커피전문점
276,STORE_MP00277,연남주막1987,서울 마포구 동교로 212-5 1층,(지번) 동교동 152-15,한식
277,STORE_MP00278,연남동잠깐 1호점,서울 마포구 동교로32길 3 3층,(지번) 연남동 260-52,"호프,요리주점"
278,STORE_MP00279,향미,서울 마포구 성미산로 193,(지번) 연남동 226-21,중화요리
279,STORE_MP00280,와인로그,"서울 마포구 와우산로21길 36-8 2,3층",(지번) 서교동 358-50,와인바
280,STORE_MP00281,델리인디아,서울 마포구 독막로9길 8 2층,(지번) 서교동 402-6,인도음식
281,STORE_MP00282,고쿠텐 홍대점,서울 마포구 월드컵북로4길 26 1층,(지번) 동교동 201-41,일식
282,STORE_MP00283,계고기집,서울 마포구 백범로24길 1,(지번) 염리동 157-8,닭요리
283,STORE_MP00284,금옥당,서울 마포구 어울마당로 39 1층,(지번) 서교동 402-18,디저트카페
284,STORE_MP00285,홍대파스타리코,서울 마포구 홍익로5안길 32 준빌라,(지번) 서교동 355-5,양식
285,STORE_MP00286,바비레드 홍대점,서울 마포구 독막로15길 25,(지번) 상수동 312-8,양식
286,STORE_MP00287,돈주는남자 본점,서울 마포구 잔다리로6길 34-9,(지번) 서교동 366-2,"육류,고기"
287,STORE_MP00288,허밍벨라,서울 마포구 독막로7길 57,(지번) 서교동 395-199,카페
288,STORE_MP00289,라그릴리아 공덕점,서울 마포구 마포대로 92 효성해링턴스퀘어 A동 2층,(지번) 도화동 25-13,이탈리안
289,STORE_MP00290,카레시,서울 마포구 독막로3길 28-17,(지번) 서교동 396-51,퓨전일식
290,STORE_MP00291,버바나,서울 마포구 월드컵북로6길 88 1층,(지번) 동교동 197-15,햄버거
291,STORE_MP00292,씨스루 홍대연남점,서울 마포구 동교로 266-6 1층,(지번) 연남동 387-3,디저트카페
292,STORE_MP00293,히어로보드게임카페 홍대1호점,서울 마포구 와우산로21길 31-10 2층,(지번) 서교동 364-22,보드카페
293,STORE_MP00294,블루쿠치나,서울 마포구 월드컵로19길 18,(지번) 망원동 57-41,이탈리안
294,STORE_MP00295,바나나하루키,서울 마포구 독막로19길 8-17,(지번) 상수동 72-43,디저트카페
295,STORE_MP00296,합정동 원조황소곱창구이전문,서울 마포구 월드컵로 91,(지번) 망원동 373-3,"곱창,막창"
296,STORE_MP00297,더페이머스램,서울 마포구 월드컵북로 19 1층,(지번) 서교동 447-7,카페
297,STORE_MP00298,로운샤브샤브 홍대점,서울 마포구 양화로 153 토로스쇼핑타워 지하 1층,(지번) 동교동 159-12,샤브샤브
298,STORE_MP00299,카에루,서울 마포구 양화로1길 31,(지번) 합정동 392-1,일본식주점
299,STORE_MP00300,사루카메,서울 마포구 연남로 15,(지번) 연남동 566-67,일본식라면
300,STORE_MP00301,더다이닝랩,서울 마포구 양화로23길 22-7,(지번) 동교동 148-7,양식
301,STORE_MP00302,스미비부타동,서울 마포구 와우산로13길 19 2층,(지번) 상수동 92-6,일식
302,STORE_MP00303,연주방,서울 마포구 동교로46길 7,(지번) 연남동 387-19,"호프,요리주점"
303,STORE_MP00304,홍대브로스버거,서울 마포구 홍익로 3-30 2층,(지번) 서교동 358-96,햄버거
304,STORE_MP00305,멕시코식당,서울 마포구 독막로2길 23 1층,(지번) 합정동 366-7,"멕시칸,브라질"
305,STORE_MP00306,서교밥집,서울 마포구 잔다리로 78,(지번) 서교동 465-11,"돈까스,우동"
306,STORE_MP00307,온돌,서울 마포구 양화로6길 65 1층,(지번) 서교동 399-23,한식
307,STORE_MP00308,밀면집,서울 마포구 포은로 90,(지번) 망원동 403-5,국수
308,STORE_MP00309,논탄토 로스터스 연남점,서울 마포구 동교로 212-16 1층,(지번) 동교동 153-14,카페
309,STORE_MP00310,커피냅로스터스 연남동,서울 마포구 성미산로27길 70,(지번) 연남동 453-32,카페
310,STORE_MP00311,정광수의돈까스가게,서울 마포구 희우정로5길 29,(지번) 합정동 457-3,"돈까스,우동"
311,STORE_MP00312,감칠,서울 마포구 동교로46길 27 2층,(지번) 연남동 385-3,퓨전요리
312,STORE_MP00313,백년토종삼계탕 본점,서울 마포구 양화로 118,(지번) 서교동 354-12,삼계탕
313,STORE_MP00314,서룡,서울 마포구 월드컵북로 361 DMC이안상암2단지 2층 201호~204호,(지번) 상암동 1653,중화요리
314,STORE_MP00315,멘야준,서울 마포구 동교로 128,(지번) 서교동 465-2,일본식라면
315,STORE_MP00316,서울편백찜 망원점,서울 마포구 성미산로2길 43 1층,(지번) 서교동 442-4,"육류,고기"
316,STORE_MP00317,다엔조,서울 마포구 연희로1길 59-2 1층,(지번) 연남동 383-99,이탈리안
317,STORE_MP00318,구공탄곱창 합정2호점,서울 마포구 성지길 18,(지번) 합정동 375-26,"곱창,막창"
318,STORE_MP00319,그로토,서울 마포구 새창로4길 9 지하1층,(지번) 도화동 184-22,카페
319,STORE_MP00320,불이아 본점,서울 마포구 동교로 182-6,(지번) 동교동 161-14,중화요리
320,STORE_MP00321,라오삐약,서울 마포구 희우정로10길 5 1층,(지번) 망원동 396-27,아시아음식
321,STORE_MP00322,보헤미안박이추커피공장 상암점,서울 마포구 성암로 267 MBC몰파크 2층 201호,(지번) 상암동 1603,커피전문점
322,STORE_MP00323,디에이프릴,서울 마포구 성미산로29안길 19 1층,(지번) 연남동 241-16,카페
323,STORE_MP00324,광합성카페,서울 마포구 월드컵로19길 8 1층,(지번) 망원동 57-36,카페
324,STORE_MP00325,질리,서울 마포구 동교로38길 23 지층,(지번) 연남동 390-24,이탈리안
325,STORE_MP00326,암튼,서울 마포구 월드컵로15길 37,(지번) 망원동 380-19,카페
326,STORE_MP00327,스시엔준,서울 마포구 동교로 198 태양빌딩 1층 102호,(지번) 동교동 158-25,"초밥,롤"
327,STORE_MP00328,카페시루모락,서울 마포구 양화로10길 20 1.5층 상가,(지번) 서교동 395-178,카페
328,STORE_MP00329,바스버거 상암DMC점,서울 마포구 월드컵북로56길 19 드림타워 2층,(지번) 상암동 1595-1,햄버거
329,STORE_MP00330,하이웨이스트,서울 마포구 성미산로 167-9,(지번) 연남동 223-80,카페
330,STORE_MP00331,듁스커피 쇼룸,서울 마포구 어울마당로2길 10 1층,(지번) 당인동 24-11,카페
331,STORE_MP00332,수퍼,서울 마포구 삼개로 20 근신빌딩 별관 103호,(지번) 도화동 251-1,양식
332,STORE_MP00333,루프트커피 망원점,"서울 마포구 망원로6길 65 1,2층",(지번) 망원동 399-10,커피전문점
333,STORE_MP00334,온미동,서울 마포구 월드컵북로4길 95,(지번) 동교동 197-40,일식집
334,STORE_MP00335,박용석스시 1호점,서울 마포구 잔다리로 78,(지번) 서교동 465-11,"초밥,롤"
335,STORE_MP00336,벌스가든&하우스,서울 마포구 성미산로23길 44,(지번) 연남동 246-22,테마카페
336,STORE_MP00337,부산갈매기,서울 마포구 도화길 48-3,(지번) 도화동 194-18,"육류,고기"
337,STORE_MP00338,모리츠플라츠,서울 마포구 와우산로 174 1층,(지번) 동교동 184-17,카페
338,STORE_MP00339,와우끝집,서울 마포구 와우산로 162,(지번) 서교동 325-1,회
339,STORE_MP00340,양화정숯불갈비,서울 마포구 월드컵로1길 17,(지번) 합정동 383-26,갈비
340,STORE_MP00341,꼬르소산도,서울 마포구 월드컵로 157 1층,(지번) 망원동 474-2,디저트카페
341,STORE_MP00342,당가원,서울 마포구 월드컵북로 173,(지번) 성산동 200-38,중화요리
342,STORE_MP00343,교대이층집 상암점,서울 마포구 월드컵북로48길 19 상암빌딩 2층,(지번) 상암동 15-29,"육류,고기"
343,STORE_MP00344,예티,서울 마포구 와우산로18길 10 2층,(지번) 서교동 360-22,인도음식
344,STORE_MP00345,훠궈나라 홍대점,서울 마포구 어울마당로 133,(지번) 동교동 164-33,중화요리
345,STORE_MP00346,도화아파트먼트,서울 마포구 도화2길 27,(지번) 도화동 346-2,디저트카페
346,STORE_MP00347,이도맨숀 공덕점,서울 마포구 백범로 170 101동 2호,(지번) 공덕동 445-1,"육류,고기"
347,STORE_MP00348,호맥 합정점,서울 마포구 독막로5길 5 1층,(지번) 합정동 412-8,"호프,요리주점"
348,STORE_MP00349,육시리 마포직영점,서울 마포구 토정로 310 한국카본빌딩 1층,(지번) 용강동 50-11,"육류,고기"
349,STORE_MP00350,초마 홍대본점,서울 마포구 와우산로 72 2층,(지번) 서교동 361-10,중화요리
350,STORE_MP00351,낙곱새미장원,서울 마포구 월드컵북로4길 13 1층,(지번) 동교동 203-18,"해물,생선"
351,STORE_MP00352,펠트커피 창전동점,서울 마포구 서강로11길 23,(지번) 창전동 2-47,카페
352,STORE_MP00353,히츠지야 한국본점,서울 마포구 독막로3길 21,(지번) 서교동 395-36,일식집
353,STORE_MP00354,츄이구이브레드,서울 마포구 동교로18길 13 세원빌딩 1층,(지번) 서교동 464-12,"제과,베이커리"
354,STORE_MP00355,배떼기곱창 홍대점,서울 마포구 양화로18안길 26-6,(지번) 동교동 169-2,"곱창,막창"
355,STORE_MP00356,문,서울 마포구 동교로46길 21 2층,(지번) 연남동 385-12,이탈리안
356,STORE_MP00357,부산집,서울 마포구 와우산로38길 4,(지번) 동교동 188-2,일본식주점
357,STORE_MP00358,우이락,서울 마포구 포은로8길 22,(지번) 망원동 411-21,한식
358,STORE_MP00359,네시사분,서울 마포구 성미산로 190-8 1층,(지번) 연남동 387-7,디저트카페
359,STORE_MP00360,땡스네이쳐,서울 마포구 홍익로 10 푸르지오상가 지하 121호,(지번) 서교동 486,테마카페
360,STORE_MP00361,무월식탁 홍대점,서울 마포구 어울마당로 44 1층,(지번) 서교동 408-29,한식
361,STORE_MP00362,씨푸드살롱마레스타,서울 마포구 월드컵북로4길 15 1층,(지번) 동교동 203-19,이탈리안
362,STORE_MP00363,루아르커피바,서울 마포구 독막로34길 32 1층,(지번) 신수동 42-10,카페
363,STORE_MP00364,베어스덴베이커리,서울 마포구 양화로23길 10-9,(지번) 동교동 147-59,"제과,베이커리"
364,STORE_MP00365,페이브 연남점,서울 마포구 동교로39길 4-13,(지번) 연남동 255-12,"제과,베이커리"
365,STORE_MP00366,왔쏘 홍대점,서울 마포구 독막로7길 20,(지번) 서교동 401-6,고기뷔페
366,STORE_MP00367,당인동국수공장,서울 마포구 와우산로3길 48-3,(지번) 당인동 25-9,국수
367,STORE_MP00368,곱창파는고기집,서울 마포구 마포대로 173-14 4층 401호,(지번) 아현동 618-19,삼겹살
368,STORE_MP00369,219,서울 마포구 잔다리로3안길 16,(지번) 서교동 395-115,이탈리안
369,STORE_MP00370,수저가,서울 마포구 광성로4길 10 1층,(지번) 신수동 89-10,중화요리
370,STORE_MP00371,앵춘,서울 마포구 독막로 81 1층,(지번) 상수동 310-4,술집
371,STORE_MP00372,미담진족,서울 마포구 잔다리로3안길 27 1.5층,(지번) 서교동 395-20,"족발,보쌈"
372,STORE_MP00373,쇼콜라윰,서울 마포구 와우산로21길 26,(지번) 서교동 358-125,카페
373,STORE_MP00374,하카타나카,서울 마포구 와우산로23길 50 2층,(지번) 서교동 346-36,일식
374,STORE_MP00375,꿀돼지집,서울 마포구 동교로 236 2층,(지번) 연남동 260-51,삼겹살
375,STORE_MP00376,훌리오 홍대점,서울 마포구 와우산로13길 40 1층,(지번) 서교동 411-18,"멕시칸,브라질"
376,STORE_MP00377,사람사는 고깃집 김일도 마포공덕점,서울 마포구 토정로37길 41 1층 102호,(지번) 염리동 173-32,"육류,고기"
377,STORE_MP00378,와줘서고마워,서울 마포구 양화로11길 22,(지번) 서교동 380-15,카페
378,STORE_MP00379,다섯가지일품구이 519,서울 마포구 독막로9길 19 1층,(지번) 서교동 404-24,삼겹살
379,STORE_MP00380,사계진미숮불닭갈비 홍대점,서울 마포구 와우산로29바길 5 2층,(지번) 서교동 332-22,닭요리
380,STORE_MP00381,홍익게장 홍대본점,서울 마포구 월드컵북로 59,(지번) 성산동 232-12,"게,대게"
381,STORE_MP00382,풍천장어 연남점,서울 마포구 동교로27길 39,(지번) 연남동 568-25,장어
382,STORE_MP00383,부부드꼼뜨와,서울 마포구 월드컵북로6길 82 신한빌딩 1층,(지번) 동교동 197-25,이탈리안
383,STORE_MP00384,아웃백스테이크하우스 합정점,서울 마포구 월드컵로3길 14 마포한강푸르지오2차 1층 110호,(지번) 합정동 473,패밀리레스토랑
384,STORE_MP00385,오우,서울 마포구 월드컵북로6길 26 1층,(지번) 동교동 203-56,퓨전한식
385,STORE_MP00386,긴자료코 본점,서울 마포구 홍익로2길 43 지하1층,(지번) 서교동 346-21,일식
386,STORE_MP00387,아틀리에크레타,서울 마포구 망원로2길 69 2층,(지번) 망원동 398-35,카페
387,STORE_MP00388,라뚜셩트,서울 마포구 잔다리로 30-32 1층,(지번) 서교동 368-34,디저트카페
388,STORE_MP00389,첸토페르첸토,서울 마포구 동교로12길 41-13 1층,(지번) 서교동 382-14,이탈리안
389,STORE_MP00390,진만두,서울 마포구 와우산로29길 4-42 지하1층,(지번) 서교동 327-22,중화요리
390,STORE_MP00391,럭키인디아,서울 마포구 양화로7길 6-5 와와빌딩 지하1층,(지번) 서교동 391-18,인도음식
391,STORE_MP00392,도시의어부 상암동DMC점,서울 마포구 월드컵북로44길 39 1층,(지번) 상암동 35-7,회
392,STORE_MP00393,신촌서서갈비,서울 마포구 서강로20길 10,(지번) 노고산동 106-8,갈비
393,STORE_MP00394,일쩜오플로어 연남,서울 마포구 동교로34길 21,(지번) 연남동 381-5,카페
394,STORE_MP00395,어라운드그린,서울 마포구 망원로 79 3층,(지번) 망원동 423-15,양식
395,STORE_MP00396,오라방,서울 마포구 포은로 68 1층,(지번) 망원동 338-1,국수
396,STORE_MP00397,마담티라미수,서울 마포구 양화로3길 55 지하 1층,(지번) 합정동 386-37,디저트카페
397,STORE_MP00398,탐스피자,서울 마포구 신촌로2안길 35 1층,(지번) 동교동 178-11,피자
398,STORE_MP00399,비스트로연남,서울 마포구 양화로23길 10-10 1.5층,(지번) 동교동 147-48,이탈리안
399,STORE_MP00400,쿠루미,서울 마포구 동교로 242-13 2층,(지번) 연남동 390-51,일본식주점
400,STORE_MP00401,돈워리비달리,서울 마포구 희우정로20길 36,(지번) 망원동 409-11,"제과,베이커리"
401,STORE_MP00402,만두란,서울 마포구 동교로 81 1층,(지번) 망원동 386-5,분식
402,STORE_MP00403,돼지대학교 합정점,"서울 마포구 독막로 15 1,2층",(지번) 합정동 413-26,삼겹살
403,STORE_MP00404,서울동,서울 마포구 독막로3길 52,(지번) 서교동 397-5,일식집
404,STORE_MP00405,옹달샘 본점,서울 마포구 양화로6길 99 1층,(지번) 서교동 402-3,한식
405,STORE_MP00406,랫댓,서울 마포구 동교로 243-4 2층,(지번) 연남동 258-5,피자
406,STORE_MP00407,후라토식당 상수직영점,서울 마포구 독막로15길 3-14,(지번) 상수동 313-2,"돈까스,우동"
407,STORE_MP00408,버터베이커리 (휴업중),서울 마포구 동교로 226,(지번) 동교동 152-1,"제과,베이커리"
408,STORE_MP00409,베니케이크,서울 마포구 와우산로29다길 11,(지번) 서교동 335-25,"제과,베이커리"
409,STORE_MP00410,만만코코로 홍대점,"서울 마포구 양화로16길 34 2, 3층",(지번) 서교동 369-41,"호프,요리주점"
410,STORE_MP00411,히메시야,서울 마포구 독막로15길 3-18,(지번) 상수동 313-1,일식
411,STORE_MP00412,스시올리지,서울 마포구 동교로 266-11,(지번) 연남동 228-3,"초밥,롤"
412,STORE_MP00413,소코아 홍대점,서울 마포구 와우산로15길 49 1층,(지번) 서교동 411-12,일식
413,STORE_YC00001,팔각도 목동본점,서울 양천구 목동동로 266-1 금강빌딩 1층,(지번) 목동 406-227,닭요리
414,STORE_YC00002,락희안 목동점,"서울 양천구 오목로 330 2,3층",(지번) 목동 405-285,중화요리
415,STORE_YC00003,일미락 목동본점,서울 양천구 목동동로 226-16 1층,(지번) 목동 406-126,"육류,고기"
416,STORE_YC00004,더아리엘 목동점,서울 양천구 오목로 300 현대하이페리온2차 206동 지하1층 109~115호,(지번) 목동 961-1,뷔페
417,STORE_YC00005,히노야마,서울 양천구 목동서로 349 센트럴프라자 119호,(지번) 신정동 321-7,"돈까스,우동"
418,STORE_YC00006,살구나무집칼국수,서울 양천구 중앙로32길 35,(지번) 신정1동 1048-7,국수
419,STORE_YC00007,젠틀한식탁,서울 양천구 목동동로14길 6-1 1층,(지번) 목동 405-201,이탈리안
420,STORE_YC00008,먹자대게,서울 양천구 목동서로 213 세신비젼프라자 1층 108호,(지번) 목동 923,"게,대게"
421,STORE_YC00009,삿뽀로 목동점,서울 양천구 목동동로 189 삼성쉐르빌1 지하1층,(지번) 신정동 318-10,일식집
422,STORE_YC00010,이조면옥 목동본점,서울 양천구 신목로 88,(지번) 신정2동 118-1,냉면
423,STORE_YC00011,대박곱창 본점,서울 양천구 오목로 170 태남프라자 1층,(지번) 신정동 949-3,"곱창,막창"
424,STORE_YC00012,금화왕돈까스 신월점,서울 양천구 화곡로 91 1층,(지번) 신월동 24-7,"돈까스,우동"
425,STORE_YC00013,대가,서울 양천구 신정중앙로 66,(지번) 신정4동 905-1,갈비
426,STORE_YC00014,커피별녹색잔,서울 양천구 목동로21길 26,(지번) 신정동 988-14,커피전문점
427,STORE_YC00015,카페제하,서울 양천구 목동동로 177 삼성쉐르빌2차 1층,(지번) 신정동 318-12,카페
428,STORE_YC00016,할범탕수육 본점,서울 양천구 목동중앙북로 15,(지번) 목동 610-26,분식
429,STORE_YC00017,항아리보쌈,서울 양천구 신목로 48,(지번) 신정동 296-69,"족발,보쌈"
430,STORE_YC00018,양천옥설렁탕,서울 양천구 등촌로 86,(지번) 목동 730-2,설렁탕
431,STORE_YC00019,푸주옥,서울 양천구 남부순환로 663,(지번) 신정동 1290-2,설렁탕
432,STORE_YC00020,강릉스낵,서울 양천구 목동동로 228-2 1층,(지번) 목동 406-65,실내포장마차
433,STORE_YC00021,밥초,서울 양천구 오목로48길 10 1층,(지번) 신정동 990-19,"초밥,롤"
434,STORE_YC00022,산들해 목동점,서울 양천구 목동서로 349 지하 1층,(지번) 신정동 321-6,한정식
435,STORE_YC00023,닥터로빈 목동점,서울 양천구 오목로 299,(지번) 목동 962,양식
436,STORE_YC00024,오목집 목동본점,서울 양천구 목동서로 155 목동파라곤 지하상가 45호,(지번) 목동 917,"족발,보쌈"
437,STORE_YC00025,육즙,서울 양천구 오목로 337-10 1층,(지번) 목동 406-271,삼겹살
438,STORE_YC00026,양천뼈다귀 본점,서울 양천구 목동동로 258,(지번) 목동 934,국밥
439,STORE_YC00027,홍마방,서울 양천구 목동중앙북로14길 1 1층,(지번) 목동 527,중식
440,STORE_YC00028,육화식당,"서울 양천구 오목로 337-6 지하1층, 1,2층",(지번) 목동 406-297,"육류,고기"
441,STORE_YC00029,원두막,서울 양천구 신목로 56,(지번) 신정2동 296-77,한식
442,STORE_YC00030,옛날마차,서울 양천구 신정중앙로 84,(지번) 신정동 904-6,실내포장마차
443,STORE_YC00031,스시범,서울 양천구 은행정로 13 성광빌딩 1층,(지번) 신정동 1024-17,"초밥,롤"
444,STORE_YC00032,족발신선생 목동점,서울 양천구 신정중앙로 98 1층,(지번) 신정동 902-6,"족발,보쌈"
445,STORE_YC00033,스시경,서울 양천구 목동중앙북로7가길 10,(지번) 목동 609-22,"초밥,롤"
446,STORE_YC00034,봉피양 신월점,서울 양천구 신월로 112,(지번) 신월동 1003-3,한식
447,STORE_YC00035,착한낙지 목동점,서울 양천구 국회대로 289,(지번) 목동 802-9,"해물,생선"
448,STORE_YC00036,황금오리농장,서울 양천구 국회대로 176,(지번) 신정동 873-1,오리
449,STORE_YC00037,은행골 목동점,서울 양천구 목동서로 155,(지번) 목동 917,"초밥,롤"
450,STORE_YC00038,조개천하 목동직영점,서울 양천구 신정중앙로 68 해풍빌딩 101호,(지번) 신정동 905-2,조개
451,STORE_YC00039,파스타농장,서울 양천구 은행정로4길 22,(지번) 신정동 1015-10,이탈리안
452,STORE_YC00040,더브라운 목동점,서울 양천구 오목로 354 목동센트럴푸르지오 101동 101호,(지번) 목동 404-13,디저트카페
453,STORE_YC00041,냅다청양집 목동직영점,서울 양천구 신정중앙로 85,(지번) 신정동 886-6,"육류,고기"
454,STORE_YC00042,봉스시,서울 양천구 은행정로7길 25,(지번) 신정동 978-1,"초밥,롤"
455,STORE_YC00043,정진식당,서울 양천구 신정중앙로 94 1층,(지번) 신정동 902-3,"육류,고기"
456,STORE_YC00044,만복순대국,서울 양천구 목동로 219 1층,(지번) 신정동 899-5,순대
457,STORE_YC00045,통큰해물탕,서울 양천구 목동중앙북로5길 30,(지번) 목동 608-1,"매운탕,해물탕"
458,STORE_YC00046,칸지,서울 양천구 목동동로 264,(지번) 목동 406-207,일본식주점
459,STORE_YC00047,양평신내해장국 본점,서울 양천구 공항대로 646,(지번) 목동 516,해장국
460,STORE_YC00048,포코아,서울 양천구 목동중앙북로24길 23-13,(지번) 목동 520-27,양식
461,STORE_YC00049,마실,서울 양천구 목동동로 55 신정동밀레니엄프라자 6층,(지번) 신정동 323-17,한정식
462,STORE_YC00050,우리분식멸치국수,서울 양천구 오목로 14,(지번) 신월동 520-1,국수
463,STORE_YC00051,한우나주곰탕,서울 양천구 오목로 313-2,(지번) 목동 406-120,곰탕
464,STORE_YC00052,할머니추어탕 신월2호점,서울 양천구 가로공원로 146 1층,(지번) 신월1동 94-1,추어
465,STORE_YC00053,아웃백스테이크하우스 목동점,서울 양천구 목동동로 293 현대41타워 3층,(지번) 목동 917-9,패밀리레스토랑
466,STORE_YC00054,화로상회 목동1호점,서울 양천구 목동동로8길 9,(지번) 신정동 294-36,"육류,고기"
467,STORE_YC00055,엉털네숯불꼼장어,서울 양천구 등촌로 36,(지번) 목동 792-2,장어
468,STORE_YC00056,스타벅스 신월ICDT점,서울 양천구 남부순환로 430,(지번) 신월동 205-48,커피전문점
469,STORE_YC00057,목동버거,서울 양천구 중앙로32길 77,(지번) 신정동 1015-6,햄버거
470,STORE_YC00058,한마음정육식당 목동직영점,서울 양천구 신목로 48,(지번) 신정동 296-69,"육류,고기"
471,STORE_YC00059,스타벅스 신정DT점,서울 양천구 신월로 341,(지번) 신정동 981-15,커피전문점
472,STORE_YC00060,목동찹쌀호떡,서울 양천구 중앙로32길 61,(지번) 신정동 1021-9,분식
473,STORE_YC00061,14일의설레임,서울 양천구 월정로 20 1층,(지번) 신월동 513-15,"육류,고기"
474,STORE_YC00062,진대감 목동점,서울 양천구 오목로 337-10,(지번) 목동 406-271,"육류,고기"
475,STORE_YC00063,서라벌한정식 목동점,"서울 양천구 중앙로 322 양천빌딩 2,3,6층",(지번) 신정동 942-16,한정식
476,STORE_YC00064,고기준 목동점,"서울 양천구 오목로 313-7 1,2층",(지번) 목동 406-68,"육류,고기"
477,STORE_YC00065,금정,서울 양천구 목동동로14길 7-1,(지번) 목동 405-160,중화요리
478,STORE_YC00066,부산돼지국밥 신월점,서울 양천구 남부순환로 344,(지번) 신월동 49-28,국밥
479,STORE_YC00067,프랭크버거 목동점,서울 양천구 목동서로 57 현대파리지앙 104호,(지번) 목동 907-10,햄버거
480,STORE_YC00068,라멘트럭 목동점,서울 양천구 오목로54길 9,(지번) 목동 405-334,일본식라면
481,STORE_YC00069,나폴레옹제과점 목동점,서울 양천구 목동동로 401 부영그린타운2차 1층 114호,(지번) 목동 908-28,"제과,베이커리"
482,STORE_YC00070,해몽,서울 양천구 오목로 339 1층,(지번) 목동 406-34,삼겹살
483,STORE_YC00071,금강호민물장어 신월본점,서울 양천구 남부순환로 431,(지번) 신월동 223-1,장어
484,STORE_YC00072,소나,서울 양천구 오목로34길 4,(지번) 신정동 948-26,"제과,베이커리"
485,STORE_YC00073,윤정포장마차,서울 양천구 중앙로34길 19,(지번) 신정동 1031-11,실내포장마차
486,STORE_YC00074,특별하면돼지 목동점,서울 양천구 오목로50길 1,(지번) 신정동 994-8,"육류,고기"
487,STORE_YC00075,은행나무집,서울 양천구 중앙로34가길 8,(지번) 신정동 1051-13,"사철탕,영양탕"
488,STORE_YC00076,창고43 목동점,서울 양천구 목동서로 159-1 CBS빌딩 1층,(지번) 목동 917-1,"육류,고기"
489,STORE_YC00077,강모집,서울 양천구 목동중앙본로 107,(지번) 목동 497-4,한식
490,STORE_YC00078,남춘네숯불닭갈비 염창직영점,서울 양천구 목동중앙북로 100 1층,(지번) 목동 526-2,닭요리
491,STORE_YC00079,더더차돌감바스,서울 양천구 목동중앙북로7길 26,(지번) 목동 602-3,삼겹살
492,STORE_YC00080,평미가,서울 양천구 목동동로10길 16,(지번) 신정2동 294-12,냉면
493,STORE_YC00081,원조황소곱창구이 본점,서울 양천구 중앙로 292-1,(지번) 신정동 971-19,"곱창,막창"
494,STORE_YC00082,목동평양면옥,서울 양천구 목동서로 57,(지번) 목동 907-10,냉면
495,STORE_YC00083,원조춘천숯불닭갈비,서울 양천구 신목로 98 1층,(지번) 목동 404-137,닭요리
496,STORE_YC00084,설악산칡냉면 본점,서울 양천구 목동중앙남로3가길 59 상가101동 102호,(지번) 목4동 722-6,냉면
497,STORE_YC00085,김선장참치,서울 양천구 신정중앙로 99,(지번) 신정동 888-36,참치회
498,STORE_YC00086,안동돼지갈비,서울 양천구 목동중앙북로7가길 43,(지번) 목동 611-21,갈비
499,STORE_YC00087,주문진횟집,서울 양천구 오목로 313-6 1층,(지번) 목동 406-113,회
500,STORE_YC00088,우직,서울 양천구 목동중앙본로29길 6 1층,(지번) 목동 497-12,한식
501,STORE_YC00089,대합탕수제비,서울 양천구 목동동로 350 목동아파트 5단지 B상가,(지번) 목동 912,수제비
502,STORE_YC00090,신홍굴이짬뽕,서울 양천구 월정로 21,(지번) 신월동 514-3,중화요리
503,STORE_YC00091,노브랜드버거 목동역점,서울 양천구 신정중앙로 103 담우빌딩 1층,(지번) 신정동 888-47,패스트푸드
504,STORE_YC00092,마루샤브 목동점,서울 양천구 목동동로 339 목동트윈빌 지하1층,(지번) 목동 905-22,샤브샤브
505,STORE_YC00093,금석궁,서울 양천구 오목로48길 19,(지번) 신정동 997-9,중화요리
506,STORE_YC00094,헬로방방 목동점,서울 양천구 신월로 387 유앤미법조빌딩 지하1층,(지번) 신정동 1009-4,키즈카페
507,STORE_YC00095,미시락,서울 양천구 목동중앙북로16길 10,(지번) 목동 527-9,국수
508,STORE_YC00096,스타벅스 오목교역점,서울 양천구 오목로 354,(지번) 목동 404-13,커피전문점
509,STORE_YC00097,색동저고리 목동점,서울 양천구 목동동로 411,(지번) 목동 908-34,한정식
510,STORE_YC00098,대복 2호직영점,서울 양천구 오목로 276 2층,(지번) 목1동 408-114,복어
511,STORE_YC00099,카멜리온,서울 양천구 오목로 196 1층,(지번) 신정동 987-1,"제과,베이커리"
512,STORE_YC00100,만나한정식,서울 양천구 목동서로 155 파라곤상가 지하1층 25호,(지번) 목동 917,한정식
513,STORE_YC00101,에프스토리,서울 양천구 오목로 321-5 1층,(지번) 목동 406-290,카페
514,STORE_YC00102,스시노미찌,서울 양천구 목동동로 293 현대 41타워 33호,(지번) 목동 917-9,"초밥,롤"
515,STORE_YC00103,선식당 목동점,"서울 양천구 목동동로 73 양지빌딩2 2층 203,204호",(지번) 신정동 323-12,양식
516,STORE_YC00104,이치마구로,서울 양천구 오목로 331 2층,(지번) 목동 406-184,참치회
517,STORE_YC00105,블루밀,서울 양천구 목동중앙본로 106 1층,(지번) 목동 531-18,"제과,베이커리"
518,STORE_YC00106,카페꼬숩,서울 양천구 신목로4길 1,(지번) 신정동 128-112,디저트카페
519,STORE_YC00107,옥천집,서울 양천구 목동로21길 4,(지번) 신정동 992-6,한식
520,STORE_YC00108,양천식당,서울 양천구 중앙로32길 43,(지번) 신정1동 1048-20,"사철탕,영양탕"
521,STORE_YC00109,진미 즉석해물야채떡볶이,서울 양천구 목동로19길 6,(지번) 신정동 993-6,떡볶이
522,STORE_YC00110,엉짱윤치킨,서울 양천구 목동동로 177 삼성쉐르빌2차 상가동 1층 101호,(지번) 신정동 318-12,치킨
523,STORE_YC00111,비스트로 파니엔테,서울 양천구 오목로 329-6 2층,(지번) 목동 406-258,양식
524,STORE_YC00112,소담촌 신월점,서울 양천구 신월로 155 흥인하이젠 2층,(지번) 신월동 545-2,샤브샤브
525,STORE_YC00113,맥도날드 신월남부DT점,서울 양천구 남부순환로 553,(지번) 신월동 525-1,패스트푸드
526,STORE_YC00114,명가들깨칼국수 본점,서울 양천구 은행정로 12,(지번) 신정1동 1020-15,국수
527,STORE_YC00115,서가앤쿡 서울목동점,서울 양천구 오목로 286 2층,(지번) 목동 405-270,양식
528,STORE_YC00116,임꺽정부대찌개 오목본점,서울 양천구 목동동로12길 27,(지번) 목동 405-178,"찌개,전골"
529,STORE_YC00117,벚꽃스시 신정점,서울 양천구 신목로2길 7-20,(지번) 신정동 129-19,"초밥,롤"
530,STORE_YC00118,스타벅스 목동역점,서울 양천구 목동로 203,(지번) 신정동 900-10,커피전문점
531,STORE_YC00119,스타벅스 목동8단지점,서울 양천구 목동서로 299,(지번) 신정동 319-23,커피전문점
532,STORE_YC00120,카페화목토,서울 양천구 목동로11길 5,(지번) 신정동 1008-12,카페
533,STORE_YC00121,고기요리왕,서울 양천구 중앙로34길 15 1층,(지번) 신정동 1032-5,"육류,고기"
534,STORE_YC00122,경복궁 목동점,서울 양천구 목동동로 189 삼성쉐르빌1 지하1층,(지번) 신정동 318-10,한정식
535,STORE_YC00123,심마니초애삼계탕 본점,서울 양천구 남부순환로 605,(지번) 신월동 559-14,삼계탕
536,STORE_YC00124,파리크라상 목동점,서울 양천구 목동동로 293 현대41타워 1층 101~103호,(지번) 목동 917-9,"제과,베이커리"
537,STORE_YC00125,퍼블릭맨션,서울 양천구 등촌로 154 1층,(지번) 목동 324-55,카페
538,STORE_YC00126,대홍훠궈샤브샤브 목동점,서울 양천구 신정중앙로 99,(지번) 신정동 888-36,샤브샤브
539,STORE_YC00127,맥도날드 목동점,서울 양천구 목동로 221,(지번) 신정동 899-6,패스트푸드
540,STORE_YC00128,리모트,서울 양천구 목동중앙본로7길 34 3층,(지번) 목동 717-14,커피전문점
541,STORE_YC00129,목동해물,서울 양천구 목동동로 226-13,(지번) 목동 406-75,"해물,생선"
542,STORE_YC00130,스시토라,서울 양천구 오목로56길 5,(지번) 목동 405-241,일식
543,STORE_YC00131,신월동곱창,서울 양천구 오목로 39,(지번) 신월동 442-4,"곱창,막창"
544,STORE_YC00132,맥도날드 파리공원점,서울 양천구 목동서로 45,(지번) 목동 908-25,패스트푸드
545,STORE_YC00133,내사랑돈까스,서울 양천구 목동중앙북로16길 6,(지번) 목동 527-8,"돈까스,우동"
546,STORE_YC00134,아모르버터,서울 양천구 오목로48길 20-1,(지번) 신정동 998-15,디저트카페
547,STORE_YC00135,아재식당,서울 양천구 목동동로10길 12-24 목동주택 1층,(지번) 신정동 294-42,아시아음식
548,STORE_YC00136,숲속도토리마을,서울 양천구 중앙로25길 46,(지번) 신정동 1157-21,한식
549,STORE_YC00137,스시가든 (휴업중),서울 양천구 목동서로 159-1 CBS 방송국 지하1층,(지번) 목동 917-1,"초밥,롤"
550,STORE_YC00138,진아구 목동직영점,서울 양천구 신정중앙로 85 로데오프라자 108호,(지번) 신정동 886-6,아구
551,STORE_YC00139,해촌샤브칼국수 목동직영점,서울 양천구 목동중앙북로 65,(지번) 목동 507-8,국수
552,STORE_YC00140,개성집,서울 양천구 목동중앙서로 48,(지번) 목동 799-7,한식
553,STORE_YC00141,나폴레옹제과점 양천점,서울 양천구 목동서로 375 1층,(지번) 신정동 323-24,"제과,베이커리"
554,STORE_YC00142,소품은돼지,서울 양천구 신월로 133 양천빌딩 1층,(지번) 신월동 994-2,"육류,고기"
555,STORE_YC00143,천미방마라탕,서울 양천구 오목로54길 1 1층 103호,(지번) 목동 405-300,중식
556,STORE_YC00144,일도씨닭갈비 목동점,서울 양천구 목동동로 293 현대41타워 3층,(지번) 목동 917-9,닭요리
557,STORE_YC00145,서서울식당,서울 양천구 목동동로12길 48-1 지하1층,(지번) 신정동 119-9,일식
558,STORE_YC00146,개성손만두 신정점,서울 양천구 오목로 192 1층,(지번) 신정동 953-7,한식
559,STORE_YC00147,라화쿵부 오목교점,서울 양천구 목동동로12길 38 1층,(지번) 신정동 118-19,중화요리
560,STORE_YC00148,서호쭈꾸미해물아구찜 목동본점,서울 양천구 신월로 344,(지번) 신정동 1026-3,"해물,생선"
561,STORE_YC00149,라무진 목동역점,서울 양천구 신정중앙로 88 1층,(지번) 신정동 904-8,"육류,고기"
562,STORE_YC00150,라화쿵부 목동역점,서울 양천구 신정중앙로23길 8-1,(지번) 신정동 900-7,중화요리
563,STORE_YC00151,미러볼밥술상,서울 양천구 신월로 312-1,(지번) 신정동 1028-25,"호프,요리주점"
564,STORE_YC00152,디저트39 목동점,"서울 양천구 목동서로 221 굿모닝탑 116, 117호",(지번) 목동 923-15,디저트카페
565,STORE_YC00153,이모네별난곱창,서울 양천구 신월로10길 8,(지번) 신월동 558-9,"곱창,막창"
566,STORE_YC00154,망향비빔국수 양천점,서울 양천구 신월로 344,(지번) 신정동 1026-3,국수
567,STORE_YC00155,한스 목동점,서울 양천구 오목로 287 1층,(지번) 목동 406-183,"제과,베이커리"
568,STORE_YC00156,사이공문,서울 양천구 목동동로 437,(지번) 목동 909-4,동남아음식
569,STORE_YC00157,동호철판낙지,서울 양천구 신월로15길 12,(지번) 신월4동 537-2,"해물,생선"
570,STORE_YC00158,하남돼지집 목동점,서울 양천구 신정중앙로 68 해풍빌딩 1층,(지번) 신정동 905-2,삼겹살
571,STORE_YC00159,광양불고기,서울 양천구 남부순환로 531,(지번) 신월동 438-5,"불고기,두루치기"
572,STORE_YC00160,투썸플레이스 남부지방법원점,"서울 양천구 신월로 385 동진빌딩 1,2층",(지번) 신정동 1009-15,커피전문점
573,STORE_YC00161,하니앤손스,서울 양천구 신목로2길 68 오목빌딩 1층 107호,(지번) 목동 404-5,카페
574,STORE_YC00162,기가스시,서울 양천구 등촌로 178 1층,(지번) 목동 655-24,일식
575,STORE_YC00163,명륜진사갈비 서울신월점,서울 양천구 월정로 193 1층,(지번) 신월동 90-10,갈비
576,STORE_YC00164,힘찬민물장어숯불구이,서울 양천구 중앙로 299,(지번) 신월동 501-14,장어
577,STORE_YC00165,오지상노카에루,서울 양천구 신정중앙로 76,(지번) 신정동 905-5,일본식주점
578,STORE_YC00166,샤오롱,서울 양천구 중앙로45길 8-1 1층,(지번) 신정동 1190-17,중화요리
579,STORE_YC00167,스타벅스 목동오목로점,서울 양천구 오목로 279,(지번) 목동 406-4,커피전문점
580,STORE_YC00168,시골식당,서울 양천구 중앙로36길 22-9,(지번) 신정동 1049-13,한식
581,STORE_YC00169,어가촌,서울 양천구 목동중앙북로 86,(지번) 목동 528-1,"해물,생선"
582,STORE_YC00170,72420 목동점,서울 양천구 오목로50길 23 문창오피스텔 101호,(지번) 신정동 1006-1,베트남음식
583,STORE_YC00171,중화요리온,서울 양천구 공항대로 630 1층,(지번) 목동 514-18,중화요리
584,STORE_YC00172,스시벅,서울 양천구 목동동로 256 1층,(지번) 목동 406-223,"초밥,롤"
585,STORE_YC00173,광참치,서울 양천구 신정중앙로 95 2층,(지번) 신정동 887-8,참치회
586,STORE_YC00174,목동포차 본점,서울 양천구 목동동로 260 양지타운 지하1층,(지번) 목동 406-203,닭요리
587,STORE_YC00175,버거킹 신월점,서울 양천구 화곡로 64,(지번) 신월동 54-7,패스트푸드
588,STORE_YC00176,크리스피크림도넛 오목교점,서울 양천구 오목로 300 하이페리온2차 206동 1층,(지번) 목동 961-1,도넛
589,STORE_YC00177,섹시한떡볶이 꼬마김밥 등촌점,서울 양천구 목동중앙북로 28 1층,(지번) 목동 618-1,떡볶이
590,STORE_YC00178,서군참치,서울 양천구 신목로2길 68 1층 103호,(지번) 목동 404-5,참치회
591,STORE_YC00179,굽네치킨 염창역점,서울 양천구 공항대로 644,(지번) 목동 515-12,치킨
592,STORE_YC00180,퀸즈브라운 목동역점,서울 양천구 오목로46길 6 1층,(지번) 신정동 989-10,카페
593,STORE_YC00181,홍가네달마을,서울 양천구 목동중앙본로 80,(지번) 목동 42-82,"육류,고기"
594,STORE_YC00182,뉴욕바닷가재 신월본점,서울 양천구 남부순환로 575,(지번) 신월동 547-9,바닷가재
595,STORE_YC00183,장어나다,서울 양천구 신목로 102,(지번) 목동 404-156,장어
596,STORE_YC00184,만춘원,서울 양천구 은행정로18길 10,(지번) 신정동 906-8,중화요리
597,STORE_YC00185,사눅타이,서울 양천구 목동로15길 8,(지번) 신정동 997-6,태국음식
598,STORE_YC00186,양천기사식당,서울 양천구 신월로 200,(지번) 신월동 602-8,기사식당
599,STORE_YC00187,등촌샤브칼국수 신월점,서울 양천구 화곡로 100,(지번) 신월동 64-2,샤브샤브
600,STORE_YC00188,스타벅스 목동점,서울 양천구 목동서로 67,(지번) 목동 907-4,커피전문점
601,STORE_YC00189,버거킹 목동역점,서울 양천구 오목로 238,(지번) 신정동 994-2,패스트푸드
602,STORE_YC00190,신월커피,서울 양천구 남부순환로58길 27-1,(지번) 신월동 205-23,카페
603,STORE_YC00191,크래프트한스 오목교점,서울 양천구 오목로 329-2 1층,(지번) 목동 406-262,"호프,요리주점"
604,STORE_YC00192,투썸플레이스 목동하이페리온점,서울 양천구 오목로 300 목동하이페리온2차 205동 102호,(지번) 목동 961,커피전문점
605,STORE_YC00193,목동육간,서울 양천구 목동동로 222-3,(지번) 목동 406-111,"육류,고기"
606,STORE_YC00194,스타벅스 신월동DT,서울 양천구 남부순환로 319,(지번) 신월동 52-14,카페
607,STORE_YC00195,버거킹 염창역점,서울 양천구 공항대로 630 어바니엘염창 1층,(지번) 목동 514-5,패스트푸드
608,STORE_YC00196,카페올리,서울 양천구 오목로4길 15 1층,(지번) 신월동 519-17,디저트카페
609,STORE_YC00197,한옥안동국시,서울 양천구 목동서로 213,(지번) 목동 923,국수
610,STORE_YC00198,알레비앙,서울 양천구 신월동 438-3 1층,,디저트카페
611,STORE_YC00199,서정숯불갈비,서울 양천구 목동중앙로1길 11,(지번) 목동 802-1,갈비
612,STORE_YC00200,봉평메밀막국수,서울 양천구 가로공원로 149 1층,(지번) 신월동 84-10,국수
613,STORE_YC00201,이자와 목동점,서울 양천구 목동서로 155 파라곤아파트 지하,(지번) 목동 917,"돈까스,우동"
614,STORE_YC00202,매드포갈릭 목동점,서울 양천구 목동동로 233-3 삼성화재서비스빌딩 지하1층,(지번) 목동 923-13,패밀리레스토랑
615,STORE_YC00203,조이420,서울 양천구 목동중앙북로 81,(지번) 목동 513-27,동남아음식
616,STORE_YC00204,버거킹 신정네거리역점,서울 양천구 중앙로 275 한경빌딩 1층,(지번) 신정동 1190-4,패스트푸드
617,STORE_YC00205,가원,서울 양천구 신정로7길 60-5 동일프라자 1층,(지번) 신정동 1284-2,중화요리
618,STORE_YC00206,계수나무향한식뷔페,서울 양천구 목동중앙북로 27 부강빌딩 지하1층,(지번) 목동 610-20,한식뷔페
619,STORE_YC00207,돼지네횟집,서울 양천구 중앙로43길 21 1층,(지번) 신정동 1183-16,회
620,STORE_YC00208,젠틀카롱,서울 양천구 목동로 163 107호,(지번) 신정동 1007-11,카페
621,STORE_YC00209,라고파스타,서울 양천구 목동동로 293 현대41타워 1층,(지번) 목1동 917-9,이탈리안
622,STORE_YC00210,백채김치찌개 목동점,서울 양천구 목동로15길 5 1층,(지번) 신정동 1005-7,"찌개,전골"
623,STORE_YC00211,토마틸로 현대41타워점,서울 양천구 목동동로 293,(지번) 목동 917-9,"멕시칸,브라질"
624,STORE_YC00212,아방궁,서울 양천구 중앙로 274,(지번) 신정동 1031-2,중화요리
625,STORE_YC00213,박홍남스시,서울 양천구 목동동로12길 38 그린빌라트 1층,(지번) 신정동 118-19,"초밥,롤"
626,STORE_YC00214,청춘다락,서울 양천구 중앙로 254 2층,(지번) 신정동 1032-10,떡볶이
627,STORE_YC00215,옛날빈대떡,서울 양천구 공항대로 634,(지번) 목동 515,한식
628,STORE_YC00216,타르타르 목동41타워점,서울 양천구 목동동로 293,(지번) 목동 917-9,디저트카페
629,STORE_YC00217,등촌샤브칼국수 목동점,서울 양천구 목동서로 35,(지번) 목동 908-31,샤브샤브
630,STORE_YC00218,빛고을양천식당,서울 양천구 곰달래로 46,(지번) 신월동 228-1,기사식당
631,STORE_YC00219,명랑한우,서울 양천구 목동중앙서로6길 20-16 101호,(지번) 목동 794-14,"육류,고기"
632,STORE_YC00220,주막해물촌,서울 양천구 목동중앙서로1길 16 케이빌딩 1층,(지번) 목동 791-3,"해물,생선"
633,STORE_YC00221,미스차이나,서울 양천구 월정로 65,(지번) 신월동 427-2,중화요리
634,STORE_YC00222,빌리엔젤 목동41타워점,서울 양천구 목동동로 293 목동41타워 3층 301호,(지번) 목동 917-9,디저트카페
635,STORE_YC00223,억조1978,서울 양천구 목동동로10길 24 2층,(지번) 신정동 296-24,"육류,고기"
636,STORE_YC00224,오봉집 등촌점,"서울 양천구 목동중앙북로 7 신한이모르젠 101-2, 101-3호",(지번) 목동 960,"호프,요리주점"
637,STORE_YC00225,커피그레이드,서울 양천구 중앙로51길 71,(지번) 신월동 445-2,카페
638,STORE_YC00226,빵카페 목동점,서울 양천구 목동동로 150 1층,(지번) 신정동 329-10,"제과,베이커리"
639,STORE_YC00227,다온메밀막국수,서울 양천구 오목로50길 8,(지번) 신정동 993-4,국수
640,STORE_YC00228,화덕 생선구이 굽자,서울 양천구 남부순환로70길 22 1층,(지번) 신월동 961-8,"해물,생선"
641,STORE_YC00229,상도연탄갈비,서울 양천구 신목로 100-2,(지번) 목동 404-129,갈비
642,STORE_YC00230,카페프롬나즈데떼,서울 양천구 오목로 300 206동상가 1층,(지번) 목동 961-1,카페
643,STORE_YC00231,북경대반점,서울 양천구 오목로48길 2,(지번) 신정동 991-7,중화요리
644,STORE_YC00232,양촌리화로구이,서울 양천구 목동로 234 경원빌딩 1층,(지번) 목동 808-1,"육류,고기"
645,STORE_YC00233,박가네들깨칼국수 목동직영점,서울 양천구 신목로12길 7,(지번) 신정동 117-20,국수
646,STORE_YC00234,꿀꿀이곱창,서울 양천구 오목로 190-1,(지번) 신정동 953-6,"곱창,막창"
647,STORE_YC00235,다불러소갈비,서울 양천구 신정중앙로 95,(지번) 신정동 887-8,갈비
648,STORE_YC00236,써브웨이 오목교점,서울 양천구 오목로 315,(지번) 목동 406-244,샌드위치
649,STORE_YC00237,범생이포차 신월본점,서울 양천구 화곡로13길 7,(지번) 신월동 23-12,실내포장마차
650,STORE_YC00238,도담치킨 오목교직영점,"서울 양천구 오목로 337-20 1,2층",(지번) 목동 406-228,치킨
651,STORE_YC00239,최우영스시 목동점,서울 양천구 목동서로 170 1층,(지번) 목동 919-7,"초밥,롤"
652,STORE_YC00240,슬기둥삼계탕전문점,서울 양천구 목동중앙북로1길 45,(지번) 목동 606-2,삼계탕
653,STORE_YC00241,명륜진사갈비 오목교역점,서울 양천구 목동동로 258 2층,(지번) 목동 934,갈비
654,STORE_YC00242,지리산어탕국수,서울 양천구 목동서로 234,(지번) 목동 926-8,국수
655,STORE_YC00243,홍두깨손칼국수,서울 양천구 곰달래로13길 2 1층,(지번) 신월동 116-29,국수
656,STORE_YC00244,대박곱창 신정점,서울 양천구 신월로 340,(지번) 신정동 1026-2,"곱창,막창"
657,STORE_YC00245,고래아방,서울 양천구 목동동로 293 현대41타워 3층,(지번) 목동 917-9,한식
658,STORE_YC00246,써브웨이 목동역점,서울 양천구 오목로 238 론드사옥,(지번) 신정동 994-2,샌드위치
659,STORE_YC00247,피자헛 목동중앙점,"서울 양천구 목동동로 411 부영그린타운3차 109,110호",(지번) 목동 908-34,피자
660,STORE_YC00248,야심잔기지떡 목동점,서울 양천구 목동중앙서로 17-1,(지번) 목동 790-28,"떡,한과"
661,STORE_YC00249,도쿄빙수 오목교역점,서울 양천구 오목로 328 1층,(지번) 목동 405-284,디저트카페
662,STORE_YC00250,BHC치킨 목동역점,서울 양천구 오목로 215-1 예지2003타운 101호,(지번) 신정동 903-18,치킨
663,STORE_YC00251,황태보감,서울 양천구 신월로 354 세원빌딩 1층,(지번) 신정동 1018-2,"해물,생선"
664,STORE_YC00252,마고레스토랑,서울 양천구 목동서로 349,(지번) 신정동 321-6,양식
665,STORE_YC00253,스타벅스 목동10단지점,서울 양천구 목동서로 401,(지번) 신정동 324-7,커피전문점
666,STORE_YC00254,유진참치,서울 양천구 오목로 213-1,(지번) 신정동 903-21,참치회
667,STORE_YC00255,서귀포화로구이,서울 양천구 신월로 347,(지번) 신정동 981-13,"육류,고기"
668,STORE_YC00256,아웃닭 목동점,서울 양천구 목동동로 256 2층,(지번) 목동 406-223,치킨
669,STORE_YC00257,능이오리닭백숙,서울 양천구 중앙로34길 23,(지번) 신정동 1031-20,오리
670,STORE_YC00258,사또춘천숯불닭갈비,서울 양천구 신정중앙로 74,(지번) 신정동 905-4,닭요리
671,STORE_YC00259,스타벅스 목동7단지점,서울 양천구 목동서로 213 세션비전프라자 1층 107호,(지번) 목동 923,커피전문점
672,STORE_YC00260,목동어촌어시장,서울 양천구 목동로 171,(지번) 신정동 1006-3,회
673,STORE_YC00261,갈삼시대,서울 양천구 목동중앙서로7가길 38,(지번) 목동 788-12,"육류,고기"
674,STORE_YC00262,삼숙이갈비 목동역점,서울 양천구 목동로21길 6 1층,(지번) 신정동 992-7,갈비
675,STORE_YC00263,제주연탄고기,서울 양천구 은행정로18길 20-1,(지번) 신정동 903-13,"육류,고기"
676,STORE_YC00264,카페스페이스530,"서울 양천구 목동중앙본로 122 1, 2층",(지번) 목동 530-5,카페
677,STORE_YC00265,투썸플레이스 양천구청점,서울 양천구 목동서로 349 센트럴프라자 지하 1층,(지번) 신정동 321-6,커피전문점
678,STORE_YC00266,라라코스트 행복한백화점 목동점,서울 양천구 목동동로 309 5층,(지번) 목동 917-6,패밀리레스토랑
679,STORE_YC00267,어촌마을,서울 양천구 오목로 58,(지번) 신월동 510-1,"해물,생선"
680,STORE_YC00268,목동포차,서울 양천구 신정중앙로 95 1층,(지번) 신정동 887-8,실내포장마차
681,STORE_YC00269,짜장천국 목동본점,서울 양천구 등촌로 206 1층,(지번) 목동 614-9,중화요리
682,STORE_YC00270,현경 목동점,서울 양천구 오목로 312 지하 1층,(지번) 목동 405-276,중화요리
683,STORE_YC00271,곰달래감자탕,서울 양천구 남부순환로 368,(지번) 신월동 166-10,감자탕
684,STORE_YC00272,해천양꼬치구이점,서울 양천구 중앙로34길 29,(지번) 신정동 1031-24,양꼬치
685,STORE_YC00273,다오래골뱅이,서울 양천구 목동동로10길 16-5,(지번) 신정동 134-25,"호프,요리주점"
686,STORE_YC00274,에머이 목동점,서울 양천구 목동서로 159-1 CBS방송국 1층,(지번) 목동 917-1,베트남음식
687,STORE_YC00275,보쌈제복 목동점,서울 양천구 은행정로5길 22 1층,(지번) 신정동 1027-24,"족발,보쌈"
688,STORE_YC00276,그린매니저 목동점,서울 양천구 목동서로 155 목동파라곤 지하 1층 38호,(지번) 목동 917,양식
689,STORE_YC00277,투썸플레이스 염창역점,서울 양천구 공항대로 630 1층,(지번) 목동 514-18,커피전문점
690,STORE_YC00278,9라파부대찌개 강서점,서울 양천구 월정로 270 1층,(지번) 신월동 18-19,"찌개,전골"
691,STORE_YC00279,남원추어탕,서울 양천구 목동동로10길 17,(지번) 신정2동 296-149,추어
692,STORE_YC00280,신월당,서울 양천구 남부순환로58길 31,(지번) 신월동 205-25,"제과,베이커리"
693,STORE_YC00281,UFO버거 목동점,서울 양천구 오목로 345 103호,(지번) 목동 406-28,햄버거
694,STORE_YC00282,미카도스시 오목교점,서울 양천구 신목로 79 1층,(지번) 신정동 86-27,"초밥,롤"
695,STORE_YC00283,미소식당,서울 양천구 오목로 76,(지번) 신월동 507-1,"육류,고기"
696,STORE_YC00284,해바라기정육식당,서울 양천구 오목로 200-1,(지번) 신정동 987-5,"육류,고기"
697,STORE_YC00285,린궁즈,서울 양천구 목동동로8길 3,(지번) 신정동 294-23,중화요리
698,STORE_YC00286,장용재 두부갤러리,서울 양천구 목동동로10길 22 지하1층,(지번) 신정동 296-28,한식
699,STORE_YC00287,하남돼지집 오목교역점,서울 양천구 오목로 337-10 소망빌딩 2층,(지번) 목동 406-225,삼겹살
700,STORE_YC00288,제주은희네해장국 양천목동점,서울 양천구 오목로 321-1 서경빌딩 1층,(지번) 목동 406-36,해장국
701,STORE_YC00289,본가가마솥설렁탕 목동점,서울 양천구 신목로 88,(지번) 신정동 118-1,설렁탕
702,STORE_YC00290,훠궈야 목동점,서울 양천구 목동동로 293,(지번) 목동 917-9,중식
703,STORE_YC00291,삼촌네춘천닭갈비,서울 양천구 공항대로 620,(지번) 목동 514-1,닭요리
704,STORE_YC00292,곱분이곱창 신정점,서울 양천구 중앙로 260-2 1층,(지번) 신정동 1032-3,"곱창,막창"
705,STORE_YC00293,달달애,서울 양천구 목동로11길 2,(지번) 신정동 1006-4,디저트카페
706,STORE_YC00294,마장동김씨 신정네거리역점,서울 양천구 중앙로34길 17 1층,(지번) 신정동 1032-4,"육류,고기"
707,STORE_YC00295,투썸플레이스 양천신목로점,서울 양천구 신목로 50 1층,(지번) 신정동 296-93,커피전문점
708,STORE_YC00296,가츠앤밀,서울 양천구 목동로 224 1층,(지번) 목동 808-6,"돈까스,우동"
709,STORE_YC00297,바다횟집,서울 양천구 목동중앙남로 46 목사랑시장 101호,(지번) 목동 958,회
710,STORE_YC00298,교촌치킨 화곡1호점,서울 양천구 화곡로 103,(지번) 신월동 23-17,치킨
711,STORE_YC00299,할리스 목동점,"서울 양천구 목동서로 159-1 CBS기독교 방송국 1,2층",(지번) 목동 917-1,커피전문점
712,STORE_YC00300,설금당잔기지떡,서울 양천구 오목로10길 10,(지번) 신월동 513-7,"떡,한과"
713,STORE_YC00301,탱글낙지마당,서울 양천구 등촌로 186,(지번) 목동 650-7,"해물,생선"
714,STORE_YC00302,반포식스 목동점,서울 양천구 목동동로 293 현대41타워 3층,(지번) 목동 917-9,동남아음식
715,STORE_YC00303,비비민트,서울 양천구 지양로 32,(지번) 신월동 991-2,디저트카페
716,STORE_YC00304,대포항,서울 양천구 오목로50길 1,(지번) 신정동 994-8,회
717,STORE_YC00305,메가커피 목동시장점,서울 양천구 목동중앙남로11길 8,(지번) 목동 719-12,커피전문점
718,STORE_YC00306,호돈돈가스,서울 양천구 신월로 132 1층 102호,(지번) 신월동 1001-1,"돈까스,우동"
719,STORE_YC00307,스타벅스 목동파라곤점,서울 양천구 목동서로 155 지하2층,(지번) 목동 917,커피전문점
720,STORE_YC00308,준이네당산양꼬치 염창점,서울 양천구 공항대로 616,(지번) 목동 513-10,양꼬치
721,STORE_YC00309,BBQ 양천구청점,서울 양천구 목동서로 400 목동10단지A상가 103호,(지번) 신정동 311,치킨
722,STORE_YC00310,레코드피자,서울 양천구 신목로2길 66 씨티프라자 103호,(지번) 목동 404-16,피자
723,STORE_YC00311,알콜트리,서울 양천구 목동동로 266-1,(지번) 목1동 406-227,칵테일바
724,STORE_YC00312,써브웨이 등촌역점,서울 양천구 공항대로 552 101호,(지번) 목동 603-2,샌드위치
725,STORE_YC00313,상암순대국 기사식당24시 신정점,서울 양천구 신월로 312,(지번) 신정1동 1028-1,기사식당
726,STORE_YC00314,산골막국수,서울 양천구 중앙로29길 55,(지번) 신월동 591,음식점
727,STORE_YC00315,명동손칼국수 등촌직영점,서울 양천구 목동중앙북로6길 4,(지번) 목3동 616-4,국수
728,STORE_YC00316,24시전주콩나물국밥 시루사랑신정점,서울 양천구 신월로 263,(지번) 신월2동 501-10,국밥
729,STORE_YC00317,러브 바리스타,서울 양천구 목동중앙북로 65 지상 1층,(지번) 목동 507-8,커피전문점
730,STORE_YC00318,풍성,서울 양천구 목동중앙북로7가길 43,(지번) 목동 611-21,"육류,고기"
731,STORE_YC00319,할리스 신정네거리역점,서울 양천구 중앙로 252 신정화산빌딩 2층,(지번) 신정동 1032-11,커피전문점
732,STORE_YC00320,이차돌 목동로데오점,서울 양천구 신정중앙로 101 1층,(지번) 신정동 888-37,"육류,고기"
733,STORE_YC00321,닭한마리 신월점,서울 양천구 곰달래로5길 83,(지번) 신월동 145-3,닭요리
734,STORE_YC00322,피자알볼로 목동본점,서울 양천구 은행정로4길 16,(지번) 신정동 1015-18,피자
735,STORE_YC00323,카브,서울 양천구 오목로 330 1층,(지번) 목동 405-285,카페
736,STORE_YC00324,커피마스 1호점,서울 양천구 화곡로13길 19,(지번) 신월동 22-19,커피전문점
737,STORE_YC00325,노유민코페 신월직영점,서울 양천구 지양로 2,(지번) 신월동 994-3,커피전문점
738,STORE_YC00326,남원추어탕,서울 양천구 목동중앙남로16가길 32,(지번) 목동 324-221,추어
739,STORE_YC00327,동대문엽기떡볶이 신정점,서울 양천구 신월로 294 2층,(지번) 신정동 1030-2,떡볶이
740,STORE_YC00328,이디야커피 오목교대학학원점,서울 양천구 오목로 319,(지번) 목동 406-35,커피전문점
741,STORE_YC00329,교촌치킨 신정1호점,서울 양천구 중앙로32길 51,(지번) 신정동 1022-5,치킨
742,STORE_YC00330,알리,서울 양천구 중앙로32길 45,(지번) 신정동 1022-14,카페
743,STORE_YC00331,포항물회,서울 양천구 신월로35길 2 1층,(지번) 신정동 981-2,회
744,STORE_YC00332,둥근바다,서울 양천구 신목로 70 1층,(지번) 신정동 89-48,회
745,STORE_YC00333,지극정성마카롱,서울 양천구 오목로 345 슬로우스퀘어 지하1층 111호,(지번) 목동 406-28,디저트카페
746,STORE_YC00334,달콤커피 목동역점,서울 양천구 목동로 213 1층,(지번) 신정동 900-21,커피전문점
747,STORE_YC00335,달미케이크,서울 양천구 목동로11길 26,(지번) 신정동 1003-15,"제과,베이커리"
748,STORE_YC00336,스타벅스 목동트라팰리스점,서울 양천구 오목로 299,(지번) 목동 962,커피전문점
749,STORE_YC00337,커피하오,서울 양천구 목동중앙로 103-1,(지번) 목동 222-26,커피전문점
750,STORE_YC00338,스시로맨스,서울 양천구 목동중앙서로1길 16 목동K빌딩 1층,(지번) 목동 791-3,"초밥,롤"
751,STORE_YC00339,지지고 목동학원가점,서울 양천구 목동서로 65 1층 101호,(지번) 목동 907-5,간식
752,STORE_YC00340,달다랗다,서울 양천구 은행정로6길 22 1층 102호,(지번) 신정동 1016-7,디저트카페
753,STORE_YC00341,중화명가,서울 양천구 목동중앙북로5길 10 1층,(지번) 목동 610-31,중화요리
754,STORE_YC00342,도미노피자 목동점,서울 양천구 목동중앙로 85 금호종합상가,(지번) 목동 758-1,피자
755,STORE_YC00343,좋은아침,서울 양천구 목동동로8길 17,(지번) 신정동 294-52,"제과,베이커리"
756,STORE_YC00344,통큰갈비 목동점,서울 양천구 목동중앙본로 116-1,(지번) 목동 530-11,갈비
757,STORE_YC00345,스타벅스 목동행복한점,서울 양천구 목동동로 309,(지번) 목동 917-6,커피전문점
758,STORE_YC00346,백년초버섯칼국수,서울 양천구 목동중앙로 45,(지번) 목동 773-2,국수
759,STORE_YC00347,돈데이 신월점,서울 양천구 남부순환로 344,(지번) 신월동 49-9,삼겹살
760,STORE_YC00348,철인7호,서울 양천구 목동중앙남로9길 41,(지번) 목동 730,음식점
761,STORE_YC00349,롯데리아 목동사거리점,서울 양천구 등촌로 28,(지번) 목동 792-6,패스트푸드
762,STORE_YC00350,센타쯔,서울 양천구 목동동로 437,(지번) 목동 909-4,일식
763,STORE_YC00351,송추가마골인어반 목동점,서울 양천구 목동동로 293 현대41타워 3층,(지번) 목동 917-9,갈비
764,STORE_YC00352,커피101스트릿,서울 양천구 오목로 321-1,(지번) 목동 406-36,카페
765,STORE_YC00353,봉평메밀막국수 신정네거리점,서울 양천구 중앙로 302,(지번) 신정4동 943-20,국수
766,STORE_YC00354,라헬의부엌 목동점,"서울 양천구 오목로 345 슬로우스퀘어 1층 118,119호",(지번) 목동 406-28,디저트카페
767,STORE_YC00355,꼬꼬와돈돈이무한리필 (2021년4월까지 휴업),서울 양천구 목동중앙본로18길 6 1층,(지번) 목동 231-58,"육류,고기"
768,STORE_YC00356,청년다방 오목교역점,서울 양천구 목동동로12길 22,(지번) 신정동 86-6,떡볶이
769,STORE_YC00357,배꼽집,서울 양천구 목동동로 293 현대41타워 2층 210호,(지번) 목동 917-9,"육류,고기"
770,STORE_YC00358,온정손만두,서울 양천구 신목로7길 9,(지번) 신정동 296-17,분식
771,STORE_YC00359,초이노미,서울 양천구 목동중앙북로 81,(지번) 목동 513-27,일본식주점
772,STORE_YC00360,다해수산,서울 양천구 오목로 62 1층,(지번) 신월동 510-2,회
773,STORE_YC00361,청풍명월,서울 양천구 신월로 122,(지번) 신월동 1002-2,한식
774,STORE_YC00362,쿠마식당,서울 양천구 목동중앙북로 102 1층,(지번) 목동 526-3,일식
775,STORE_YC00363,원조쌈밥집 목동점,서울 양천구 목동서로 57 현대파리지앙 2층,(지번) 목동 907-10,쌈밥
776,STORE_YC00364,두끼떡볶이 목동41타워점,서울 양천구 목동동로 293 3층,(지번) 목동 917-9,떡볶이
777,STORE_YC00365,던킨도너츠 목동로데오점,서울 양천구 오목로 204 1층,(지번) 신정동 987-7,도넛
778,STORE_YC00366,미성정육식당,서울 양천구 신정중앙로 70,(지번) 신정동 905-3,"육류,고기"
779,STORE_YC00367,벌툰 목동점(휴업중),서울 양천구 목동중앙본로7길 42 2층,(지번) 목동 718-12,만화카페
780,STORE_YC00368,만담상점,서울 양천구 목동서로 133-4 스카이포레 1층,(지번) 목동 905-33,"호프,요리주점"
781,STORE_YC00369,백년식당참숯화로구이 신월본점,서울 양천구 곰달래로6길 3 1층,(지번) 신월동 226-14,갈비
782,STORE_YC00370,일식배수사,서울 양천구 신목로 108-10 1층,(지번) 목동 404-162,일식집
783,STORE_YC00371,60계 오목교역점,서울 양천구 목동동로12길 20 하버드 103호,(지번) 신정동 86-8,치킨
784,STORE_YC00372,구텐스테이크하우스,서울 양천구 목동동로 293 현대41타워 1층 117호,(지번) 목동 917-9,"스테이크,립"
785,STORE_YC00373,특돼지 목동1호점,서울 양천구 오목로50길 1 1층,(지번) 신정동 994-8,"육류,고기"
786,STORE_YC00374,아티제 목동홈플러스점,서울 양천구 목동서로 170 1층,(지번) 목동 919-7,"제과,베이커리"
787,STORE_YC00375,시민막국수 숯불닭갈비,서울 양천구 목동동로10길 21-1,(지번) 신정동 296-10,닭요리
788,STORE_YC00376,공차 목동역점,서울 양천구 목동로 173,(지번) 신정동 1006-2,카페
789,STORE_YC00377,펍피맥,서울 양천구 신목로2길 68,(지번) 목동 404-5,"호프,요리주점"
790,STORE_YC00378,롯데리아 신곡시장점,서울 양천구 신월로 177,(지번) 신월동 536-3,패스트푸드
791,STORE_YC00379,목동아구찜,서울 양천구 목동서로 213 세신비젼프라자 지하108호,(지번) 목동 923,아구
792,STORE_YC00380,농장이야기 목동직영점,서울 양천구 목동중앙본로30길 83 가동 지하1층 B01호,(지번) 목동 530-3,"육류,고기"
793,STORE_YC00381,본가풍년집 신정점,서울 양천구 중앙로 294,(지번) 신정동 971-20,"육류,고기"
794,STORE_YC00382,철이네분식,서울 양천구 남부순환로33길 7,(지번) 신월동 55-16,분식
795,STORE_YC00383,신정역쭈꾸미전문점,서울 양천구 오목로 167,(지번) 신정동 917-20,"해물,생선"
796,STORE_YC00384,싸다김밥 목동점,서울 양천구 목동서로 287,(지번) 신정동 318-6,분식
797,STORE_YC00385,부뚜막청국장,서울 양천구 오목로 176,(지번) 신정동 952-4,"찌개,전골"
798,STORE_YC00386,스타벅스 목동5단지점,서울 양천구 목동동로 411 부영그린타운3차 116호,(지번) 목동 908-34,커피전문점
799,STORE_YC00387,배떡 목동점,서울 양천구 목동중앙본로5길 19 1층,(지번) 목동 748-12,떡볶이
800,STORE_YC00388,아라부대찌개 목동직영점,서울 양천구 오목로 232 보성팰리스,(지번) 신정동 992-2,"찌개,전골"
801,STORE_YC00389,까치네한식분식국수,서울 양천구 오목로 324,(지번) 목동 405-179,분식
802,STORE_YC00390,배스킨라빈스 목1동점,서울 양천구 목동서로 250 풍성빌딩 1층,(지번) 목동 408-40,아이스크림
803,STORE_YC00391,교촌치킨 신월2호점,서울 양천구 지양로 52,(지번) 신월동 972-6,치킨
804,STORE_YC00392,짜장우동기사식당,서울 양천구 지양로 91,(지번) 신월동 933-1,기사식당
805,STORE_YC00393,멸치국수,서울 양천구 신월로 333,(지번) 신정동 978-14,국수
806,STORE_YC00394,리위엔,서울 양천구 목동서로 155 목동 파라곤 지하1층,(지번) 목동 917,중화요리
807,STORE_YC00395,금도수산 신월점,서울 양천구 남부순환로 362,(지번) 신월동 166-6,회
808,STORE_YC00396,오복순대국,서울 양천구 신정중앙로 63,(지번) 신정동 885-20,순대
809,STORE_YC00397,도니향,서울 양천구 목동동로12길 24,(지번) 신정동 86-9,"육류,고기"
810,STORE_YC00398,커피빈 오목교역사거리점,서울 양천구 오목로 350 목동선텍시티빌딩 1~2층,(지번) 목동 404-177,커피전문점
811,STORE_YC00399,스마일 목동찹쌀꽈배기,서울 양천구 목동중앙북로 7,(지번) 목동 960,간식
812,STORE_YC00400,유빈양꼬치 본점,서울 양천구 신정중앙로23길 11,(지번) 신정동 890-19,양꼬치
813,STORE_YC00401,도미노피자 신월점,서울 양천구 신월로 224,(지번) 신월동 608-1,피자
814,STORE_YC00402,37.5 목동점,서울 양천구 목동동로 309 행복한백화점 1층,(지번) 목동 917-6,디저트카페
815,STORE_YC00403,목동마카롱,서울 양천구 목동중앙남로3길 43 1층,(지번) 목동 781-6,디저트카페
816,STORE_YC00404,교촌치킨 목동1호점,서울 양천구 목동중앙서로 24,(지번) 목동 797-3,치킨
817,STORE_YC00405,하르딘리코,서울 양천구 신목로 85,(지번) 신정동 86-28,"제과,베이커리"
818,STORE_YC00406,카페베네 신정네거리역점,서울 양천구 중앙로 259-1 1층,(지번) 신정동 1183-9,커피전문점
819,STORE_YC00407,홍봉자치즈굴림만두 목동본점,서울 양천구 신정중앙로 72 1층,(지번) 신정동 905-18,분식
820,STORE_YC00408,가향,서울 양천구 목동동로 55,(지번) 신정동 323-17,중화요리
821,STORE_YC00409,삼촌네춘천닭갈비,서울 양천구 목동중앙서로1길 15 삼성쉐르빌 101호,(지번) 목동 792-13,닭요리
822,STORE_YC00410,블라썸컴패니언,서울 양천구 은행정로 47-1,(지번) 신정동 956-3,"제과,베이커리"
