﻿,store_code,ItemID,address,local,category
0,STORE_OP00001,북한산제빵소,서울 은평구 연서로48길 52,(지번) 진관동 170-1,"제과,베이커리"
1,STORE_OP00002,1인1잔,"서울 은평구 연서로 534 1,2층",(지번) 진관동 219,카페
2,STORE_OP00003,백년가게 만포면옥 본점,"서울 은평구 연서로 171 1,2층",(지번) 갈현동 463-1,냉면
3,STORE_OP00004,제주도그릴 특상본점,서울 은평구 응암로 373 역촌빌딩 1층,(지번) 녹번동 161-5,"육류,고기"
4,STORE_OP00005,중화원,서울 은평구 통일로66길 10-16,(지번) 불광동 281-128,중화요리
5,STORE_OP00006,횟집울릉도,서울 은평구 서오릉로 29-4,(지번) 녹번동 154-40,회
6,STORE_OP00007,원조두꺼비집불오징어,"서울 은평구 연서로28길 5 1, 2층",(지번) 대조동 185-33,"해물,생선"
7,STORE_OP00008,가야밀냉면해물칼국수,서울 은평구 대서문길 36 북한산성상가 A동 106호,(지번) 진관동 277-17,냉면
8,STORE_OP00009,스시쇼부 1호점,"서울 은평구 은평로13길 11-9 1,2층",(지번) 응암동 85-4,"초밥,롤"
9,STORE_OP00010,벙구갈비,서울 은평구 응암로 269 1층,(지번) 응암동 119-1,갈비
10,STORE_OP00011,갈현동할머니떡볶이,서울 은평구 통일로87길 8-1,(지번) 갈현동 412-5,떡볶이
11,STORE_OP00012,롱브레드 은평한옥마을점,"서울 은평구 연서로 530 1, 2층",(지번) 진관동 219-2,테마카페
12,STORE_OP00013,마마수제만두,서울 은평구 증산로 397 에벤에셀빌딩 1층,(지번) 신사동 336-3,중식
13,STORE_OP00014,옥탑방,서울 은평구 서오릉로 123 1층,(지번) 역촌동 1-12,삼겹살
14,STORE_OP00015,동감,서울 은평구 증산로15나길 1,(지번) 신사동 165-5,카페
15,STORE_OP00016,파술타,서울 은평구 통일로 883 1층,(지번) 갈현동 394-2,"호프,요리주점"
16,STORE_OP00017,역촌왕돈까스 역촌본점,서울 은평구 진흥로 121-1,(지번) 대조동 43-7,"돈까스,우동"
17,STORE_OP00018,근린커피,서울 은평구 응암로21길 23,(지번) 응암동 579-33,카페
18,STORE_OP00019,옥문,서울 은평구 통일로87길 21 2층,(지번) 갈현1동 425-4,중화요리
19,STORE_OP00020,휴식,서울 은평구 연서로26길 14 2층,(지번) 대조동 201-19,이탈리안
20,STORE_OP00021,이가네가마솥설렁탕,서울 은평구 진흥로 130,(지번) 녹번동 141-39,설렁탕
21,STORE_OP00022,구석집,서울 은평구 통일로83길 17-5 1층,(지번) 갈현동 403-36,"호프,요리주점"
22,STORE_OP00023,산들애건강밥상,서울 은평구 대서문길 43-16,(지번) 진관동 278-30,한식
23,STORE_OP00024,카페뤽상부르,서울 은평구 연서로25길 6-11 2층,(지번) 갈현동 481-13,카페
24,STORE_OP00025,성일식당,서울 은평구 갈현로 306-8,(지번) 갈현동 424-1,갈비
25,STORE_OP00026,빅토리아,서울 은평구 응암로21길 11 1층,(지번) 응암동 579-45,"육류,고기"
26,STORE_OP00027,1인1상,서울 은평구 연서로 534,(지번) 진관동 134-31,퓨전한식
27,STORE_OP00028,우주미,서울 은평구 은평로 185,(지번) 녹번동 185,갈비
28,STORE_OP00029,중화원,서울 은평구 연서로26길 9 1층,(지번) 대조동 197-19,중화요리
29,STORE_OP00030,아로이타이,서울 은평구 은평로 108 메트로럭스 2층 201호,(지번) 응암동 110-9,태국음식
30,STORE_OP00031,스시온도,서울 은평구 불광천길 536,(지번) 응암동 113-35,"초밥,롤"
31,STORE_OP00032,충무칼국수,서울 은평구 은평로 193-1,(지번) 녹번동 204,국수
32,STORE_OP00033,플롭,서울 은평구 불광천길 338,(지번) 응암동 591-19,피자
33,STORE_OP00034,플로,서울 은평구 서오릉로 20-1 1층,(지번) 녹번동 82-41,카페
34,STORE_OP00035,골목집갈비살,서울 은평구 연서로27길 12-9 1층,(지번) 갈현동 454-15,갈비
35,STORE_OP00036,메밀잔치,서울 은평구 대서문길 7 1층,(지번) 진관동 279-88,국수
36,STORE_OP00037,불광동황소곱창구이,서울 은평구 진흥로 141,(지번) 대조동 38-9,"곱창,막창"
37,STORE_OP00038,옥토끼제면소,서울 은평구 불광천길 536,(지번) 응암동 113-35,일본식라면
38,STORE_OP00039,풍천장어 응암점,서울 은평구 응암로 340-1 대진빌딩 1층,(지번) 응암동 87-2,장어
39,STORE_OP00040,보들이족발,서울 은평구 연서로 230-10,(지번) 대조동 185-43,"족발,보쌈"
40,STORE_OP00041,브릭하우스76,서울 은평구 연서로 40,(지번) 역촌동 35-29,"호프,요리주점"
41,STORE_OP00042,심야식당세이지,서울 은평구 연서로27길 13-6,(지번) 갈현동 483-3,일식
42,STORE_OP00043,횟집산이네,서울 은평구 통일로66길 4-1,(지번) 불광동 281-154,"해물,생선"
43,STORE_OP00044,넷길이콩나물국밥,서울 은평구 진흥로 139,(지번) 대조동 38-12,국밥
44,STORE_OP00045,휴가,서울 은평구 진관2로 19 휴먼프라자 3층,(지번) 진관동 74,카페
45,STORE_OP00046,태조대림감자국,서울 은평구 응암로 172,(지번) 응암동 603-74,감자탕
46,STORE_OP00047,진김밥,서울 은평구 연서로 130-1,(지번) 역촌동 1-46,분식
47,STORE_OP00048,유라쿠,서울 은평구 연서로 214,(지번) 대조동 198-27,"초밥,롤"
48,STORE_OP00049,원조양평해장국 직영점,서울 은평구 연서로 203,(지번) 갈현동 460-18,해장국
49,STORE_OP00050,YM커피프로젝트,서울 은평구 연서로29길 21-8,(지번) 갈현동 452-26,카페
50,STORE_OP00051,넙딱집 본점,서울 은평구 진흥로 124,(지번) 녹번동 144-11,"육류,고기"
51,STORE_OP00052,접시고기,서울 은평구 연서로29길 22 1층,(지번) 갈현동 401-15,"육류,고기"
52,STORE_OP00053,만석장 본점,서울 은평구 대서문길 43-10,(지번) 진관동 278-32,쌈밥
53,STORE_OP00054,장충당 역촌점,서울 은평구 진흥로 33,(지번) 역촌동 42-62,"족발,보쌈"
54,STORE_OP00055,봉희설렁탕 본점,서울 은평구 증산로 413,(지번) 신사동 35-20,설렁탕
55,STORE_OP00056,효면옥,서울 은평구 증산로 429,(지번) 신사동 34-8,냉면
56,STORE_OP00057,원조은평감자국,서울 은평구 응암로 287,(지번) 응암동 117-9,감자탕
57,STORE_OP00058,보들이쭈꾸미,서울 은평구 은평로 46,(지번) 신사동 21-20,"해물,생선"
58,STORE_OP00059,떡산,서울 은평구 연서로 247-1 1층,(지번) 불광동 310-192,떡볶이
59,STORE_OP00060,쿠우쿠우 연신내점,서울 은평구 통일로 856 메트로타워 6층,(지번) 불광동 311-13,해산물뷔페
60,STORE_OP00061,아웃백스테이크하우스 구파발점,서울 은평구 통일로 1080 삼전솔하임 103동 2층,(지번) 진관동 57-33,패밀리레스토랑
61,STORE_OP00062,셀프회수산시장 포장전문점 응암점,서울 은평구 응암로 319 1층 102호,(지번) 응암동 109-3,회
62,STORE_OP00063,코스모스,서울 은평구 연서로15길 2,(지번) 구산동 1-16,떡볶이
63,STORE_OP00064,가이오국수 본점,서울 은평구 연서로 132 1층,(지번) 역촌동 1-45,국수
64,STORE_OP00065,소담촌 구산직영점,서울 은평구 서오릉로 145 상원빌딩 3층,(지번) 구산동 1-24,샤브샤브
65,STORE_OP00066,싱싱연신내횟집,서울 은평구 연서로27길 17,(지번) 갈현동 483-1,회
66,STORE_OP00067,선과점,서울 은평구 갈현로7가길 11 1층,(지번) 역촌동 191-2,카페
67,STORE_OP00068,목노집,서울 은평구 연서로28길 10,(지번) 대조동 197-2,"족발,보쌈"
68,STORE_OP00069,서부감자국,서울 은평구 서오릉로 8,(지번) 녹번동 181,감자탕
69,STORE_OP00070,823m,서울 은평구 연서로29길 21-9 1층,(지번) 갈현동 453-22,디저트카페
70,STORE_OP00071,한판승부,서울 은평구 통일로83길 18 1층,(지번) 갈현동 404-24,일본식주점
71,STORE_OP00072,대로집 본점,서울 은평구 통일로 738-1,(지번) 불광동 274-11,삼겹살
72,STORE_OP00073,만나만두,서울 은평구 연서로 292,(지번) 불광동 423,분식
73,STORE_OP00074,카페볼가심,서울 은평구 진관길 10,(지번) 진관동 198-7,카페
74,STORE_OP00075,뚜띠쿠치나 응암점,서울 은평구 증산로 465,(지번) 신사동 23-56,이탈리안
75,STORE_OP00076,송추가마골 서울은평점,서울 은평구 북한산로 276,(지번) 진관동 300-6,갈비
76,STORE_OP00077,다온상회,서울 은평구 통일로83길 14,(지번) 갈현동 404-16,"육류,고기"
77,STORE_OP00078,머슴과마님,서울 은평구 응암로 369-1,(지번) 녹번동 162-1,닭요리
78,STORE_OP00079,제주은희네해장국 증산점,서울 은평구 증산로 335,(지번) 증산동 163-6,해장국
79,STORE_OP00080,지원가마솥해장국,서울 은평구 통일로66길 4-7,(지번) 불광동 281-157,해장국
80,STORE_OP00081,카페미제,"서울 은평구 연서로 19 1, 2층",(지번) 역촌동 83-39,테마카페
81,STORE_OP00082,원조이화감자국,서울 은평구 응암로 174-1,(지번) 응암동 602-31,감자탕
82,STORE_OP00083,스타벅스 은평구청입구점,서울 은평구 은평로 170 상현빌딩 1층,(지번) 응암동 96-1,커피전문점
83,STORE_OP00084,어촌시래기 연신내점,서울 은평구 연서로 83 1층,(지번) 역촌동 45-21,해산물
84,STORE_OP00085,아웃닭 연신내점,서울 은평구 연서로29길 20-7 1층,(지번) 갈현동 401-2,치킨
85,STORE_OP00086,은평커피로스터스,서울 은평구 은평로 57-1,(지번) 신사동 2-10,카페
86,STORE_OP00087,신도각,서울 은평구 역말로9길 44,(지번) 대조동 191-35,중식
87,STORE_OP00088,이상향,서울 은평구 진흥로5길 17 1층,(지번) 역촌동 40-8,중식
88,STORE_OP00089,양갈비에꼬치다,서울 은평구 서오릉로 52-1,(지번) 녹번동 80-31,양꼬치
89,STORE_OP00090,213점,서울 은평구 응암로21가길 27 1층,(지번) 응암동 120-39,카페
90,STORE_OP00091,해례커피,서울 은평구 통일로83길 19,(지번) 갈현동 430-1,커피전문점
91,STORE_OP00092,갈현동떡볶이,서울 은평구 연서로29길 24,(지번) 갈현동 431-5,떡볶이
92,STORE_OP00093,신진초밥,서울 은평구 통일로 1030 신한헤스티아 1차 205호,(지번) 진관동 91-4,"초밥,롤"
93,STORE_OP00094,신간짬뽕,서울 은평구 통일로85길 7-1 2층,(지번) 갈현동 406-2,중화요리
94,STORE_OP00095,트라토리아피우,서울 은평구 진관2로 111-7 은평뉴타운우물골2단지아파트 209동 상가B107호,(지번) 진관동 88,이탈리안
95,STORE_OP00096,야래향,서울 은평구 통일로 1010,(지번) 진관동 97-10,중화요리
96,STORE_OP00097,동굴과화로구이,서울 은평구 은평로 185,(지번) 녹번동 185,"육류,고기"
97,STORE_OP00098,모이세해장국,서울 은평구 연서로 60 1층,(지번) 역촌동 22-39,해장국
98,STORE_OP00099,자금성,서울 은평구 응암로 288,(지번) 응암동 107-5,중화요리
99,STORE_OP00100,카페아사,서울 은평구 불광천길 338 2층,(지번) 응암동 591-19,카페
100,STORE_OP00101,후통마라탕,서울 은평구 연서로29길 20,(지번) 갈현동 400-6,중식
101,STORE_OP00102,송도회집,서울 은평구 응암로 324,(지번) 응암동 103-35,회
102,STORE_OP00103,짬뽕의달인,서울 은평구 통일로66길 4-5,(지번) 불광동 281-156,중화요리
103,STORE_OP00104,화포식당,서울 은평구 연서로29길 20-15,(지번) 갈현동 401-4,"육류,고기"
104,STORE_OP00105,홍제동30년 우동국수,서울 은평구 서오릉로 242,(지번) 갈현동 325-5,국수
105,STORE_OP00106,햇살머무는식탁 (휴업중),서울 은평구 연서로29길 32,(지번) 갈현동 430-5,"돈까스,우동"
106,STORE_OP00107,연천왕소갈비,서울 은평구 서오릉로15길 5-5,(지번) 구산동 202-28,갈비
107,STORE_OP00108,스타벅스 불광역점,서울 은평구 통일로 715 우리은행 1층,(지번) 대조동 15-9,커피전문점
108,STORE_OP00109,일로,서울 은평구 연서로29길 21-3 1층,(지번) 갈현동 453-20,일본식주점
109,STORE_OP00110,삼대족발 연신내점,서울 은평구 연서로29길 14-18,(지번) 갈현동 399-1,"족발,보쌈"
110,STORE_OP00111,삿뽀로 녹번점,서울 은평구 서오릉로 4 2층,(지번) 녹번동 183-5,일식집
111,STORE_OP00112,소야,서울 은평구 불광로14길 4 102호,(지번) 불광동 13-7,일식집
112,STORE_OP00113,은평어시장,서울 은평구 응암로 169 1층,(지번) 응암동 595-1,회
113,STORE_OP00114,둘레길맛집,서울 은평구 불광로18가길 49,(지번) 불광동 산 6-11,"육류,고기"
114,STORE_OP00115,청어람,서울 은평구 연서로27길 16-12,(지번) 갈현동 454-21,한식
115,STORE_OP00116,포358,서울 은평구 은평로 91,(지번) 응암동 91-7,동남아음식
116,STORE_OP00117,맥도날드 연신내점,서울 은평구 연서로 213,(지번) 갈현동 456-28,패스트푸드
117,STORE_OP00118,춘천명동닭갈비,서울 은평구 은평로8길 8-1,(지번) 응암동 110-6,닭요리
118,STORE_OP00119,은평한우곱창,서울 은평구 진흥로 23,(지번) 역촌동 43-66,"곱창,막창"
119,STORE_OP00120,부추곱창,서울 은평구 연서로29길 20-17,(지번) 갈현동 402-34,"곱창,막창"
120,STORE_OP00121,먹거리곱창,서울 은평구 진흥로 147-1,(지번) 대조동 38-1,"곱창,막창"
121,STORE_OP00122,1994양과점,서울 은평구 연서로26길 9-5 도원빌딩 1층 101호,(지번) 대조동 197-20,디저트카페
122,STORE_OP00123,스타벅스 구파발역점,서울 은평구 진관2로 12 메이플카운티 2차 113~116호,(지번) 진관동 90-1,커피전문점
123,STORE_OP00124,스타벅스 연신내역사거리점,서울 은평구 통일로 842,(지번) 불광동 308-1,커피전문점
124,STORE_OP00125,H3비스트로,서울 은평구 연서로27길 13-1 1층,(지번) 갈현동 482-1,양식
125,STORE_OP00126,서부집,서울 은평구 진흥로5길 14-1,(지번) 역촌동 31-28,삼겹살
126,STORE_OP00127,마산아구찜,서울 은평구 백련산로 160,(지번) 응암동 762,아구
127,STORE_OP00128,제이츠커피브루어스,서울 은평구 연서로25길 20-3 1층,(지번) 갈현동 484-2,카페
128,STORE_OP00129,카페메이트,서울 은평구 진흥로 85 1~2층,(지번) 역촌동 27-10,카페
129,STORE_OP00130,조개폭식 연신내점,서울 은평구 연서로 208 1층,(지번) 대조동 199-9,조개
130,STORE_OP00131,마르,서울 은평구 연서로27길 16-13 1층,(지번) 갈현동 453-24,"육류,고기"
131,STORE_OP00132,플럽커피,서울 은평구 연서로29길 7-11 3층,(지번) 갈현동 456-12,카페
132,STORE_OP00133,버거킹 녹번대성GS점,서울 은평구 통일로 642,(지번) 녹번동 19-38,패스트푸드
133,STORE_OP00134,투썸플레이스 은평구청점,서울 은평구 은평로 194 103호205호,(지번) 응암동 81-173,커피전문점
134,STORE_OP00135,아리산채,서울 은평구 수색로 217-1 1층,(지번) 증산동 223-28,중식
135,STORE_OP00136,알키미스타,서울 은평구 응암로9길 24 1층,(지번) 응암동 592-61,카페
136,STORE_OP00137,히카리우동,서울 은평구 가좌로 190 2층,(지번) 응암동 285-96,"돈까스,우동"
137,STORE_OP00138,라화방마라탕,서울 은평구 연서로29길 14-13 1층,(지번) 갈현동 400-2,중식
138,STORE_OP00139,봉평 옹심이메밀칼국수,서울 은평구 연서로 247,(지번) 불광동 310-238,국수
139,STORE_OP00140,소문난순대집,서울 은평구 은평로 53,(지번) 신사동 3-8,순대
140,STORE_OP00141,어뮤즈멜로우,서울 은평구 연서로27길 20 2층,(지번) 갈현동 453-12,디저트카페
141,STORE_OP00142,버거킹 연신내역점,서울 은평구 통일로 834 1층,(지번) 불광동 305-3,패스트푸드
142,STORE_OP00143,명동칼국수,서울 은평구 통일로 751 1층,(지번) 대조동 3-81,국수
143,STORE_OP00144,스타벅스 구산역점,서울 은평구 연서로 146,(지번) 대조동 224-14,커피전문점
144,STORE_OP00145,도화원,서울 은평구 연서로 167,(지번) 갈현동 463-22,중화요리
145,STORE_OP00146,통김치삼겹살,서울 은평구 응암로13길 23,(지번) 응암동 592-1,삼겹살
146,STORE_OP00147,양반집,서울 은평구 갈현로1길 3-1 1층,(지번) 신사동 17-16,"육류,고기"
147,STORE_OP00148,네모횟집,서울 은평구 진관1로 21-39 메이플카운티 1층 101호,(지번) 진관동 90-30,회
148,STORE_OP00149,금바위감자탕 증산점,서울 은평구 증산로 353,(지번) 증산동 159-5,감자탕
149,STORE_OP00150,손수메밀우동손만두,서울 은평구 연서로 5-2,(지번) 역촌동 85-28,국수
150,STORE_OP00151,시장냉면,서울 은평구 응암로22길 5-17,(지번) 응암동 427-165,냉면
151,STORE_OP00152,노량진 횟집,서울 은평구 은평로8길 3,(지번) 응암동 109-9,회
152,STORE_OP00153,코피티암,"서울 은평구 연서로27길 7-1 1,2층",(지번) 갈현동 481-4,카페
153,STORE_OP00154,시즌테이블,서울 은평구 진관2로 15-8 웅신 미켈란의아침 110호,(지번) 진관동 73,이탈리안
154,STORE_OP00155,본페뜨,"서울 은평구 통일로71길 16 KT은평지사 1층, 지하1층",(지번) 대조동 84-1,뷔페
155,STORE_OP00156,힐링앤툰,서울 은평구 진흥로 144 동호스카이 지하 102호,(지번) 녹번동 141-8,만화카페
156,STORE_OP00157,소담촌 DMC점,서울 은평구 수색로 191 두빌191 2층,(지번) 증산동 223-47,샤브샤브
157,STORE_OP00158,냉삼집,서울 은평구 응암로21길 5 1층,(지번) 응암동 578-91,"육류,고기"
158,STORE_OP00159,양대리갯벌,서울 은평구 가좌로 218 1층,(지번) 응암동 576-56,회
159,STORE_OP00160,자연담은화로 연신내점,서울 은평구 연서로27길 16-8,(지번) 갈현동 454-3,"육류,고기"
160,STORE_OP00161,착한낙지 연신내점,서울 은평구 연서로 322,(지번) 불광동 105-123,"해물,생선"
161,STORE_OP00162,그남자고깃집,서울 은평구 연서로 178,(지번) 대조동 220-31,"육류,고기"
162,STORE_OP00163,스시스테이,서울 은평구 응암로 229,(지번) 응암동 578-34,"초밥,롤"
163,STORE_OP00164,마포구이마당 역촌직영점,서울 은평구 갈현로 107 1층,(지번) 역촌동 52-1,삼겹살
164,STORE_OP00165,산동성 옛날정통수타짜장,서울 은평구 응암로 331-16,(지번) 응암동 88-21,중화요리
165,STORE_OP00166,무한리필닭갈비제작소,서울 은평구 연서로29길 19,(지번) 갈현동 453-1,닭요리
166,STORE_OP00167,탐나도다,서울 은평구 통일로83길 5-14,(지번) 갈현동 403-3,카페
167,STORE_OP00168,화로상회 갈현점,서울 은평구 연서로29길 34 1층,(지번) 갈현동 430-16,"육류,고기"
168,STORE_OP00169,스타벅스 연신내점,서울 은평구 통일로 869,(지번) 갈현동 395-5,커피전문점
169,STORE_OP00170,평창두부마을,서울 은평구 가좌로 204,(지번) 응암동 338-78,두부전문점
170,STORE_OP00171,꿀백,서울 은평구 통일로83길 9 1층,(지번) 갈현동 403-15,"불고기,두루치기"
171,STORE_OP00172,장충당 녹번점,서울 은평구 은평로 221-1,(지번) 녹번동 237,"족발,보쌈"
172,STORE_OP00173,도토리카페,"서울 은평구 대서문길 15-5 1, 2층",(지번) 진관동 279-36,카페
173,STORE_OP00174,팥동동,서울 은평구 연서로48길 31,(지번) 진관동 167-1,한식
174,STORE_OP00175,백년토종삼계탕,서울 은평구 응암로 209,(지번) 응암동 577-43,삼계탕
175,STORE_OP00176,KFC 연신내역점,서울 은평구 연서로 226-1,(지번) 대조동 185-24,패스트푸드
176,STORE_OP00177,추송고기로와,서울 은평구 진흥로 111,(지번) 대조동 179-36,"육류,고기"
177,STORE_OP00178,온도차,서울 은평구 녹번로 74 1층,(지번) 녹번동 117-64,카페
178,STORE_OP00179,유즈풀,서울 은평구 응암로21가길 29,(지번) 응암동 120-34,카페
179,STORE_OP00180,오핀로스터리,서울 은평구 북한산로 234,(지번) 진관동 327-2,커피전문점
180,STORE_OP00181,원마산아구찜,서울 은평구 통일로83길 11 1층,(지번) 갈현동 403-6,아구
181,STORE_OP00182,육플,서울 은평구 연서로29길 8-8 인락빌딩 2층,(지번) 갈현동 398-4,"육류,고기"
182,STORE_OP00183,황금참치,서울 은평구 가좌로 237,(지번) 응암동 589-37,참치회
183,STORE_OP00184,카페와인드,서울 은평구 응암로34가길 17,(지번) 응암동 103-9,카페
184,STORE_OP00185,응암동돈까스,서울 은평구 응암로 338,(지번) 응암동 87-18,"돈까스,우동"
185,STORE_OP00186,구이마당 본점,서울 은평구 증산서길 14-7,(지번) 증산동 221-4,"육류,고기"
186,STORE_OP00187,삼천리골 돼지집,서울 은평구 연서로54길 32,(지번) 진관동 산 30-3,"사철탕,영양탕"
187,STORE_OP00188,녹번꼼장어,서울 은평구 은평로 197,(지번) 녹번동 212,장어
188,STORE_OP00189,버거킹 박석고개SK점,서울 은평구 통일로 945,(지번) 갈현동 1-6,패스트푸드
189,STORE_OP00190,기산면옥,서울 은평구 은평로 102-1,(지번) 응암동 110-11,냉면
190,STORE_OP00191,둔내막국수,서울 은평구 북한산로 255,(지번) 진관동 322,국수
191,STORE_OP00192,맥도날드 구산점,서울 은평구 연서로 131,(지번) 구산동 1-14,패스트푸드
192,STORE_OP00193,송추가마골 서울은평2호점,서울 은평구 북한산로 228-2,(지번) 진관동 327-23,갈비
193,STORE_OP00194,씨즈닝테이블,서울 은평구 연서로28길 19 1층,(지번) 대조동 186-54,양식
194,STORE_OP00195,하기당,서울 은평구 통일로83길 5-8 2층,(지번) 갈현동 403-10,일본식주점
195,STORE_OP00196,대박집 불광점,서울 은평구 통일로65길 26,(지번) 대조동 15-87,"육류,고기"
196,STORE_OP00197,연수식당,서울 은평구 연서로27길 17-1,(지번) 갈현동 483-16,한식
197,STORE_OP00198,신사돼지뽈집 신사동본점,서울 은평구 갈현로 27,(지번) 신사동 16-30,"육류,고기"
198,STORE_OP00199,상하이문,서울 은평구 응암로 247,(지번) 응암동 124-17,중화요리
199,STORE_OP00200,벙구갈비 불광점,서울 은평구 녹번로 71 1층,(지번) 녹번동 117-54,갈비
200,STORE_OP00201,서울지짐이,서울 은평구 불광로 15,(지번) 대조동 12-6,한식
201,STORE_OP00202,벌툰 연신내점,"서울 은평구 통일로 830 파레제페빌딩 403,404호",(지번) 불광동 304-2,만화카페
202,STORE_OP00203,코스믹버거랩,서울 은평구 통일로85길 6 1층,(지번) 갈현동 393-13,햄버거
203,STORE_OP00204,옛날국밥앤갈비한판,서울 은평구 연서로 247-1,(지번) 불광동 310-192,국밥
204,STORE_OP00205,미각,서울 은평구 연서로33길 11,(지번) 불광동 369-3,샤브샤브
205,STORE_OP00206,참나무본가 은평점,서울 은평구 통일로 1020 헤센스마트 2층,(지번) 진관동 95-15,"육류,고기"
206,STORE_OP00207,봉삼스시 연신내1호점,서울 은평구 통일로 863-20 1층,(지번) 갈현동 395-15,"초밥,롤"
207,STORE_OP00208,홍익돈까스 은평점,서울 은평구 북한산로 232,(지번) 진관동 327-7,"돈까스,우동"
208,STORE_OP00209,카페달력,서울 은평구 연서로18길 28-2 1층,(지번) 대조동 50-2,카페
209,STORE_OP00210,앤슬로,서울 은평구 응암로 206 2층,(지번) 응암동 576-44,카페
210,STORE_OP00211,지브릭커피 연신내본점,서울 은평구 연서로48길 12 5130동 상사 101호,(지번) 진관동 138-22,카페
211,STORE_OP00212,바로전집,서울 은평구 서오릉로9길 13,(지번) 역촌동 15-23,한식
212,STORE_OP00213,북한산손칼국수,서울 은평구 대서문길 36,(지번) 진관동 277-17,국수
213,STORE_OP00214,셀프장어세상,서울 은평구 연서로 155 1층,(지번) 갈현동 464-8,장어
214,STORE_OP00215,연어가게,서울 은평구 연서로27길 8-8,(지번) 갈현동 456-22,"해물,생선"
215,STORE_OP00216,양대리수산시장,서울 은평구 응암로11길 4,(지번) 응암동 599-27,회
216,STORE_OP00217,스낵바세이지,서울 은평구 연서로25길 20-4 1층,(지번) 갈현동 483-17,일본식주점
217,STORE_OP00218,오레노라멘 은평,서울 은평구 불광천길 366,(지번) 응암동 587-39,일본식라면
218,STORE_OP00219,성너머집,서울 은평구 불광로18길 13-1 1층,(지번) 불광동 28-11,삼계탕
219,STORE_OP00220,불광우동,서울 은평구 진흥로 150,(지번) 녹번동 131-154,"돈까스,우동"
220,STORE_OP00221,목포세발낙지산낙지 본관,서울 은평구 통일로66길 4-17,(지번) 불광동 281-162,"해물,생선"
221,STORE_OP00222,커피빈 응암동점,서울 은평구 은평로 121 메디컬빌딩,(지번) 응암동 89-19,커피전문점
222,STORE_OP00223,당가원 역촌점,서울 은평구 연서로 52 1층,(지번) 역촌동 35-13,중화요리
223,STORE_OP00224,박용석스시 응암점,서울 은평구 응암로 207 1층,(지번) 응암동 577-45,"초밥,롤"
224,STORE_OP00225,멘야다이고미,서울 은평구 통일로 889 국용빌딩 1층,(지번) 갈현동 393-10,일본식라면
225,STORE_OP00226,써브웨이 응암점,서울 은평구 은평로 108 101호,(지번) 응암동 110-10,샌드위치
226,STORE_OP00227,투썸플레이스 은평뉴타운점,"서울 은평구 진관3로 20 SW메디컬빌딩 1,2층",(지번) 진관동 69-3,커피전문점
227,STORE_OP00228,30CM왕돈까스,서울 은평구 연서로26길 27 1층,(지번) 대조동 193-9,"돈까스,우동"
228,STORE_OP00229,장가구,서울 은평구 연서로4길 19,(지번) 역촌동 34-49,중화요리
229,STORE_OP00230,연신내회수산,서울 은평구 통일로83길 6-5,(지번) 갈현동 404-5,회
230,STORE_OP00231,민속막국수족발,서울 은평구 갈현로 316,(지번) 갈현동 419-28,국수
231,STORE_OP00232,사슴집,서울 은평구 연서로54길 20-1,(지번) 진관동 348-4,한식
232,STORE_OP00233,커피생각,서울 은평구 불광천길 420 1층,(지번) 응암동 583-34,커피전문점
233,STORE_OP00234,화통집 연신내점,서울 은평구 연서로27길 19,(지번) 갈현동 110-5,"육류,고기"
234,STORE_OP00235,마포곱창 응암점,서울 은평구 응암로11길 9,(지번) 응암동 597-9,"곱창,막창"
235,STORE_OP00236,탐나종합어시장 응암역점,서울 은평구 은평로 108 108호,(지번) 응암동 110-58,회
236,STORE_OP00237,마루샤브 은평점,서울 은평구 연서로 165 동원빌딩 2층,(지번) 갈현동 463-3,샤브샤브
237,STORE_OP00238,달콤꿈꾸다,서울 은평구 연서로18길 4 1층,(지번) 대조동 224-6,"제과,베이커리"
238,STORE_OP00239,이차돌 은평구청점,서울 은평구 은평로 188 1층,(지번) 응암동 81-208,"육류,고기"
239,STORE_OP00240,비비드칩마카롱,서울 은평구 통일로75길 6-20,(지번) 대조동 187-26,디저트카페
240,STORE_OP00241,로즈드마이,서울 은평구 불광천길 312 1층,(지번) 응암동 592-62,카페
241,STORE_OP00242,장어대풍회집,서울 은평구 수색로 262,(지번) 수색동 368-1,회
242,STORE_OP00243,명품청기와감자탕 불광점,서울 은평구 진흥로 148,(지번) 녹번동 141-20,감자탕
243,STORE_OP00244,소와연어,서울 은평구 연서로27길 20-4,(지번) 갈현동 453-13,"육류,고기"
244,STORE_OP00245,개성찹쌀순대해장국,서울 은평구 응암로 207,(지번) 응암동 577-45,순대
245,STORE_OP00246,초유향,서울 은평구 은평로13길 11-12,(지번) 녹번동 156-46,중화요리
246,STORE_OP00247,일미양꼬치 연신내점,서울 은평구 연서로29길 14-16,(지번) 갈현동 399-24,양꼬치
247,STORE_OP00248,카도야라멘 갈현점,서울 은평구 연서로29길 32 1층,(지번) 갈현동 430-5,일본식라면
248,STORE_OP00249,강씨네닭발,서울 은평구 연서로 178-1 1층,(지번) 대조동 220-28,실내포장마차
249,STORE_OP00250,택이네조개전골 응암점,서울 은평구 응암로 262 1층,(지번) 응암동 427-43,조개
250,STORE_OP00251,평양초계탕막국수,서울 은평구 대서문길 9,(지번) 진관동 279-86,닭요리
251,STORE_OP00252,갯벌의진주 은평점,서울 은평구 연서로29길 20-21 1층,(지번) 갈현동 402-26,조개
252,STORE_OP00253,구파발파스타,서울 은평구 진관4로 17 은평뉴타운상림마을 820동 1층 102호,(지번) 진관동 19,이탈리안
253,STORE_OP00254,노브랜드버거 연신내점,서울 은평구 통일로 827-1,(지번) 대조동 186-5,패스트푸드
254,STORE_OP00255,한명숙피자 은평점,서울 은평구 역말로 61,(지번) 역촌동 10-70,피자
255,STORE_OP00256,우빈떡볶이,서울 은평구 가좌로7길 10,(지번) 응암동 752-20,음식점
256,STORE_OP00257,종로계림닭도리탕원조 연신내점,서울 은평구 연서로29길 14-6 2층,(지번) 갈현동 399-13,닭요리
257,STORE_OP00258,술있는부엌,서울 은평구 연서로28길 16,(지번) 대조동 196-1,술집
258,STORE_OP00259,스타벅스 구파발사거리점,서울 은평구 진관3로 21,(지번) 진관동 65,커피전문점
259,STORE_OP00260,통나무집,서울 은평구 서오릉로 231,(지번) 구산동 321-96,분식
260,STORE_OP00261,국참치,서울 은평구 은평로11길 12-10 명남빌딩 1층,(지번) 응암동 85-52,참치회
261,STORE_OP00262,세븐차이나,"서울 은평구 북한산로 242 1,2층",(지번) 진관동 327,중화요리
262,STORE_OP00263,엉터리집,서울 은평구 불광로 27,(지번) 대조동 12-12,"육류,고기"
263,STORE_OP00264,오늘손칼국수앤찜 연신내점,서울 은평구 연서로 187 1층,(지번) 갈현동 461-35,국수
264,STORE_OP00265,베트남포탄마이쌀국수,서울 은평구 은평로 213,(지번) 녹번동 215,베트남음식
265,STORE_OP00266,한우천국 역촌역점,서울 은평구 진흥로 99,(지번) 역촌동 17-16,"육류,고기"
266,STORE_OP00267,쿵푸양꼬치,서울 은평구 통일로 833-4 2층,(지번) 대조동 185-10,양꼬치
267,STORE_OP00268,메밀마을,서울 은평구 연서로26길 23-1,(지번) 대조동 194-28,한식
268,STORE_OP00269,일품간장게장,서울 은평구 진흥로 125,(지번) 대조동 38-15,"게,대게"
269,STORE_OP00270,마산종가아구찜,서울 은평구 연서로 191,(지번) 갈현동 461-30,아구
270,STORE_OP00271,써브웨이 구산역점,서울 은평구 서오릉로 150,(지번) 갈현동 465-23,샌드위치
271,STORE_OP00272,오두리두부 불광본점,서울 은평구 불광로18길 10-2,(지번) 불광동 189-4,두부전문점
272,STORE_OP00273,기분케이크,서울 은평구 역말로6길 8 1층,(지번) 역촌동 60-1,"제과,베이커리"
273,STORE_OP00274,군산오징어 연신내점,"서울 은평구 연서로27길 16-5 1,2층",(지번) 갈현동 453-10,"해물,생선"
274,STORE_OP00275,진곰설렁탕,서울 은평구 증산로 345,(지번) 증산동 160-11,설렁탕
275,STORE_OP00276,보원집,서울 은평구 역말로 83-5,(지번) 역촌동 13-33,"사철탕,영양탕"
276,STORE_OP00277,타이선,서울 은평구 증산로23길 15 2층,(지번) 신사동 26-1,태국음식
277,STORE_OP00278,이차돌 은평뉴타운점,서울 은평구 통일로 1034 은평스카이뷰자이 상가동 1층 110~112호,(지번) 진관동 88-10,"육류,고기"
278,STORE_OP00279,옛날아우내순대,서울 은평구 응암로21길 22,(지번) 응암동 126-38,순대
279,STORE_OP00280,명륜진사갈비 역촌점,서울 은평구 연서로3길 40,(지번) 역촌동 68-35,갈비
280,STORE_OP00281,37.5 녹번점,서울 은평구 통일로 636 미드스퀘어 8층,(지번) 녹번동 19-121,디저트카페
281,STORE_OP00282,아재비구이,서울 은평구 갈현로 6,(지번) 신사동 20-10,"육류,고기"
282,STORE_OP00283,교동짬뽕,서울 은평구 가좌로9길 15,(지번) 응암동 590-31,중화요리
283,STORE_OP00284,백년백세전통삼계탕 은평점,서울 은평구 은평로 205-5,(지번) 녹번동 73-12,삼계탕
284,STORE_OP00285,연신내 포항물회,서울 은평구 통일로83길 15-1 1층,(지번) 갈현동 403-27,회
285,STORE_OP00286,설빙 응암역점,서울 은평구 은평로 64 2층,(지번) 신사동 23-5,디저트카페
286,STORE_OP00287,일공공,서울 은평구 통일로 833-6 대덕타워 지하1층,(지번) 대조동 185-71,북카페
287,STORE_OP00288,장충당 불광직영점,서울 은평구 통일로66길 8 1층,(지번) 불광동 281-136,"족발,보쌈"
288,STORE_OP00289,가이오국수 응암점,서울 은평구 응암로22길 13,(지번) 응암동 427-71,국수
289,STORE_OP00290,태산커피컴퍼니,서울 은평구 갈현로 76,(지번) 역촌동 55-55,커피전문점
290,STORE_OP00291,쭈꾸,서울 은평구 가좌로 256,(지번) 응암동 584-50,"해물,생선"
291,STORE_OP00292,불티나손만두 본점,서울 은평구 은평로 64,(지번) 신사동 23-5,분식
292,STORE_OP00293,구룡포자연산막회,서울 은평구 통일로66길 13,(지번) 불광동 281-36,회
293,STORE_OP00294,불광연탄생선구이,서울 은평구 진흥로 146,(지번) 녹번동 141-5,"해물,생선"
294,STORE_OP00295,KFC 응암점,서울 은평구 은평로 127,(지번) 응암동 88-10,패스트푸드
295,STORE_OP00296,탐스커버리 DMC탐스커버리점,"서울 은평구 수색로 195 1,2층",(지번) 증산동 223-13,커피전문점
296,STORE_OP00297,더킴,서울 은평구 불광천길 390-2,(지번) 응암동 585-45,카페
297,STORE_OP00298,이조가마솥설렁탕,서울 은평구 연서로 58,(지번) 역촌동 22-62,설렁탕
298,STORE_OP00299,왕십리곱창,서울 은평구 통일로 863-17 1층,(지번) 갈현동 402-8,"곱창,막창"
299,STORE_OP00300,YM에스프레소룸,서울 은평구 진관3로 67 래미안9단지 상가동 1층,(지번) 진관동 64-42,카페
300,STORE_OP00301,속초생선찜 연신내점,서울 은평구 연서로29길 30-18,(지번) 갈현동 431-1,"해물,생선"
301,STORE_OP00302,악어,서울 은평구 갈현로 7 2층,(지번) 신사동 17-10,"호프,요리주점"
302,STORE_OP00303,중국소흘,서울 은평구 통일로80길 10,(지번) 불광동 311-12,중화요리
303,STORE_OP00304,포옹싸,서울 은평구 통일로 1022 신한헤스티아2차 1층 115호,(지번) 진관동 100-1,베트남음식
304,STORE_OP00305,공화춘,서울 은평구 연서로 304,(지번) 불광동 123-11,중화요리
305,STORE_OP00306,국보 순대곱창전골,"서울 은평구 은평로11길 11-1 1~2층, 지하1층",(지번) 녹번동 160-17,순대
306,STORE_OP00307,브리아몽베이커리,서울 은평구 갈현로 15,(지번) 신사동 16-22,"제과,베이커리"
307,STORE_OP00308,슬러프커피,서울 은평구 연서로16길 15-7 1층,(지번) 역촌동 1-13,카페
308,STORE_OP00309,저스트텐동앤경양카츠 은평로점,"서울 은평구 은평로 220 녹번역e편한세상캐슬아파트 B상가 125, 126호",(지번) 응암동 50-7,일식
309,STORE_OP00310,스타벅스 은평이마트점,서울 은평구 은평로 111,(지번) 응암동 90-1,커피전문점
310,STORE_OP00311,온앤오프,"서울 은평구 증산로23길 10 1층 101,102호",(지번) 신사동 22-13,"호프,요리주점"
311,STORE_OP00312,설빙 연신내점,서울 은평구 연서로29길 3 2층,(지번) 갈현동 456-5,디저트카페
312,STORE_OP00313,만이갈비 불광점,서울 은평구 통일로69길 12,(지번) 대조동 3-41,갈비
313,STORE_OP00314,웰빙한식부페,서울 은평구 진흥로 82,(지번) 녹번동 162-8,한식뷔페
314,STORE_OP00315,스시향,서울 은평구 은평로 55,(지번) 신사동 2-20,"초밥,롤"
315,STORE_OP00316,불쭈꾸미,서울 은평구 통일로78길 22,(지번) 불광동 298-43,"해물,생선"
316,STORE_OP00317,채선당 구산점,서울 은평구 연서로 106,(지번) 역촌동 8-77,샤브샤브
317,STORE_OP00318,봉평옹심이메밀칼국수 역촌점,서울 은평구 은평로3길 9,(지번) 신사동 1-89,국수
318,STORE_OP00319,무안갯벌낙지,서울 은평구 진흥로 11,(지번) 역촌동 44-34,"해물,생선"
319,STORE_OP00320,스시웨이 은평점,서울 은평구 통일로 1010,(지번) 진관동 97-10,"초밥,롤"
320,STORE_OP00321,맥도날드 은평이마트점,서울 은평구 은평로 111 8층,(지번) 응암동 90-1,패스트푸드
321,STORE_OP00322,홍샌집,서울 은평구 은평로 167 2층,(지번) 응암동 84-11,"육류,고기"
322,STORE_OP00323,대패상회,서울 은평구 역말로 31 1층,(지번) 역촌동 48-23,삼겹살
323,STORE_OP00324,시골순대국,서울 은평구 통일로 929-5,(지번) 갈현동 391-3,순대
324,STORE_OP00325,배스킨라빈스 연신내역점,서울 은평구 통일로 855-7,(지번) 갈현동 398-7,아이스크림
325,STORE_OP00326,삼천리골토속정,서울 은평구 연서로54길 30,(지번) 진관동 347,한식
326,STORE_OP00327,경주식당 연신내점,서울 은평구 연서로27길 13-8,(지번) 갈현동 483-4,한식
327,STORE_OP00328,대파집 연신내점,서울 은평구 연서로27길 15,(지번) 갈현동 483-2,한식
328,STORE_OP00329,365돈우리 참숯무한리필,서울 은평구 서오릉로 58 1층,(지번) 녹번동 80-9,"육류,고기"
329,STORE_OP00330,노트커피,서울 은평구 서오릉로17길 18-3,(지번) 구산동 368-40,카페
330,STORE_OP00331,호림스시,서울 은평구 연서로29길 10-1,(지번) 갈현동 399-10,"초밥,롤"
331,STORE_OP00332,북한산닭명가,서울 은평구 대서문길 31,(지번) 진관동 278-28,닭요리
332,STORE_OP00333,은평왕돈까스,서울 은평구 은평로12길 7-9,(지번) 응암동 96-43,"돈까스,우동"
333,STORE_OP00334,장구통,서울 은평구 진흥로 61,(지번) 역촌동 40-52,치킨
334,STORE_OP00335,진부령황태촌 응암본점,서울 은평구 응암로21길 3,(지번) 응암동 578-95,"해물,생선"
335,STORE_OP00336,산들샤브샤브,서울 은평구 수색로 217 DMC 자이1단지 이마트 1층,(지번) 수색동 75,샤브샤브
336,STORE_OP00337,메밀촌,서울 은평구 은평로9길 5,(지번) 응암동 89-18,국수
337,STORE_OP00338,도돌이표,서울 은평구 진관3로 70 823동 상가 106호,(지번) 진관동 20,"제과,베이커리"
338,STORE_OP00339,도미노피자 은평점,서울 은평구 연서로 35,(지번) 역촌동 83-1,피자
339,STORE_OP00340,KFC 불광역점,서울 은평구 통일로 750,(지번) 불광동 267-1,패스트푸드
340,STORE_OP00341,정동진수산,서울 은평구 연서로 98-1,(지번) 역촌동 8-38,회
341,STORE_OP00342,동대문진할매닭한마리,서울 은평구 서오릉로 233,(지번) 구산동 321-95,닭요리
342,STORE_OP00343,신라갈비,서울 은평구 북한산로 281-12,(지번) 진관동 294-8,갈비
343,STORE_OP00344,오징어청춘 연신내점,서울 은평구 연서로29길 20-6,(지번) 갈현동 400-5,"해물,생선"
344,STORE_OP00345,써브웨이 연신내점,서울 은평구 연서로 215-1,(지번) 갈현동 456-3,샌드위치
345,STORE_OP00346,북한산정육연탄갈비,서울 은평구 북한산로 260,(지번) 진관동 302,갈비
346,STORE_OP00347,삼냉이골,서울 은평구 통일로65길 10-8,(지번) 대조동 15-10,"육류,고기"
347,STORE_OP00348,은평국수,서울 은평구 진흥로5길 15,(지번) 역촌동 40-7,국수
348,STORE_OP00349,큐리키즈카페,서울 은평구 진관2로 19 휴먼프라자 4층,(지번) 진관동 74,키즈카페
349,STORE_OP00350,우리할매떡볶이 녹번점,서울 은평구 응암동 51-21 녹번역e편한세상캐슬아파트 B동 124호,,떡볶이
350,STORE_OP00351,라화방,서울 은평구 연서로29길 30 1층,(지번) 갈현동 431-9,중식
351,STORE_OP00352,디저트콩콩,서울 은평구 갈현로 52 1층,(지번) 역촌동 79-54,"제과,베이커리"
352,STORE_OP00353,크라상점,서울 은평구 진관3로 11 101동 1층 110호,(지번) 진관동 60-33,"제과,베이커리"
353,STORE_OP00354,옛날토담집,서울 은평구 응암로12길 8,(지번) 응암3동 602-1,한식
354,STORE_OP00355,꼬꼬닭한마리,서울 은평구 연서로26길 9-3,(지번) 대조동 197-18,닭요리
355,STORE_OP00356,데일리 연신내,서울 은평구 연서로27길 16-9 1~4층,(지번) 갈현동 453-9,카페
356,STORE_OP00357,녹음커피바,서울 은평구 녹번로6길 5-24 다원빌딩 1층,(지번) 녹번동 27-2,커피전문점
357,STORE_OP00358,테이블도트,서울 은평구 가좌로 244,(지번) 응암동 584-37,양식
358,STORE_OP00359,명륜진사갈비 구파발점,서울 은평구 진관3로 37,(지번) 진관동 66-35,갈비
359,STORE_OP00360,정상훈식당,서울 은평구 통일로83길 18 1층,(지번) 갈현동 404-24,퓨전한식
360,STORE_OP00361,만진루,서울 은평구 응암로 307-1,(지번) 응암동 109-20,중화요리
361,STORE_OP00362,잔,서울 은평구 갈현로 72,(지번) 역촌동 55-32,일본식주점
362,STORE_OP00363,우경촌,서울 은평구 통일로78길 4-4,(지번) 불광동 301-3,한식
363,STORE_OP00364,백야양대창,서울 은평구 연서로27길 20-17 1층,(지번) 갈현동 452-3,"곱창,막창"
364,STORE_OP00365,던킨도너츠 연신내역점,서울 은평구 연서로 222 1층,(지번) 대조동 198-4,도넛
365,STORE_OP00366,미분당 연신내점,서울 은평구 연서로 211-2 1층,(지번) 갈현동 460-3,베트남음식
366,STORE_OP00367,양가응암갈매기,서울 은평구 응암로 336,(지번) 응암동 87-22,"육류,고기"
367,STORE_OP00368,무지개기사식당,서울 은평구 진흥로 120,(지번) 녹번동 144-59,기사식당
368,STORE_OP00369,등촌샤브칼국수 역촌점,서울 은평구 진흥로 43,(지번) 역촌동 42-47,샤브샤브
369,STORE_OP00370,홍어나라,서울 은평구 응암로12길 28,(지번) 응암동 752-1,한식
370,STORE_OP00371,혜원삼계탕,서울 은평구 녹번로 69,(지번) 녹번동 117-60,삼계탕
371,STORE_OP00372,이모네곱창,서울 은평구 연서로 207,(지번) 갈현동 460-14,"곱창,막창"
372,STORE_OP00373,안동유진찜닭 연신내점,서울 은평구 연서로29길 7-23,(지번) 갈현2동 456-17,닭요리
373,STORE_OP00374,수미돈카츠,서울 은평구 연서로 217,(지번) 갈현동 456-2,"돈까스,우동"
374,STORE_OP00375,롯데리아 응암오거리점,서울 은평구 응암로 177 1층,(지번) 응암동 598-4,패스트푸드
375,STORE_OP00376,성북동왕의돈까스,서울 은평구 진흥로 122,(지번) 녹번동 144-55,"돈까스,우동"
376,STORE_OP00377,사또족발,서울 은평구 증산서길 65,(지번) 증산동 209-18,"족발,보쌈"
377,STORE_OP00378,두끼떡볶이 연신내점,서울 은평구 연서로 217 2층,(지번) 갈현동 456-2,떡볶이
378,STORE_OP00379,맘스터치 은평응암점,서울 은평구 증산로 473,(지번) 신사동 23-16,패스트푸드
379,STORE_OP00380,은평한우골직거래장터,서울 은평구 북한산로 271,(지번) 진관동 297,"육류,고기"
380,STORE_OP00381,새벽숯불가든 은평점,서울 은평구 응암로 326,(지번) 응암동 103-3,"육류,고기"
381,STORE_OP00382,장어가,서울 은평구 진흥로 144,(지번) 녹번동 141-8,장어
382,STORE_OP00383,쎈카츠,서울 은평구 갈현로 39-1 신사빌딩 1층,(지번) 신사동 9-16,"돈까스,우동"
383,STORE_OP00384,봉화가마솥설렁탕,서울 은평구 연서로29길 22-17 1층,(지번) 갈현동 431-13,설렁탕
384,STORE_OP00385,도그원애견카페,서울 은평구 연서로29길 25 2층,(지번) 갈현동 452-1,애견카페
385,STORE_OP00386,원조불광가마솥,서울 은평구 통일로67길 1,(지번) 대조동 10-1,"사철탕,영양탕"
386,STORE_OP00387,쌍둥이네황소돌곱창,서울 은평구 응암로9길 16,(지번) 응암동 596-28,"곱창,막창"
387,STORE_OP00388,명랑핫도그 응암오거리점,서울 은평구 응암로 173-1 1층,(지번) 응암동 598-11,패스트푸드
388,STORE_OP00389,벤조롱,서울 은평구 불광천길 486 1층 2호,(지번) 응암동 122-33,"호프,요리주점"
389,STORE_OP00390,제주아방,서울 은평구 연서로 166 1층,(지번) 대조동 222-18,"육류,고기"
390,STORE_OP00391,미주가,서울 은평구 연서로27길 20-5 1층,(지번) 갈현동 452-12,술집
391,STORE_OP00392,아주불곱창 응암점,서울 은평구 은평로 101,(지번) 응암동 90-14,"곱창,막창"
392,STORE_OP00393,불맛감자탕,서울 은평구 응암로 172-1,(지번) 응암동 603-75,감자탕
393,STORE_OP00394,파리바게뜨 연신내역점,서울 은평구 통일로 850 1층,(지번) 불광동 310-15,"제과,베이커리"
394,STORE_OP00395,배다리생막걸리,서울 은평구 연서로29길 7-13,(지번) 갈현2동 456-13,"호프,요리주점"
395,STORE_OP00396,선식당,서울 은평구 통일로87길 6-10 1층,(지번) 갈현동 392,한식
396,STORE_OP00397,만선,서울 은평구 진흥로 201,(지번) 불광1동 285-20,일식집
397,STORE_OP00398,오늘와인한잔 연신내역점,서울 은평구 연서로27길 16-6,(지번) 갈현동 454-26,와인바
398,STORE_OP00399,더함깍뚝도새기,서울 은평구 진관2로 19 휴먼프라자 2층,(지번) 진관동 87-13,"육류,고기"
399,STORE_OP00400,온도,서울 은평구 갈현로 75,(지번) 역촌동 70-15,"호프,요리주점"
400,STORE_OP00401,스시유다까,서울 은평구 진흥로 53,(지번) 역촌동 41-50,"초밥,롤"
401,STORE_OP00402,서오릉피자 녹번점,서울 은평구 은평로 220 녹번역e편한세상캐슬아파트 상가 A동 1층 128호,(지번) 응암동 59-35,피자
402,STORE_OP00403,한우리,서울 은평구 불광로 40-7,(지번) 불광동 281-86,"육류,고기"
403,STORE_OP00404,카페다르크,서울 은평구 불광천길 450 1층,(지번) 응암동 579-32,카페
404,STORE_OP00405,배떡 연신내점,서울 은평구 통일로73길 20,(지번) 대조동 192-10,떡볶이
405,STORE_OP00406,홍대칼국수와족발 연신내점,서울 은평구 통일로 855-15 1층,(지번) 갈현동 398-1,한식
406,STORE_OP00407,24시전주명가콩나물국밥 진관점,서울 은평구 진관2로 12,(지번) 진관동 89-34,국밥
407,STORE_OP00408,고향옥얼큰순대국 구파발점,"서울 은평구 진관2로 15-8 웅신미켈란의아침상가 1층 106, 107호",(지번) 진관동 73,순대
408,STORE_OP00409,신곤지암소머리국밥,서울 은평구 진흥로 83 1층,(지번) 역촌동 27-11,국밥
409,STORE_OP00410,염창석스시 신사1호점,서울 은평구 갈현로1길 19 1층,(지번) 신사동 18-17,"초밥,롤"
