,place_code,ItemID,address,local,category
0,STORE_J0001,명동교자 본점,서울 중구 명동10길 29,(지번) 명동2가 25-36,국수
1,STORE_J0002,금돼지식당,서울 중구 다산로 149,(지번) 신당동 370-69,"육류,고기"
2,STORE_J0003,목멱산방,서울 중구 퇴계로20길 71 1층,(지번) 남산동2가 25-4,한식
3,STORE_J0004,우래옥 본점,서울 중구 창경궁로 62-29,(지번) 주교동 118-1,냉면
4,STORE_J0005,평양면옥,서울 중구 장충단로 207,(지번) 장충동1가 13,냉면
5,STORE_J0006,오장동흥남집 본점,서울 중구 마른내로 114,(지번) 오장동 101-7,냉면
6,STORE_J0007,원조만선호프 노가리체인본점,서울 중구 을지로13길 19 1층,(지번) 을지로3가 95-1,"호프,요리주점"
7,STORE_J0008,오장동함흥냉면,서울 중구 마른내로 108,(지번) 오장동 90-10,냉면
8,STORE_J0009,디라이프스타일 키친 광화문점,서울 중구 세종대로 136 파이낸스센터 지하1층 101A호,(지번) 무교동 97,양식
9,STORE_J0010,정원레스토랑 어반가든,서울 중구 정동길 12-15,(지번) 정동 28-2,이탈리안
10,STORE_J0011,하동관 명동본점,서울 중구 명동9길 12,(지번) 명동1가 10-9,곰탕
11,STORE_J0012,진주회관,서울 중구 세종대로11길 26,(지번) 서소문동 120-35,국수
12,STORE_J0013,태극당,서울 중구 동호로24길 7,(지번) 장충동2가 189-5,"제과,베이커리"
13,STORE_J0014,필동면옥,서울 중구 서애로 26,(지번) 필동3가 1-5,냉면
14,STORE_J0015,마복림떡볶이,서울 중구 다산로35길 5 1층,(지번) 신당동 292-112,떡볶이
15,STORE_J0016,을지다락,서울 중구 수표로10길 19 4층,(지번) 초동 156-9,양식
16,STORE_J0017,원조남산왕돈까스,서울 중구 소파로 107,(지번) 예장동 8-53,"돈까스,우동"
17,STORE_J0018,남포면옥,서울 중구 을지로3길 24,(지번) 다동 121-4,냉면
18,STORE_J0019,을지면옥,서울 중구 충무로 72-1,(지번) 입정동 177-1,냉면
19,STORE_J0020,진작,서울 중구 수표로12길 12 1층,(지번) 저동2가 46-27,퓨전일식
20,STORE_J0021,호랑이,서울 중구 을지로 157 대림상가 3층 라열 351호,(지번) 산림동 207-2,카페
21,STORE_J0022,산수갑산,서울 중구 을지로20길 24 1층,(지번) 인현동1가 15-4,순대
22,STORE_J0023,사랑방칼국수,서울 중구 퇴계로27길 46 1층,(지번) 충무로3가 23-1,닭요리
23,STORE_J0024,유즈라멘 만리동점,서울 중구 만리재로 217,(지번) 만리동1가 53-8,일본식라면
24,STORE_J0025,부민옥,서울 중구 다동길 24-12,(지번) 다동 177-2,한식
25,STORE_J0026,은주정,서울 중구 창경궁로8길 32,(지번) 주교동 43-23,한식
26,STORE_J0027,평래옥,서울 중구 마른내로 21-1,(지번) 저동2가 18-1,냉면
27,STORE_J0028,커피앤시가렛,서울 중구 서소문로 116 유원빌딩 17층,(지번) 서소문동 75-95,카페
28,STORE_J0029,덕수궁 리에제와플,서울 중구 덕수궁길 5 1층,(지번) 태평로2가 365,카페
29,STORE_J0030,동원집,서울 중구 을지로11길 22 1~2층,(지번) 을지로3가 96-2,감자탕
30,STORE_J0031,광화문국밥 본점,서울 중구 세종대로21길 53 1층,(지번) 정동 1-48,국밥
31,STORE_J0032,적당,서울 중구 을지로 29 1층,(지번) 을지로1가 87,디저트카페
32,STORE_J0033,호수집 원조닭꼬치,서울 중구 청파로 443,(지번) 중림동 61-4,닭요리
33,STORE_J0034,중림장,서울 중구 청파로 459-1,(지번) 중림동 468,설렁탕
34,STORE_J0035,명동교자 분점,서울 중구 명동10길 8,(지번) 명동2가 33-4,국수
35,STORE_J0036,영덕회식당,서울 중구 창경궁로1길 6,(지번) 충무로4가 56-3,회
36,STORE_J0037,커피한약방,서울 중구 삼일대로12길 16-6,(지번) 을지로2가 101-34,커피전문점
37,STORE_J0038,더하우스1932,서울 중구 만리재로35길 7,(지번) 만리동1가 62-16,카페
38,STORE_J0039,서울신라호텔 더파크뷰,서울 중구 동호로 249 1층,(지번) 장충동2가 202,뷔페
39,STORE_J0040,리사르커피로스터스,서울 중구 다산로8길 16-7 1층,(지번) 신당동 366-32,커피전문점
40,STORE_J0041,양미옥 을지로본점,서울 중구 충무로 62,(지번) 을지로3가 161,"곱창,막창"
41,STORE_J0042,두툼,서울 중구 중림로 10 삼성사이버빌리지 3동 1층 105호,(지번) 중림동 200,"육류,고기"
42,STORE_J0043,황평집,서울 중구 마른내로 74,(지번) 인현동2가 135-13,닭요리
43,STORE_J0044,무교동북어국집,서울 중구 을지로1길 38,(지번) 다동 173,"해물,생선"
44,STORE_J0045,안동장,서울 중구 을지로 124,(지번) 을지로3가 315-18,중화요리
45,STORE_J0046,청와옥 을지로3가 직영점,서울 중구 을지로 110 1층 1호,(지번) 을지로3가 346-1,순대
46,STORE_J0047,루소랩 정동점,서울 중구 정동길 17 이화정동빌딩,(지번) 정동 17-4,카페
47,STORE_J0048,애성회관,서울 중구 남대문로5길 23 대경빌딩 1층,(지번) 북창동 93-36,곰탕
48,STORE_J0049,가메골손왕만두 남대문본점,서울 중구 남대문시장4길 42,(지번) 남창동 60-2,분식
49,STORE_J0050,이나니와요스케 서울시청점,서울 중구 을지로 6 재능빌딩 1층,(지번) 을지로1가 192-11,"돈까스,우동"
50,STORE_J0051,필동함박 충무로1호점,서울 중구 퇴계로 218-16 1층,(지번) 필동2가 28-10,"스테이크,립"
51,STORE_J0052,평안도족발집,서울 중구 장충단로 174-6,(지번) 장충동1가 62-16,"족발,보쌈"
52,STORE_J0053,다전식당,서울 중구 을지로 157,(지번) 산림동 207-2,국수
53,STORE_J0054,명동돈가스,서울 중구 명동3길 8,(지번) 명동1가 59-13,"돈까스,우동"
54,STORE_J0055,촛불1978,서울 중구 소파로 95 1~3층,(지번) 예장동 8-38,이탈리안
55,STORE_J0056,금산제면소,서울 중구 소공로6길 13,(지번) 회현동2가 31-1,일식
56,STORE_J0057,르빵 명동성당점,서울 중구 명동2가 1-18 1898광장 지하 103호,,"제과,베이커리"
57,STORE_J0058,더스팟 패뷸러스,"서울 중구 명동2길 22 1,2층",(지번) 명동2가 105,커피전문점
58,STORE_J0059,챔프커피 제3작업실,서울 중구 을지로 157 대림상가 라열 3층 381호,(지번) 을지로4가 9-6,커피전문점
59,STORE_J0060,홍만당 명동본점,서울 중구 명동8길 11-6 1층,(지번) 명동2가 32-8,디저트카페
60,STORE_J0061,롯데호텔서울 라세느,서울 중구 을지로 30 롯데호텔서울 본관 1층,(지번) 을지로1가 180-6,뷔페
61,STORE_J0062,란주칼면,서울 중구 소공로 64 동남빌딩,(지번) 충무로1가 25-9,중화요리
62,STORE_J0063,경상도집,서울 중구 을지로39길 41,(지번) 을지로6가 1-17,한식
63,STORE_J0064,충무집,서울 중구 을지로3길 30-14 1층,(지번) 다동 123-1,"해물,생선"
64,STORE_J0065,미성옥,서울 중구 명동길 25-11,(지번) 명동1가 54-5,설렁탕
65,STORE_J0066,남산돈까스전문점,서울 중구 소파로 23,(지번) 남창동 203-15,"돈까스,우동"
66,STORE_J0067,농민백암순대,서울 중구 남대문로1길 33,(지번) 북창동 19-4,순대
67,STORE_J0068,르풀,서울 중구 정동길 33,(지번) 정동 1-28,샌드위치
68,STORE_J0069,충무로쭈꾸미 불고기 본점,서울 중구 퇴계로31길 11,(지번) 필동1가 3-20,한식
69,STORE_J0070,섬광,서울 중구 창경궁로1길 38 5층,(지번) 충무로4가 32-16,카페
70,STORE_J0071,부원면옥,서울 중구 남대문시장4길 41-6 부원상가 2층,(지번) 남창동 47-10,냉면
71,STORE_J0072,카페피크닉,서울 중구 퇴계로6가길 30 1층 102호,(지번) 남창동 194,카페
72,STORE_J0073,유림면,서울 중구 서소문로 139-1,(지번) 서소문동 16,국수
73,STORE_J0074,을지OB베어,서울 중구 충무로9길 12 1층,(지번) 을지로3가 95-5,"호프,요리주점"
74,STORE_J0075,사마르칸트,서울 중구 마른내로 159-21 1층,(지번) 광희동1가 120,아시아음식
75,STORE_J0076,브레라,서울 중구 다산로 41,(지번) 신당동 366-440,이탈리안
76,STORE_J0077,용금옥,서울 중구 다동길 24-2,(지번) 다동 165-1,추어
77,STORE_J0078,이북만두,서울 중구 무교로 17-13,(지번) 무교동 27,한식
78,STORE_J0079,카페마마스 센터원점,서울 중구 을지로5길 26 센터원빌딩 1층,(지번) 수하동 67,카페
79,STORE_J0080,공일부엌,서울 중구 만리재로 209 1층,(지번) 만리동1가 62-27,한식
80,STORE_J0081,그릴1492 본점,서울 중구 퇴계로 369,(지번) 신당동 250-20,"육류,고기"
81,STORE_J0082,크리스탈제이드 소공점,서울 중구 남대문로7길 16 한컴빌딩 지하1층,(지번) 소공동 7-2,중화요리
82,STORE_J0083,라칸티나,서울 중구 을지로 19 삼성빌딩 지하1층,(지번) 을지로1가 50,이탈리안
83,STORE_J0084,호박식당 본점,서울 중구 다산로 154,(지번) 신당동 340-8,"육류,고기"
84,STORE_J0085,만포막국수,서울 중구 동호로14길 2,(지번) 신당동 425-18,국수
85,STORE_J0086,장수보쌈,서울 중구 동호로 378-1 1층,(지번) 방산동 74-3,"족발,보쌈"
86,STORE_J0087,남산골산채집,서울 중구 소파로 93,(지번) 예장동 8-16,한식
87,STORE_J0088,바캉스커피,서울 중구 남대문로9길 12 9층,(지번) 다동 117,카페
88,STORE_J0089,이남장 본점,서울 중구 삼일대로12길 16 1층,(지번) 을지로2가 101-32,설렁탕
89,STORE_J0090,원할머니보쌈족발 본점,서울 중구 난계로 201 1층,(지번) 황학동 1685,"족발,보쌈"
90,STORE_J0091,커피스니퍼,서울 중구 세종대로16길 27 남양빌딩 1층 102호,(지번) 북창동 11-3,카페
91,STORE_J0092,더피터커피,서울 중구 퇴계로 411,(지번) 흥인동 63,카페
92,STORE_J0093,연길반점,서울 중구 퇴계로 42-2,(지번) 남창동 168-13,중화요리
93,STORE_J0094,양미옥 남대문점,서울 중구 남대문로5길 9-1,(지번) 북창동 93-4,"육류,고기"
94,STORE_J0095,러시아케익,서울 중구 을지로42길 7,(지번) 광희동1가 134,디저트카페
95,STORE_J0096,황소막창,서울 중구 청계천로 30,(지번) 다동 33,"곱창,막창"
96,STORE_J0097,전주옥 을지로점,서울 중구 수표로 63,(지번) 수표동 56-4,갈비
97,STORE_J0098,진고개,서울 중구 충무로 19-1,(지번) 충무로3가 30-13,한식
98,STORE_J0099,중앙식당,서울 중구 남대문시장길 22-12,(지번) 남창동 34-116,"해물,생선"
99,STORE_J0100,세광양대창 시청점,서울 중구 남대문로1길 37 1층,(지번) 북창동 19-3,"곱창,막창"
100,STORE_J0101,유가,서울 중구 퇴계로12길 70,(지번) 회현동1가 117-8,중식
101,STORE_J0102,부산복집,서울 중구 수표로2길 25,(지번) 충무로3가 57-15,복어
102,STORE_J0103,동경우동,서울 중구 충무로 48,(지번) 초동 17-1,"돈까스,우동"
103,STORE_J0104,청키면가 무교점,서울 중구 다동길 33 효광빌딩 1층,(지번) 다동 58-1,중식
104,STORE_J0105,참치공방 시청지점,서울 중구 세종대로 64 해남빌딩 1층,(지번) 북창동 21,참치회
105,STORE_J0106,광화문몽로,서울 중구 세종대로21길 40,(지번) 태평로1가 61-21,이탈리안
106,STORE_J0107,백송,서울 중구 다산로33다길 45 1층,(지번) 신당동 248-32,갈비
107,STORE_J0108,을지다방,서울 중구 충무로 72-1 2층,(지번) 입정동 177-1,다방
108,STORE_J0109,우정,서울 중구 퇴계로76길 55 1층,(지번) 신당동 304-791,떡볶이
109,STORE_J0110,다케오호르몬데판야끼,서울 중구 을지로12길 14 1층,(지번) 을지로3가 322-1,일식
110,STORE_J0111,촙촙,서울 중구 수표로 46 2층,(지번) 저동2가 2-5,베트남음식
111,STORE_J0112,창고43 무교점,서울 중구 무교로 21 더익스체인지서울 2층,(지번) 무교동 45,"육류,고기"
112,STORE_J0113,서울부띠끄,서울 중구 만리재로 209-1,(지번) 만리동1가 62-1,양식
113,STORE_J0114,진남포면옥,"서울 중구 다산로 108 청라빌딩 2,3층",(지번) 신당동 368-89,냉면
114,STORE_J0115,서울웨스틴조선호텔 아리아,서울 중구 소공로 106,(지번) 소공동 87-1,뷔페
115,STORE_J0116,뚱뚱이할머니집,서울 중구 장충단로 174-1,(지번) 장충동1가 62-10,"족발,보쌈"
116,STORE_J0117,베리 스트릿 키친,서울 중구 만리재로 205,(지번) 만리동1가 62-36,퓨전요리
117,STORE_J0118,진주집,서울 중구 남대문시장길 22-2,(지번) 남창동 34-31,곰탕
118,STORE_J0119,통통김밥 남대문시장점,서울 중구 남대문시장2가길 6-13,(지번) 남창동 50-28,분식
119,STORE_J0120,송옥,서울 중구 남대문로1길 11,(지번) 남대문로4가 17-35,국수
120,STORE_J0121,풍년닭도리탕,서울 중구 세종대로14길 17-5 1층,(지번) 북창동 18-7,닭요리
121,STORE_J0122,동원 VIP참치 서소문점,서울 중구 세종대로11길 42 부림빌딩 2층,(지번) 서소문동 120-14,참치회
122,STORE_J0123,주신당,서울 중구 퇴계로 411,(지번) 흥인동 63,칵테일바
123,STORE_J0124,심세정,서울 중구 퇴계로 409-11 1층,(지번) 흥인동 88,디저트카페
124,STORE_J0125,몽중헌 페럼타워점,서울 중구 을지로5길 19 페럼타워 지하2층,(지번) 수하동 66,중화요리
125,STORE_J0126,진미떡볶이,서울 중구 다산로38길 60,(지번) 신당동 52-33,떡볶이
126,STORE_J0127,진성한우곱창,서울 중구 다산로 243-1 1층,(지번) 무학동 2,"곱창,막창"
127,STORE_J0128,풍남원조골뱅이,서울 중구 수표로 50-1,(지번) 을지로3가 350-1,"호프,요리주점"
128,STORE_J0129,온센 SFC광화문점,서울 중구 세종대로 136,(지번) 무교동 97,"돈까스,우동"
129,STORE_J0130,국민회관,서울 중구 만리재로 209-2,(지번) 만리동1가 34,삼겹살
130,STORE_J0131,남산도담,서울 중구 수표로6길 37-1 1층,(지번) 충무로3가 28-2,한식
131,STORE_J0132,죠지 서울,서울 중구 을지로12길 6 한일빌딩 302호,(지번) 을지로3가 334-7,카페
132,STORE_J0133,덕수정,서울 중구 정동길 41,(지번) 정동 11-5,한식
133,STORE_J0134,삼곱식당 을지로점,서울 중구 을지로 114-1,(지번) 을지로3가 342-3,"곱창,막창"
134,STORE_J0135,을지깐깐,서울 중구 을지로12길 12 2층,(지번) 을지로3가 323,베트남음식
135,STORE_J0136,팔레드신,서울 중구 퇴계로 67 레스케이프호텔 6층,(지번) 회현동1가 210,중식
136,STORE_J0137,장다리곱창,서울 중구 동호로7길 13-6,(지번) 신당동 372-453,"곱창,막창"
137,STORE_J0138,우일집,"서울 중구 을지로15길 7 1,2층",(지번) 을지로3가 155-4,"곱창,막창"
138,STORE_J0139,약수동해물텀벙 약수동본점,서울 중구 다산로10길 11 1층,(지번) 신당동 367-1,아구
139,STORE_J0140,백만불식품,서울 중구 창경궁로5길 34-12,(지번) 산림동 117,"육류,고기"
140,STORE_J0141,라운드앤드,서울 중구 정동길 35 1층,(지번) 정동 11-3,"제과,베이커리"
141,STORE_J0142,초류향,서울 중구 다동길 24-10,(지번) 다동 164-2,중화요리
142,STORE_J0143,안즈,서울 중구 을지로5길 19 페럼타워빌딩 지하1층,(지번) 수하동 66,"돈까스,우동"
143,STORE_J0144,제로콤플렉스,서울 중구 퇴계로6가길 30 피크닉 3층,(지번) 남창동 194,양식
144,STORE_J0145,신당동떡볶이 삼대할먼네,서울 중구 퇴계로76길 54 1층,(지번) 신당동 302-27,떡볶이
145,STORE_J0146,금성관나주곰탕,서울 중구 남대문로 29,(지번) 남대문로3가 96,곰탕
146,STORE_J0147,빠우,서울 중구 을지로 157 대림상가 라열 3층 361호,(지번) 산림동 207-4,도넛
147,STORE_J0148,더식당 명동점,서울 중구 명동10길 36 아트박스 2층,(지번) 명동2가 31-4,"해물,생선"
148,STORE_J0149,고려삼계탕 시청본점,서울 중구 서소문로11길 1,(지번) 서소문동 55-3,삼계탕
149,STORE_J0150,영덕회식당,서울 중구 무교로 32 효령빌딩 지하1층,(지번) 무교동 1,회
150,STORE_J0151,중림동물고기,서울 중구 만리재로35길 50-1,(지번) 중림동 335,일식
151,STORE_J0152,루프트 명동점,서울 중구 삼일대로 308 조양빌딩 1층,(지번) 충무로2가 50-10,카페
152,STORE_J0153,영양센타 본점,서울 중구 명동2길 52,(지번) 충무로1가 25-32,닭요리
153,STORE_J0154,창화루,서울 중구 을지로11길 26-1 1층,(지번) 입정동 263-2,중화요리
154,STORE_J0155,달개비,서울 중구 세종대로19길 16,(지번) 정동 3-7,한식
155,STORE_J0156,을지맥옥,서울 중구 수표로 48-16,(지번) 을지로3가 344-17,"호프,요리주점"
156,STORE_J0157,쯔루하시후게츠 명동점,서울 중구 명동8길 21-5 해암빌딩 2층,(지번) 명동2가 32-27,퓨전일식
157,STORE_J0158,혜민당,서울 중구 삼일대로12길 16-9,(지번) 을지로2가 101-37,디저트카페
158,STORE_J0159,용강식당,서울 중구 을지로20길 40,(지번) 인현동2가 92-9,감자탕
159,STORE_J0160,을밀대 무교점,서울 중구 남대문로9길 40 센터플레이스 지하1층 B101~B104호,(지번) 다동 155,냉면
160,STORE_J0161,오목집 시청점,서울 중구 남대문로1길 38 1층,(지번) 북창동 60,"족발,보쌈"
161,STORE_J0162,동대닭한마리 본점,서울 중구 서애로 16-5 1층,(지번) 필동3가 10-2,닭요리
162,STORE_J0163,참숯골,서울 중구 무교로 16 체육회관 빌딩2층,(지번) 무교동 19,"육류,고기"
163,STORE_J0164,통나무집,서울 중구 마른내로6길 16,(지번) 인현동2가 211,"호프,요리주점"
164,STORE_J0165,커피사,서울 중구 을지로 142-1 3층,(지번) 을지로3가 277-3,카페
165,STORE_J0166,땡초곱창,서울 중구 퇴계로87길 54,(지번) 황학동 1218,"곱창,막창"
166,STORE_J0167,아웃백스테이크하우스 명동점,서울 중구 명동3길 36 마이티빌딩 3층,(지번) 을지로2가 199-13,패밀리레스토랑
167,STORE_J0168,행2pm8pm 와인바,서울 중구 수표로12길 10 1~3층,(지번) 저동2가 46-29,와인바
168,STORE_J0169,동원민물장어,서울 중구 세종대로14길 22-6,(지번) 북창동 75,장어
169,STORE_J0170,붓처스컷 광화문점,서울 중구 세종대로 136 서울파이낸스센터 지하2층,(지번) 무교동 97,"스테이크,립"
170,STORE_J0171,대화정진짜해장국,서울 중구 장충단로 249-20,(지번) 을지로6가 18-85,해장국
171,STORE_J0172,소담촌 약수직영점,서울 중구 동호로10길 30 약수하이츠 상가동 4층,(지번) 신당동 842,샤브샤브
172,STORE_J0173,토리아에즈 본점,서울 중구 동호로10길 13,(지번) 신당동 348-43,일본식주점
173,STORE_J0174,카페라그린,서울 중구 정동길 26 1층,(지번) 정동 32-1,카페
174,STORE_J0175,마노디셰프 명동점,서울 중구 명동길 26 유네스코빌딩 11층,(지번) 명동2가 50-14,이탈리안
175,STORE_J0176,잔,서울 중구 수표로 52 3층,(지번) 을지로3가 349-1,카페
176,STORE_J0177,참치공방 을지로점,서울 중구 남대문로 112 2~3층,(지번) 남대문로1가 22-10,참치회
177,STORE_J0178,을지분식,서울 중구 충무로5길 17 1층,(지번) 초동 106-27,분식
178,STORE_J0179,해랑스시,서울 중구 통일로 10 연세재단세브란스빌딩 지하1층,(지번) 남대문로5가 84-11,"초밥,롤"
179,STORE_J0180,명화당 명동1호점,서울 중구 명동4길 32 2층,(지번) 명동2가 55-4,분식
180,STORE_J0181,강남면옥 명동점,서울 중구 명동7길 8 미래빌딩 5층,(지번) 명동1가 48-3,냉면
181,STORE_J0182,할아버지손칼국수,서울 중구 마장로9길 37,(지번) 황학동 67,국수
182,STORE_J0183,무교동유정낙지 본점,서울 중구 세종대로21길 22 태성빌딩 1층 101호,(지번) 태평로1가 60-17,"해물,생선"
183,STORE_J0184,야래향,서울 중구 퇴계로10길 14,(지번) 회현동1가 92-16,중화요리
184,STORE_J0185,마카오도우라오 본점,서울 중구 명동길 55 태흥빌딩 2층,(지번) 명동1가 7-2,중화요리
185,STORE_J0186,미나미야마 남산점,서울 중구 소파로 105,(지번) 예장동 8-57,"돈까스,우동"
186,STORE_J0187,대원식당,서울 중구 창경궁로5길 34-26,(지번) 산림동 107,한식
187,STORE_J0188,원조남산왕돈까스 명동본점,서울 중구 명동7길 21,(지번) 을지로2가 199-40,"돈까스,우동"
188,STORE_J0189,초반식당,서울 중구 수표로6길 8-1 1층,(지번) 충무로3가 58-5,삼겹살
189,STORE_J0190,본가 을지오뎅도루묵,서울 중구 수표로 54 1층,(지번) 을지로3가 348-5,"호프,요리주점"
190,STORE_J0191,뮌헨호프,서울 중구 을지로13길 14,(지번) 을지로3가 104-5,"호프,요리주점"
191,STORE_J0192,을지육점,서울 중구 을지로12길 18-1 1층,(지번) 을지로3가 321-2,"육류,고기"
192,STORE_J0193,춘천막국수,서울 중구 다산로10길 6 1층,(지번) 신당동 368-86,국수
193,STORE_J0194,한성식당,서울 중구 서소문로11길 8,(지번) 서소문동 53-1,"곱창,막창"
194,STORE_J0195,하니칼국수,서울 중구 퇴계로 411-15 1층,(지번) 흥인동 47,국수
195,STORE_J0196,4F카페,서울 중구 을지로35길 26-1,(지번) 방산동 109-2,카페
196,STORE_J0197,성진,서울 중구 삼일대로4길 9 라이온스빌딩 1층,(지번) 충무로2가 50-6,일식집
197,STORE_J0198,꽁시면관 본점,서울 중구 명동2길 45,(지번) 충무로1가 22-13,중화요리
198,STORE_J0199,오카구라,서울 중구 을지로11길 26-5,(지번) 입정동 264-8,일본식라면
199,STORE_J0200,분카샤 을지로점,서울 중구 을지로14길 20 2층,(지번) 을지로3가 302-22,카페
200,STORE_J0201,마복림할머니 막내아들네,서울 중구 다산로 221,(지번) 신당동 292-175,떡볶이
201,STORE_J0202,곰국시집,서울 중구 무교로 24,(지번) 무교동 12-1,국수
202,STORE_J0203,종종서울,서울 중구 만리재로35길 5 1층,(지번) 만리동1가 62-16,한식
203,STORE_J0204,창고43 시청점,서울 중구 서소문로 120 ENA빌딩 1층,(지번) 서소문동 136,"육류,고기"
204,STORE_J0205,필동해물,서울 중구 필동로 30,(지번) 필동2가 97-1,실내포장마차
205,STORE_J0206,오챠드1974,서울 중구 퇴계로 373-1,(지번) 신당동 250-14,이탈리안
206,STORE_J0207,커피그래,서울 중구 동호로 204 1층,(지번) 신당동 422-1,카페
207,STORE_J0208,하이가쯔,서울 중구 동호로12길 69,(지번) 신당동 375-21,"돈까스,우동"
208,STORE_J0209,애프터저크오프,서울 중구 수표로 42-21 4층,(지번) 저동2가 15,카페
209,STORE_J0210,필동멸치국수,서울 중구 퇴계로 210-4 1층,(지번) 필동2가 15-14,국수
210,STORE_J0211,현대칼국수,서울 중구 세종대로 76,(지번) 태평로2가 69-3,국수
211,STORE_J0212,쉐이크쉑 두타점,서울 중구 장충단로 275 두타몰 1층,(지번) 을지로6가 18-12,패스트푸드
212,STORE_J0213,화포식당 시청점,서울 중구 남대문로1길 16 1층,(지번) 북창동 118,"육류,고기"
213,STORE_J0214,영미네곱창,서울 중구 마장로9길 36-1,(지번) 황학동 1785,"곱창,막창"
214,STORE_J0215,아리연,서울 중구 세종대로12길 12 해남2빌딩 지하1층,(지번) 남대문로4가 17-19,한정식
215,STORE_J0216,십분의일,서울 중구 수표로 42-9 2층,(지번) 저동2가 5-2,와인바
216,STORE_J0217,진대감 시청점,서울 중구 남대문로1길 57 1층,(지번) 태평로2가 58,"육류,고기"
217,STORE_J0218,파스타마켓,서울 중구 퇴계로 210-14,(지번) 필동2가 17-5,이탈리안
218,STORE_J0219,동대문엽기떡볶이 동대문본점,서울 중구 퇴계로75길 15 금호빌딩,(지번) 흥인동 117-7,떡볶이
219,STORE_J0220,함흥에겨울냉면,서울 중구 동호로24길 21,(지번) 장충동2가 187-14,냉면
220,STORE_J0221,아웃백스테이크하우스 동대문점,서울 중구 장충단로13길 20 현대시티아울렛점 9층,(지번) 을지로6가 17-2,패밀리레스토랑
221,STORE_J0222,오프셋커피,서울 중구 다산로20길 7,(지번) 신당동 340-83,카페
222,STORE_J0223,멘텐,서울 중구 삼일대로 305,(지번) 충무로2가 12-3,일본식라면
223,STORE_J0224,호텔수선화,서울 중구 충무로7길 17 4층,(지번) 을지로3가 302-18,카페
224,STORE_J0225,조선옥더옥,서울 중구 을지로15길 8,(지번) 을지로3가 228,한식
225,STORE_J0226,는커피,서울 중구 청구로4길 19 1층,(지번) 신당동 288-24,커피전문점
226,STORE_J0227,동강나루터,서울 중구 삼일대로12길 13,(지번) 수표동 56-10,"매운탕,해물탕"
227,STORE_J0228,1978테라스,서울 중구 소파로 95,(지번) 예장동 8-38,한식
228,STORE_J0229,한옥카페,서울 중구 남대문로 11,(지번) 남대문로4가 71-1,카페
229,STORE_J0230,독립맥주공장,서울 중구 정동길 17 이화정동빌딩 1층,(지번) 정동 17-4,"호프,요리주점"
230,STORE_J0231,하누에뜰,서울 중구 동호로 207,(지번) 신당동 357-2,"육류,고기"
231,STORE_J0232,피어커피 광희문점,"서울 중구 청구로 123 1,2층",(지번) 신당동 393-11,카페
232,STORE_J0233,강서면옥,서울 중구 세종대로11길 35,(지번) 서소문동 120-15,냉면
233,STORE_J0234,할머니순대국,서울 중구 퇴계로87길 3-1 1층,(지번) 황학동 707-2,순대
234,STORE_J0235,주옥,서울 중구 소공로 119 더플라자호텔 3층,(지번) 태평로2가 23,한식
235,STORE_J0236,아그라 센터원점,서울 중구 을지로5길 26 지하2층,(지번) 수하동 67,인도음식
236,STORE_J0237,계단집,서울 중구 퇴계로6길 35,(지번) 회현동1가 150-1,카페
237,STORE_J0238,신성식당,서울 중구 세종대로14길 22-3,(지번) 북창동 81,한식
238,STORE_J0239,mwm,서울 중구 수표로 35-1 4층,(지번) 저동2가 69-1,카페
239,STORE_J0240,우촌,서울 중구 을지로12길 24,(지번) 저동2가 10,한식
240,STORE_J0241,명동서서갈비 명동분점,서울 중구 명동10길 35-10 1층,(지번) 명동2가 23,갈비
241,STORE_J0242,스시화정,서울 중구 세종대로14길 29 2층,(지번) 북창동 12-4,"초밥,롤"
242,STORE_J0243,스타벅스 환구단점,서울 중구 소공로 112 반도조선아케이드,(지번) 소공동 87-10,커피전문점
243,STORE_J0244,희락갈치,서울 중구 남대문시장길 22-10,(지번) 남창동 34-35,"해물,생선"
244,STORE_J0245,동원VIP참치 서울시청점,서울 중구 세종대로22길 16 베스트웨스턴뉴서울호텔 2층,(지번) 태평로1가 29-1,회
245,STORE_J0246,팔선,서울 중구 동호로 249 서울신라호텔 2층,(지번) 장충동2가 202,중화요리
246,STORE_J0247,고봉삼계탕 명동본점,"서울 중구 명동7길 21 1, 2층",(지번) 을지로2가 199-40,삼계탕
247,STORE_J0248,딘타이펑 명동점,서울 중구 명동7길 13 호텔28 2층,(지번) 명동1가 59-1,중화요리
248,STORE_J0249,페스타 바이 민구,서울 중구 장충단로 60 더페스타 1층,(지번) 장충동2가 201-3,양식
249,STORE_J0250,육통령 명동본점,서울 중구 명동8나길 37-2,(지번) 충무로1가 25-36,"육류,고기"
250,STORE_J0251,파티오 알토,서울 중구 동호로12길 23,(지번) 신당동 381-3,양식
251,STORE_J0252,호남식당,서울 중구 퇴계로41길 9,(지번) 충무로4가 127-16,갈비
252,STORE_J0253,유에서유,서울 중구 수표로 65 강남빌딩 201호,(지번) 수표동 56-1,이탈리안
253,STORE_J0254,국고집,서울 중구 다산로21길 11 1층,(지번) 신당동 379-10,갈비
254,STORE_J0255,만나손칼국수,서울 중구 동호로31길 29,(지번) 충무로5가 8-2,국수
255,STORE_J0256,맥도날드 서울시청점,서울 중구 남대문로9길 51 1층,(지번) 을지로1가 32,패스트푸드
256,STORE_J0257,복성각,서울 중구 덕수궁길 7 오천회관 2층,(지번) 태평로2가 366-1,중화요리
257,STORE_J0258,오뗄두스,서울 중구 세종대로 136 파이낸스 빌딩 지하2층,(지번) 무교동 97,"제과,베이커리"
258,STORE_J0259,천향원,서울 중구 남대문로7길 33 소공빌딩 2층,(지번) 소공동 81,샤브샤브
259,STORE_J0260,문경등심,서울 중구 을지로18길 11,(지번) 인현동1가 27-2,"육류,고기"
260,STORE_J0261,동화반점 (휴업중),서울 중구 장충단로13길 7,(지번) 을지로6가 18-95,중화요리
261,STORE_J0262,남산림돈까스,서울 중구 소파로 91-1,(지번) 예장동 8-108,"돈까스,우동"
262,STORE_J0263,우미회전초밥 신당점,서울 중구 퇴계로 397,(지번) 흥인동 114,"초밥,롤"
263,STORE_J0264,한가람 본점,서울 중구 남대문로5길 25 1층,(지번) 북창동 93-35,한정식
264,STORE_J0265,다시열린하얀집,서울 중구 서애로 12-20,(지번) 충무로5가 87-3,술집
265,STORE_J0266,갯마을횟집,서울 중구 충무로14길 6-12,(지번) 입정동 162,회
266,STORE_J0267,남대문명물호떡,서울 중구 남대문로 24,(지번) 남대문로3가 27-2,간식
267,STORE_J0268,허수아비 돈까스카레전문점 정동점,서울 중구 정동길 2-2 2층,(지번) 정동 23-9,"돈까스,우동"
268,STORE_J0269,택이네조개전골 무교동점,서울 중구 다동길 24-4 1층,(지번) 다동 165-2,조개
269,STORE_J0270,성원식품,서울 중구 을지로20길 36,(지번) 인현동2가 92-10,한식
270,STORE_J0271,분카샤 충무로점,서울 중구 퇴계로31길 16 우형빌딩 4층,(지번) 충무로3가 51-7,카페
271,STORE_J0272,진동횟집,서울 중구 세종대로14길 18,(지번) 북창동 63,회
272,STORE_J0273,미즈컨테이너 시티아울렛점,서울 중구 장충단로13길 20 현대시티아울렛 동대문점 지하1층,(지번) 을지로6가 17-2,이탈리안
273,STORE_J0274,명동집,서울 중구 통일로 22-14,(지번) 남대문로5가 63-2,삼겹살
274,STORE_J0275,명동피자 명동본점,서울 중구 명동10길 41 4층,(지번) 충무로2가 7-1,피자
275,STORE_J0276,원조녹두,서울 중구 을지로11길 26-2,(지번) 입정동 272-8,한식
276,STORE_J0277,원조1호장충동할머니집,서울 중구 장충단로 174,(지번) 장충동1가 62-18,"족발,보쌈"
277,STORE_J0278,서울리스타,서울 중구 퇴계로 19 1층,(지번) 남대문로5가 84-16,"호프,요리주점"
278,STORE_J0279,국수가좋아,서울 중구 퇴계로 423,(지번) 황학동 737,국수
279,STORE_J0280,조옥당 약수본점,서울 중구 동호로12길 39 1층,(지번) 신당동 377-143,"족발,보쌈"
280,STORE_J0281,청시행,서울 중구 을지로11길 14 5층,(지번) 을지로3가 95-13,햄버거
281,STORE_J0282,한와담 광화문점,서울 중구 세종대로21길 40,(지번) 태평로1가 61-21,"육류,고기"
282,STORE_J0283,스시신조,서울 중구 퇴계로 447 황학아크로타워 132호,(지번) 황학동 2523,일식
283,STORE_J0284,스시조,서울 중구 소공로 106 서울웨스틴조선호텔 20층,(지번) 소공동 87-1,"초밥,롤"
284,STORE_J0285,보건옥,서울 중구 창경궁로8길 12,(지번) 주교동 89-1,"육류,고기"
285,STORE_J0286,강산옥,서울 중구 청계천로 196-1 2층,(지번) 주교동 56-3,한식
286,STORE_J0287,비어바나 시청점,서울 중구 남대문로9길 24 패스트파이브 2층,(지번) 다동 140,양식
287,STORE_J0288,원조짜장떡복이,서울 중구 동호로12길 96 1층,(지번) 신당동 337-55,떡볶이
288,STORE_J0289,개화,서울 중구 남대문로 52-5,(지번) 명동2가 107-1,중화요리
289,STORE_J0290,24시별내옥 가마솥설농탕,서울 중구 장충단로 193,(지번) 장충동2가 1-10,설렁탕
290,STORE_J0291,한일관 을지로점,서울 중구 을지로5길 19 페럼타워 빌딩 지하 1층,(지번) 수하동 66,한정식
291,STORE_J0292,을지로베로나,서울 중구 충무로5길 24 은광빌딩 3층,(지번) 을지로3가 320-24,디저트카페
292,STORE_J0293,홍복,서울 중구 남대문시장길 73-3,(지번) 회현동1가 202-5,중화요리
293,STORE_J0294,VIP참치,서울 중구 남대문로1길 6 은성빌딩 2층,(지번) 북창동 134-1,회
294,STORE_J0295,르템플,서울 중구 충무로7길 2,(지번) 을지로3가 295-3,양식
295,STORE_J0296,그릴데미그라스,서울 중구 삼일대로2길 50 오리엔스호텔 1층,(지번) 예장동 2-19,양식
296,STORE_J0297,시골집,서울 중구 을지로20길 36,(지번) 인현동2가 92-10,갈비
297,STORE_J0298,현대수산,서울 중구 청파로 461,(지번) 중림동 463,회
298,STORE_J0299,코인 명동점,서울 중구 명동6길 10,(지번) 명동2가 54-20,카페
299,STORE_J0300,청송옥,서울 중구 서소문로11길 14,(지번) 서소문동 52-1,국밥
300,STORE_J0301,동방명주 충무로점,서울 중구 퇴계로 186,(지번) 필동1가 37-3,중화요리
301,STORE_J0302,사마르칸트시티,서울 중구 을지로42길 16 2층,(지번) 을지로6가 35-1,아시아음식
302,STORE_J0303,오는정,서울 중구 을지로3길 29,(지번) 다동 138,갈비
303,STORE_J0304,대원집,서울 중구 을지로3길 30-4,(지번) 다동 124-2,"육류,고기"
304,STORE_J0305,을지로마포쭈꾸미,서울 중구 을지로15길 9-1,(지번) 을지로3가 202-8,"해물,생선"
305,STORE_J0306,마포대도소곱창,서울 중구 손기정로1길 42,(지번) 중림동 400-6,"곱창,막창"
306,STORE_J0307,동원VIP참치 코리아나호텔점,서울 중구 세종대로 135 코리아나호텔 3층,(지번) 태평로1가 61-1,회
307,STORE_J0308,만선호프2,서울 중구 충무로9길 12,(지번) 을지로3가 95-5,"호프,요리주점"
308,STORE_J0309,스타벅스 동대문공원점,서울 중구 장충단로 229,(지번) 광희동1가 185-1,커피전문점
309,STORE_J0310,송죽,서울 중구 수표로6길 31 1층,(지번) 충무로3가 25-1,죽
310,STORE_J0311,락희옥 을지로지점,서울 중구 을지로 101 정익빌딩 2층 201호,(지번) 을지로2가 101-11,한식
311,STORE_J0312,차돌박힌쭈꾸미,서울 중구 퇴계로16길 5,(지번) 남산동1가 7-3,한식
312,STORE_J0313,필동분식,서울 중구 퇴계로27길 14,(지번) 필동1가 3-19,"호프,요리주점"
313,STORE_J0314,베이커리텐,서울 중구 다산로33길 57 1층,(지번) 신당동 304-247,"제과,베이커리"
314,STORE_J0315,무명,서울 중구 퇴계로87길 30 1층,(지번) 황학동 656,일식
315,STORE_J0316,원흥,서울 중구 다동길 46,(지번) 다동 95,중화요리
316,STORE_J0317,락희옥 광화문지점,서울 중구 세종대로 135-7,(지번) 태평로1가 62-9,한식
317,STORE_J0318,임마지노,서울 중구 을지로12길 28 제이매크로타워 2층 204호,(지번) 저동2가 7-2,이탈리안
318,STORE_J0319,원조영락골뱅이,서울 중구 수표로 52,(지번) 을지로3가 349-1,"호프,요리주점"
319,STORE_J0320,재구네닭발,서울 중구 퇴계로84길 26-1,(지번) 신당동 132-31,닭요리
320,STORE_J0321,클래직,서울 중구 마른내로 62-1 2층,(지번) 인현동2가 99-16,카페
321,STORE_J0322,왕대박지지미촌 본점,서울 중구 퇴계로 62-1,(지번) 회현동1가 194-47,한식
322,STORE_J0323,코요테살룬 서울역점,서울 중구 퇴계로 18 대우재단빌딩 2층,(지번) 남대문로5가 526,피자
323,STORE_J0324,더 플라자 도원,서울 중구 소공로 119 더 플라자호텔 3층,(지번) 태평로2가 23,중식
324,STORE_J0325,충무로청국장,서울 중구 퇴계로41길 7 1층,(지번) 충무로4가 127-18,한식
325,STORE_J0326,빕스 제일제당센터점,서울 중구 동호로 330 지하1층,(지번) 쌍림동 292,패밀리레스토랑
326,STORE_J0327,더플레이스 광화문SFC점,서울 중구 세종대로 136 서울파이낸스센터 지하1층,(지번) 태평로1가 84,이탈리안
327,STORE_J0328,패스트리부티크 신라호텔서울,서울 중구 동호로 249 1층,(지번) 장충동2가 202,"제과,베이커리"
328,STORE_J0329,마포우사미,서울 중구 동호로 195-7,(지번) 신당동 358-14,한식
329,STORE_J0330,마루가메제면 명동점,서울 중구 명동2길 8,(지번) 명동2가 89,"돈까스,우동"
330,STORE_J0331,고씨네고추장찌개,서울 중구 수표로 26,(지번) 저동2가 48-7,"찌개,전골"
331,STORE_J0332,은호식당 남대문본점,서울 중구 남대문시장4길 28-4,(지번) 남창동 50-43,곰탕
332,STORE_J0333,루이스의사물들,서울 중구 청계천로 172-1,(지번) 주교동 148-1,카페
333,STORE_J0334,스타벅스 별다방점,서울 중구 퇴계로 100,(지번) 회현동2가 88,커피전문점
334,STORE_J0335,한미리 광화문점,서울 중구 청계천로 8 프리미어플레이스 2층,(지번) 무교동 96,한정식
335,STORE_J0336,더플레이스 서울스퀘어점,서울 중구 한강대로 416 서울스퀘어 1층,(지번) 남대문로5가 541,이탈리안
336,STORE_J0337,서울카츠,서울 중구 퇴계로 210-4,(지번) 필동2가 15-14,일식
337,STORE_J0338,동대문진짜원조 닭한마리,서울 중구 을지로43길 30 4층,(지번) 을지로6가 18-84,닭요리
338,STORE_J0339,남도식당,서울 중구 정동길 41-3,(지번) 정동 11-4,추어
339,STORE_J0340,올댓피자,서울 중구 다산로40길 15,(지번) 신당동 112-7,피자
340,STORE_J0341,뚜레쥬르 제일제당사옥점,서울 중구 동호로 330 CJ제일제당빌딩 1층,(지번) 쌍림동 292,"제과,베이커리"
341,STORE_J0342,문화옥,서울 중구 창경궁로 62-5,(지번) 주교동 118-3,설렁탕
342,STORE_J0343,북해빙수 수표점,"서울 중구 수표로 74 1,2층",(지번) 수표동 11-8,카페
343,STORE_J0344,센터커피 명동점,"서울 중구 명동길 89 1, 2층",(지번) 저동1가 91-2,카페
344,STORE_J0345,드므,서울 중구 충무로5길 24 4층,(지번) 을지로3가 320-24,와인바
345,STORE_J0346,스패뉴 시청점,서울 중구 세종대로 82 2층,(지번) 태평로2가 68-1,이탈리안
346,STORE_J0347,해우리 명동점,서울 중구 퇴계로 72 SK리더스뷰 남산상가 지하1층,(지번) 회현동1가 206,한정식
347,STORE_J0348,비꼴로,서울 중구 명동10길 7-3 2층,(지번) 명동2가 2-6,이탈리안
348,STORE_J0349,신동궁 감자탕뼈숯불구이,서울 중구 명동9길 43,(지번) 을지로2가 199-18,감자탕
349,STORE_J0350,이조식당,서울 중구 청파로103길 33,(지번) 중림동 128-23,한식
350,STORE_J0351,더랜치브루잉 을지로점,서울 중구 을지로12길 11,(지번) 을지로3가 320,술집
351,STORE_J0352,회현식당,서울 중구 퇴계로2길 9-8,(지번) 남창동 205-72,일식집
352,STORE_J0353,잼배옥,서울 중구 세종대로9길 68-9 1층,(지번) 서소문동 64-4,설렁탕
353,STORE_J0354,띤띤,서울 중구 을지로5길 26 미래에셋 센터원 지하 2층,(지번) 수하동 67,베트남음식
354,STORE_J0355,광화문양갈비,서울 중구 세종대로21길 52,(지번) 태평로1가 62-4,갈비
355,STORE_J0356,중앙연탄갈비,"서울 중구 청구로 140-1 1,2층",(지번) 신당동 228-23,갈비
356,STORE_J0357,노띵커피,서울 중구 퇴계로50길 33-2 1층,(지번) 묵정동 25-21,커피전문점
357,STORE_J0358,크랩회피쉬 장충동본점,서울 중구 동호로24길 27-4 1층,(지번) 장충동2가 24-28,회
358,STORE_J0359,계림마늘닭 충무로점,서울 중구 충무로2길 43,(지번) 충무로4가 28-5,닭요리
359,STORE_J0360,백제삼계탕,서울 중구 명동8길 8-10,(지번) 명동2가 50-11,삼계탕
360,STORE_J0361,카페마마스 시청점,서울 중구 무교로 16 체육회관빌딩 1층,(지번) 무교동 19,카페
361,STORE_J0362,헤르지아,서울 중구 소파로 97,(지번) 예장동 8-98,양식
362,STORE_J0363,어시장 전주식당,서울 중구 창경궁로 67-13,(지번) 주교동 153-2,회
363,STORE_J0364,진가와 을지로점,서울 중구 을지로5길 19 페럼타워 지하1층,(지번) 수하동 66,일식집
364,STORE_J0365,한순자손칼국수집,서울 중구 남대문시장4길 39-1,(지번) 남창동 48-12,국수
365,STORE_J0366,생활맥주 북창동점,서울 중구 남대문로1길 26-5,(지번) 북창동 71-1,"호프,요리주점"
366,STORE_J0367,신당동천팥죽,서울 중구 다산로44길 33,(지번) 신당동 120-26,죽
367,STORE_J0368,맥도날드 명동점,서울 중구 명동7길 8 1층,(지번) 명동1가 48-2,패스트푸드
368,STORE_J0369,숙희,서울 중구 삼일대로12길 27 2층,(지번) 수표동 56-22,칵테일바
369,STORE_J0370,우화식당 을지로점,서울 중구 충무로11길 18-4,(지번) 입정동 250,"해물,생선"
370,STORE_J0371,긴난,서울 중구 다산로40길 17,(지번) 신당동 112-6,일식집
371,STORE_J0372,청해,서울 중구 퇴계로36길 36-1,(지번) 필동2가 81-10,"초밥,롤"
372,STORE_J0373,한라담 무교점,서울 중구 무교로 21 더익스체인지서울 2층,(지번) 무교동 45,"육류,고기"
373,STORE_J0374,닭칼원조집,서울 중구 청파로 457-1 1층,(지번) 중림동 471,닭요리
374,STORE_J0375,서설,서울 중구 소공로 46,(지번) 회현동2가 87,장어
375,STORE_J0376,스타킹크랩,서울 중구 남대문로1길 15,(지번) 남대문로4가 17-1,"게,대게"
376,STORE_J0377,우성갈비,서울 중구 동호로7길 13 1층,(지번) 신당동 372-36,갈비
377,STORE_J0378,세븐스퀘어,서울 중구 소공로 119 프라자호텔 2층,(지번) 태평로2가 23,뷔페
378,STORE_J0379,한암동 정동점,서울 중구 정동길 21-15 정동빌딩 신관 1층,(지번) 정동 15-5,곰탕
379,STORE_J0380,전광수커피하우스 정동점,서울 중구 정동길 39,(지번) 정동 11-2,커피전문점
380,STORE_J0381,순남시래기 명동점,서울 중구 명동10길 35-20,(지번) 명동2가 4-2,한식
381,STORE_J0382,을지손칼국수,서울 중구 충무로 54-3 아리스타빌딩 1층,(지번) 을지로3가 291-45,국수
382,STORE_J0383,머리조심,서울 중구 을지로18길 25-2 문영빌딩 4층 502호,(지번) 인현동1가 37-1,와인바
383,STORE_J0384,링링,서울 중구 청구로8길 35 1층,(지번) 신당동 304-589,디저트카페
384,STORE_J0385,처가집,서울 중구 세종대로14길 6-16,(지번) 태평로2가 69-10,한정식
385,STORE_J0386,오트렉,서울 중구 퇴계로41길 43 3층,(지번) 인현동2가 192-19,양식
386,STORE_J0387,이화원,서울 중구 다산로 175 2층,(지번) 신당동 336-3,중화요리
387,STORE_J0388,도이농,서울 중구 을지로9길 16 2층,(지번) 수표동 56-12,동남아음식
388,STORE_J0389,커피앳웍스 센터원점,서울 중구 을지로5길 26 1층,(지번) 수하동 67,커피전문점
389,STORE_J0390,헤베커피,서울 중구 필동로 32 낙원빌딩 1층,(지번) 필동2가 99,카페
390,STORE_J0391,광화문해물,서울 중구 세종대로21길 65,(지번) 정동 1-53,일식
391,STORE_J0392,해남낙지,서울 중구 을지로43길 9 지하1층,(지번) 을지로6가 18-75,"해물,생선"
392,STORE_J0393,명인돈까스 본점,서울 중구 을지로12길 22,(지번) 저동2가 8,"돈까스,우동"
393,STORE_J0394,메이탄 왕십리점,서울 중구 청계천로 400,(지번) 황학동 2545,중화요리
394,STORE_J0395,잘루스,서울 중구 을지로44길 12 3층,(지번) 광희동1가 143-2,동남아음식
395,STORE_J0396,고양이놀이터 명동점,서울 중구 명동8길 37-14 3층,(지번) 충무로2가 66-4,고양이카페
396,STORE_J0397,빵굼터 약수점,서울 중구 다산로 139,(지번) 신당동 374-6,"제과,베이커리"
397,STORE_J0398,느티나무설렁탕,서울 중구 퇴계로71길 38,(지번) 신당동 251-131,설렁탕
398,STORE_J0399,송원스키야키&샤브샤브,서울 중구 세종대로18길 20-2,(지번) 북창동 14-5,샤브샤브
399,STORE_J0400,속초생태집,서울 중구 남대문로 25-17,(지번) 북창동 94-20,"해물,생선"
400,STORE_J0401,공중도시,서울 중구 충무로2길 28 301호,(지번) 충무로4가 135,카페
401,STORE_J0402,바닷가작은부엌 덕수궁점,서울 중구 덕수궁길 7 오천회관빌딩 4층,(지번) 태평로2가 366-1,"초밥,롤"
402,STORE_J0403,곱창명가,서울 중구 동호로 173 1층 111호,(지번) 신당동 372-13,"곱창,막창"
403,STORE_J0404,전주순대국,서울 중구 동호로12길 119 1층,(지번) 신당동 386-10,순대
404,STORE_J0405,장호왕곱창,서울 중구 서소문로 83,(지번) 순화동 6-16,"곱창,막창"
405,STORE_J0406,비어할레 을지점,서울 중구 을지로3길 34 산다빌딩 1층,(지번) 다동 97,"호프,요리주점"
406,STORE_J0407,을지루이스,서울 중구 수표로 20 4층,(지번) 충무로3가 24-12,카페
407,STORE_J0408,오징어풍경,서울 중구 다동길 5,(지번) 무교동 11,한식
408,STORE_J0409,을지로유카네,서울 중구 을지로12길 27-1 1층,(지번) 초동 107-10,일본식주점
409,STORE_J0410,삼곱식당 약수점,서울 중구 다산로 148,(지번) 신당동 370-76,"육류,고기"
